host_is_superhost,bathrooms,beds,minimum_nights,number_of_reviews,review_scores_rating,instant_bookable,calculated_host_listings_count,log_price,room_type_Private room,room_type_Shared room,distance_to_cbd
0,1.0,4.0,3,28,94.0,1,1,4.718498871295094,False,False,26.112984177868736
0,1.0,1.0,1,59,93.0,1,1,4.394449154672439,False,False,4.131075269724056
1,1.0,2.0,2,14,100.0,0,1,5.017279836814924,False,False,4.74461442373412
0,1.0,1.0,1,39,97.0,0,50,4.836281906951478,False,False,9.510194991437476
0,1.0,2.0,3,7,97.0,1,1,4.382026634673881,False,False,1.1950786184183042
0,1.0,1.0,1,4,90.0,0,3,5.627621113690637,False,False,25.806077415017093
0,1.0,1.0,2,2,100.0,1,1,4.110873864173311,True,False,7.167259050686075
1,1.0,1.0,1,2,90.0,1,22,4.624972813284271,False,False,3.8204780636760622
1,1.0,1.0,4,95,98.0,1,1,4.330733340286331,True,False,1.1795691202191045
0,1.0,1.0,1,100,94.0,0,7,3.713572066704308,True,False,15.99710603485909
0,1.0,1.0,1,5,100.0,0,4,3.871201010907891,True,False,12.654850508893627
0,1.0,3.0,1,17,92.0,1,21,4.867534450455582,False,False,0.8267525823159572
1,1.0,2.0,1,13,97.0,0,4,5.017279836814924,False,False,0.6554755555812979
1,2.0,3.0,3,153,98.0,1,3,5.278114659230517,False,False,3.9097386544363943
0,2.0,1.0,2,1,100.0,0,2,4.02535169073515,True,False,17.51499044076681
0,1.0,2.0,2,20,92.0,0,1,5.298317366548036,False,False,2.602893569485177
0,2.5,3.0,3,31,98.0,0,1,5.857933154483459,False,False,7.082069933227277
0,1.0,1.0,1,49,96.0,0,1,4.51085950651685,True,False,1.5052540306375684
0,1.0,1.0,1,1,100.0,1,31,5.043425116919247,False,False,1.5335294375292832
1,1.0,2.0,1,7,89.0,1,38,6.396929655216146,False,False,0.5772590557294667
1,1.0,3.0,3,21,92.0,0,20,5.075173815233827,False,False,2.9176283393731577
0,1.0,4.0,1,1,100.0,0,2,4.700480365792417,False,False,0.42212064561316487
0,1.0,1.0,3,10,100.0,0,1,4.143134726391533,True,False,43.17853437856902
1,1.0,1.0,2,33,100.0,0,1,4.574710978503383,False,False,15.202606498385254
0,1.0,4.0,1,20,83.0,0,1,4.700480365792417,False,False,16.08913061127916
0,1.0,1.0,1,200,92.0,0,7,5.087596335232384,False,False,0.7728378029109714
1,1.0,2.0,4,17,98.0,0,4,5.017279836814924,False,False,2.9399610067449324
0,1.0,3.0,2,2,100.0,1,2,4.948759890378168,True,False,32.092259736041335
0,2.0,3.0,2,8,98.0,0,2,4.574710978503383,False,False,6.275709336506144
1,2.0,4.0,3,7,97.0,1,5,4.983606621708336,False,False,1.088880856818984
0,3.0,5.0,7,13,98.0,1,1,5.771441123130016,False,False,1.4996484435224149
0,1.0,1.0,2,14,99.0,0,1,4.394449154672439,True,False,53.384772903761444
1,1.5,1.0,2,48,98.0,0,2,4.248495242049359,True,False,4.216341390242682
0,1.5,1.0,3,45,96.0,0,2,4.867534450455582,False,False,6.485958104534358
0,1.0,3.0,1,5,84.0,1,40,5.087596335232384,False,False,0.9448953357756209
0,1.5,3.0,2,46,92.0,0,1,4.61512051684126,False,False,20.007944983666984
0,1.0,1.0,2,10,90.0,1,50,4.51085950651685,False,False,4.227641274084413
0,1.0,6.0,2,38,96.0,0,2,5.017279836814924,False,False,27.868200161098166
0,1.0,2.0,1,29,90.0,1,50,5.017279836814924,False,False,6.504183315644095
1,2.0,3.0,2,48,92.0,0,13,5.087596335232384,False,False,1.3830676479927049
0,1.5,1.0,4,1,100.0,0,1,4.110873864173311,True,False,0.6449023570851952
0,1.0,1.0,1,1,80.0,0,1,4.330733340286331,False,False,5.742066007662116
0,1.0,1.0,5,1,100.0,0,1,4.23410650459726,True,False,14.06833463642791
0,1.0,2.0,1,1,60.0,0,1,4.442651256490317,False,False,5.951719084749452
0,1.0,1.0,1,1,100.0,1,5,4.77912349311153,False,False,8.505785522818018
0,1.0,1.0,2,2,100.0,0,1,5.529429087511423,False,False,2.5210029140178927
1,1.0,2.0,2,46,98.0,0,1,4.653960350157523,False,False,10.067732869802532
1,1.0,1.0,2,8,100.0,1,4,4.02535169073515,True,False,3.788622174309525
0,1.0,1.0,2,7,100.0,0,1,3.9318256327243257,True,False,4.195773888937927
1,1.0,1.0,2,118,99.0,0,1,4.74493212836325,False,False,4.45403108004219
0,2.0,1.0,1,7,80.0,1,2,4.499809670330265,True,False,3.1146267316957332
0,1.0,2.0,3,8,98.0,0,1,4.394449154672439,False,False,6.250981331723553
0,1.0,1.0,2,2,90.0,0,2,4.6913478822291435,True,False,19.568134907857875
0,1.0,2.0,1,92,93.0,0,7,4.276666119016055,True,False,16.181572843365466
0,1.0,3.0,1,8,78.0,1,38,5.25227342804663,False,False,13.885328614187555
0,1.0,4.0,3,9,91.0,1,1,5.198497031265826,False,False,16.435713593954937
0,1.5,3.0,1,2,70.0,1,1,4.07753744390572,True,False,3.1455254735514053
0,2.5,4.0,3,22,99.0,0,1,5.707110264748875,False,False,3.9285618727468785
0,2.0,3.0,1,11,95.0,1,2,5.25227342804663,False,False,6.8517738931405106
1,1.0,1.0,3,34,99.0,0,1,3.8501476017100584,True,False,4.46297928866851
1,1.0,1.0,1,89,96.0,0,1,4.574710978503383,False,False,0.6781965610775126
0,1.0,2.0,2,3,100.0,0,1,4.61512051684126,False,False,5.1452402799355506
1,1.0,3.0,1,14,97.0,1,35,5.241747015059643,False,False,0.8637841200036989
0,1.0,1.0,10,4,90.0,0,1,4.700480365792417,False,False,2.064802165196333
1,2.0,3.0,5,2,100.0,1,50,5.786897381366708,False,False,3.995242179503878
0,2.0,3.0,3,6,97.0,0,1,5.298317366548036,False,False,14.007788741411714
1,1.0,1.0,4,2,90.0,1,3,4.143134726391533,False,True,24.615581074422234
0,1.0,4.0,2,41,89.0,1,1,5.220355825078324,False,False,13.36199064142445
1,2.0,4.0,3,13,98.0,1,3,5.030437921392435,False,False,14.840760001841828
0,2.0,6.0,1,87,90.0,1,40,5.480638923341991,False,False,0.8575121510375909
0,1.0,2.0,1,19,96.0,0,1,4.61512051684126,True,False,19.516853858963803
0,1.0,3.0,1,22,95.0,1,50,5.017279836814924,False,False,0.9387414876373603
0,1.0,1.0,1,5,85.0,0,3,5.351858133476067,False,False,38.58274369788781
1,1.0,1.0,1,200,96.0,1,1,4.700480365792417,False,False,1.6775948585932614
0,1.0,1.0,2,76,92.0,0,1,4.61512051684126,False,False,3.2055015909892894
0,1.5,1.0,4,3,93.0,0,1,4.574710978503383,False,False,6.872133835862141
0,2.0,2.0,4,25,98.0,0,1,5.3981627015177525,False,False,2.10677571303355
0,1.5,1.0,1,1,60.0,1,4,4.700480365792417,False,False,6.39984704612214
0,2.0,2.0,1,3,93.0,1,1,5.298317366548036,False,False,1.8299818618354546
1,2.0,5.0,3,13,98.0,1,1,5.993961427306569,False,False,3.4082707143573527
0,1.0,1.0,2,22,87.0,1,3,3.9318256327243257,True,False,2.667487571394124
0,1.0,3.0,1,116,93.0,1,1,5.25227342804663,False,False,26.239868983962282
0,1.0,3.0,1,2,100.0,1,1,4.700480365792417,False,False,6.811423673558667
0,1.0,2.0,2,1,100.0,0,1,4.983606621708336,False,False,4.370371803333055
0,1.0,1.0,2,2,100.0,0,2,5.655991810819852,True,False,49.87074099269049
0,1.0,2.0,1,61,89.0,1,5,5.1298987149230735,False,False,0.8599844223539395
0,1.0,2.0,2,19,91.0,0,1,5.043425116919247,False,False,1.8730625028799037
1,1.0,2.0,2,18,100.0,1,1,5.017279836814924,False,False,3.661948060621463
0,1.0,1.0,1,11,93.0,1,1,4.276666119016055,True,False,0.6003088123926759
0,1.0,1.0,7,2,100.0,1,1,4.02535169073515,True,False,1.5776570661694083
1,1.0,1.0,2,28,98.0,0,1,3.9889840465642745,True,False,5.198095450494269
1,1.0,3.0,2,63,97.0,1,2,4.795790545596741,False,False,43.38256930700514
1,1.0,2.0,2,34,96.0,0,2,5.529429087511423,False,False,64.44411415004564
1,1.0,1.0,1,20,94.0,0,2,4.330733340286331,True,False,14.3202737481646
0,2.0,2.0,1,13,80.0,1,50,5.087596335232384,False,False,2.1846749807753354
1,1.0,2.0,1,12,98.0,0,4,4.795790545596741,False,False,1.4308894899949796
0,1.0,3.0,1,18,91.0,1,21,4.787491742782046,False,False,0.7518461260851614
0,1.0,1.0,3,1,100.0,1,17,4.204692619390966,True,False,1.9755536739401833
0,1.0,1.0,1,6,100.0,0,1,4.30406509320417,False,False,3.56642460480133
1,1.0,2.0,2,21,99.0,1,5,4.700480365792417,False,False,0.6508209199831416
0,1.0,1.0,3,3,100.0,1,1,4.110873864173311,True,False,6.938228631622951
0,2.0,3.0,1,1,60.0,1,2,5.707110264748875,False,False,0.9971079754140986
1,1.0,1.0,2,91,99.0,0,2,4.875197323201151,False,False,34.71744413883633
0,1.0,1.0,1,4,100.0,0,3,3.713572066704308,True,False,47.34260477195562
0,1.0,2.0,2,80,94.0,0,1,4.836281906951478,False,False,5.4457383649381494
0,1.0,1.0,30,1,100.0,1,1,3.367295829986474,True,False,23.640531677113025
1,1.0,1.0,2,63,96.0,0,1,5.017279836814924,False,False,0.25903906924841963
0,1.0,2.0,1,39,86.0,1,1,5.14166355650266,False,False,0.44944530396540266
0,1.0,1.0,3,27,92.0,1,3,4.330733340286331,True,False,13.41892366227348
0,1.5,1.0,1,3,100.0,0,2,3.713572066704308,True,False,19.332172708551365
0,2.0,2.0,1,19,91.0,1,36,5.424950017481403,False,False,1.2892003815283717
0,1.0,1.0,5,3,90.0,0,1,4.442651256490317,False,False,6.823591000769088
0,1.0,1.0,2,2,60.0,0,2,4.189654742026425,False,False,4.957538750328131
1,1.0,1.0,1,38,98.0,0,1,4.02535169073515,True,False,23.341761707494566
1,1.0,2.0,2,51,94.0,0,3,4.442651256490317,True,False,1.8409275568404269
0,1.0,1.0,3,2,100.0,1,1,4.795790545596741,False,False,6.58887453713572
0,1.0,1.0,1,1,100.0,0,1,4.574710978503383,False,False,1.0996816748641343
0,1.0,1.0,7,15,91.0,0,5,3.6375861597263857,True,False,5.038517442553678
0,1.0,2.0,1,26,94.0,1,50,4.787491742782046,False,False,0.7192301817854228
1,2.0,5.0,4,14,93.0,0,1,4.3694478524670215,False,False,11.560828222090734
0,3.5,3.0,2,69,96.0,1,1,6.311734809152915,False,False,2.9610887371747148
0,1.0,2.0,1,200,91.0,1,50,4.787491742782046,False,False,0.7057949214289879
0,1.0,1.0,1,2,70.0,1,3,3.9889840465642745,True,False,9.985383461257468
1,1.0,1.0,3,3,87.0,0,4,4.110873864173311,True,False,18.85729594470073
0,1.0,3.0,1,74,89.0,1,2,4.61512051684126,False,False,1.8646222942505704
0,2.0,7.0,3,2,100.0,1,1,5.204006687076795,False,False,28.76888963520133
0,1.0,1.0,4,8,97.0,0,23,5.075173815233827,False,False,3.802379367890578
0,1.0,2.0,2,32,90.0,0,1,4.02535169073515,False,False,8.083178025172328
0,1.0,1.0,2,2,100.0,0,1,4.875197323201151,False,False,6.520978040641464
1,1.0,1.0,1,6,97.0,1,4,5.075173815233827,True,False,4.740943529680483
0,2.0,1.0,7,9,98.0,0,1,4.276666119016055,False,False,14.389830014496987
0,1.0,2.0,3,11,78.0,1,1,4.61512051684126,False,False,1.2041194544737817
1,1.0,1.0,1,26,98.0,1,1,4.189654742026425,True,False,33.28090579385627
1,1.0,3.0,3,29,98.0,0,1,4.9344739331306915,False,False,11.944185688468613
0,1.0,1.0,5,12,98.0,1,2,5.017279836814924,True,False,10.316745753422135
0,1.0,1.0,5,2,100.0,1,1,4.795790545596741,False,False,3.715525840749964
0,1.0,1.0,2,2,90.0,0,2,3.9889840465642745,True,False,19.682220411612406
1,1.5,1.0,2,84,98.0,0,1,4.795790545596741,False,False,8.94994808778481
0,1.5,1.0,1,3,73.0,1,7,3.8501476017100584,True,False,17.935073021313013
1,1.0,2.0,1,76,100.0,0,1,4.68213122712422,True,False,5.638820164877229
0,1.0,1.0,1,2,100.0,1,2,4.07753744390572,True,False,39.02958254265752
1,1.0,1.0,1,6,100.0,0,2,3.8501476017100584,True,False,7.885174672987934
0,1.0,1.0,2,94,91.0,1,1,4.624972813284271,False,False,7.276882636692894
1,1.0,1.0,1,140,97.0,1,35,5.241747015059643,False,False,0.9408438575945522
0,1.0,1.0,1,2,60.0,1,5,3.713572066704308,True,False,9.245391253491956
0,2.0,2.0,6,2,100.0,0,2,4.795790545596741,False,False,3.7949482250796462
0,1.0,1.0,7,17,95.0,0,1,4.59511985013459,False,False,3.4797026608341213
0,1.0,1.0,30,5,100.0,1,1,3.9512437185814275,True,False,4.324250578921968
1,1.0,1.0,2,9,93.0,0,1,4.51085950651685,False,False,6.69726214372846
1,1.0,1.0,2,36,97.0,0,1,4.276666119016055,True,False,1.0185564400523277
1,2.0,2.0,1,25,95.0,1,17,5.25227342804663,False,False,4.7697873492535035
0,1.0,2.0,3,17,99.0,0,1,4.02535169073515,True,False,6.200385143188488
0,2.5,2.0,1,11,100.0,1,15,5.14166355650266,False,False,1.920471998821438
0,1.0,1.0,3,1,100.0,1,1,4.61512051684126,True,False,2.1952552041403663
0,1.5,2.0,3,1,80.0,1,14,3.258096538021482,False,True,21.603025277309804
1,1.0,1.0,4,16,99.0,0,1,4.02535169073515,True,False,6.478583219806291
0,1.0,1.0,2,6,87.0,0,3,4.983606621708336,False,False,1.8308156559790258
1,1.0,1.0,2,40,99.0,0,1,4.442651256490317,False,False,6.850167608357084
1,1.0,1.0,5,80,93.0,1,1,4.852030263919617,False,False,0.2500027347467065
1,1.0,1.0,1,161,97.0,1,1,4.700480365792417,True,False,0.830748629993694
0,1.0,1.0,7,10,100.0,0,4,3.4339872044851463,True,False,14.031707055326416
1,1.0,3.0,2,33,95.0,1,9,4.919980925828125,False,False,6.788034066527516
0,1.0,3.0,2,3,87.0,0,21,5.231108616854587,False,False,1.79585837938636
0,1.0,1.0,4,3,93.0,0,1,4.574710978503383,False,False,7.379195044536623
0,1.0,1.0,3,2,100.0,0,1,4.948759890378168,False,False,3.4465441988750007
0,1.0,2.0,3,2,100.0,1,1,4.983606621708336,False,False,4.440219087940996
0,1.5,3.0,2,13,100.0,0,1,5.1647859739235145,False,False,4.729783297584152
0,1.5,3.0,2,5,92.0,1,1,5.030437921392435,False,False,10.881089739032417
0,1.0,1.0,1,3,80.0,1,1,4.795790545596741,False,False,4.30162709182509
0,1.0,1.0,1,3,90.0,1,3,4.61512051684126,False,False,3.0048163586638323
1,1.0,1.0,3,58,98.0,0,1,4.02535169073515,True,False,7.314468010004334
0,1.0,1.0,4,18,94.0,0,3,3.713572066704308,True,False,6.56526713122604
0,1.0,2.0,1,5,95.0,1,1,4.394449154672439,True,False,37.25752158088055
0,1.0,2.0,1,13,86.0,1,36,4.762173934797756,False,False,2.30475819826648
1,1.0,1.0,2,14,97.0,0,1,4.330733340286331,True,False,3.147663643236145
0,2.0,2.0,1,1,100.0,0,1,3.8501476017100584,True,False,14.03319286278952
0,1.0,1.0,6,7,97.0,1,1,4.442651256490317,False,False,6.352133181310394
1,1.0,1.0,1,4,95.0,1,38,6.396929655216146,False,False,0.6433920029154985
0,1.5,1.0,1,5,96.0,1,1,3.7612001156935624,True,False,14.322151002353937
0,1.5,1.0,1,2,90.0,0,2,4.110873864173311,True,False,4.0067671146710815
0,1.0,2.0,1,6,87.0,0,6,4.51085950651685,True,False,14.157372740034171
1,1.0,1.0,2,47,99.0,1,1,4.867534450455582,False,False,2.776585377525164
0,1.0,1.0,7,10,88.0,0,1,4.574710978503383,False,False,4.809833048316061
0,1.0,3.0,2,7,94.0,0,1,5.703782474656201,False,False,2.535002060298872
0,1.0,1.0,2,107,90.0,1,5,4.836281906951478,False,False,1.4787075275541117
0,1.0,2.0,2,2,100.0,1,16,5.25227342804663,False,False,0.823378678287879
0,1.0,3.0,2,7,100.0,0,2,5.375278407684165,False,False,2.2549738344375223
0,1.0,1.0,3,10,88.0,1,1,4.624972813284271,False,False,3.6803075543517068
0,3.5,2.0,5,1,100.0,0,1,6.54534966033442,False,False,8.073344857098395
0,1.0,1.0,1,2,100.0,1,1,4.02535169073515,True,False,54.00049351926636
0,1.0,1.0,2,4,100.0,1,1,5.293304824724492,False,False,35.09093523315992
0,1.0,2.0,2,6,100.0,1,1,4.787491742782046,False,False,0.5612620207782311
1,1.5,2.0,3,4,100.0,1,2,4.795790545596741,False,False,4.982828415334269
1,1.0,2.0,2,116,98.0,1,3,5.1647859739235145,False,False,1.1317784825500075
0,1.0,4.0,5,1,100.0,0,1,5.860786223465865,False,False,1.1660057515650677
0,3.5,6.0,1,30,86.0,1,4,5.993961427306569,False,False,38.24991314089478
0,1.0,3.0,1,70,95.0,1,4,5.135798437050262,False,False,0.751675914558156
1,2.0,1.0,1,1,100.0,0,2,4.5217885770490405,False,False,2.003462474964451
0,1.5,2.0,4,8,95.0,1,1,5.860786223465865,False,False,2.0225023997492046
0,1.0,3.0,3,71,94.0,1,1,4.867534450455582,False,False,6.426653666652462
0,1.0,1.0,1,8,95.0,0,1,3.9318256327243257,True,False,11.575968619598674
0,1.0,1.0,30,1,80.0,0,1,4.9344739331306915,False,False,2.779143442493085
0,1.0,2.0,1,9,98.0,1,36,4.836281906951478,False,False,1.621542987750028
0,2.5,5.0,7,1,100.0,0,1,6.2166061010848646,False,False,6.976265089768102
0,2.0,4.0,7,1,100.0,0,6,5.638354669333745,False,False,29.167381609912027
1,1.0,2.0,2,1,80.0,0,4,4.51085950651685,True,False,5.937414872995243
0,1.0,1.0,1,1,100.0,1,1,4.919980925828125,False,False,4.258921300545604
0,1.0,1.0,1,12,92.0,1,2,3.8501476017100584,True,False,39.00803274721683
0,1.0,3.0,3,83,96.0,1,1,5.135798437050262,False,False,0.9424671859882501
0,1.0,1.0,1,8,100.0,0,1,4.51085950651685,True,False,0.6544233700360522
0,1.0,1.0,1,3,100.0,1,1,3.5263605246161616,True,False,3.8706403634129405
0,1.0,1.0,2,23,96.0,1,50,4.919980925828125,False,False,2.214604197434842
0,1.0,1.0,1,65,95.0,1,2,4.574710978503383,False,False,0.33283834640419735
0,1.0,2.0,2,9,89.0,0,42,4.700480365792417,False,False,5.167748856569099
1,3.0,1.0,6,7,100.0,1,9,3.58351893845611,True,False,5.9601331022165445
0,1.5,3.0,5,5,95.0,0,3,4.948759890378168,False,False,6.532989573798539
1,1.0,1.0,4,31,96.0,1,2,4.394449154672439,False,False,13.504848025875035
1,2.0,3.0,3,1,100.0,1,2,5.1647859739235145,False,False,4.445173339776409
0,1.0,1.0,2,2,100.0,1,1,5.940171252720432,True,False,3.654909223885707
1,1.0,2.0,2,14,97.0,0,1,3.6375861597263857,True,False,21.815566375965382
0,1.0,1.0,3,7,100.0,0,2,4.442651256490317,True,False,1.7056385575197466
0,1.0,1.0,1,11,91.0,1,4,3.713572066704308,True,False,17.705512645422296
0,1.0,3.0,4,47,91.0,1,1,4.700480365792417,False,False,11.878444916260003
1,1.5,1.0,1,20,100.0,0,4,4.02535169073515,True,False,13.819594070647582
0,1.0,2.0,4,1,100.0,0,1,5.62040086571715,False,False,3.3642521892921833
0,1.0,1.0,5,3,80.0,1,1,3.713572066704308,True,False,6.571169673909181
0,1.0,1.0,7,1,100.0,1,1,4.02535169073515,True,False,0.47166904434964857
0,2.0,2.0,2,2,70.0,0,1,4.61512051684126,False,False,5.970968702289821
0,1.0,2.0,1,39,91.0,1,50,4.795790545596741,False,False,0.40033364182572095
0,1.0,3.0,1,29,93.0,1,5,3.8066624897703196,True,False,6.03654551284656
1,1.0,1.0,1,17,94.0,0,1,3.58351893845611,True,False,20.883357639226865
0,1.0,1.0,3,4,100.0,0,1,4.442651256490317,True,False,8.045061155061449
0,1.5,1.0,3,5,96.0,0,1,4.143134726391533,True,False,0.7807049284470425
1,1.0,3.0,4,54,96.0,1,1,4.61512051684126,False,False,19.174590445788215
0,1.0,1.0,3,39,99.0,0,1,5.135798437050262,False,False,6.417829437618161
0,1.0,2.0,4,17,93.0,0,1,5.25227342804663,False,False,1.816063549742974
0,1.0,3.0,4,6,96.0,1,1,4.700480365792417,False,False,4.193595835871199
0,1.0,1.0,3,3,80.0,0,1,4.7535901911063645,False,False,2.247672276828407
0,1.0,1.0,2,2,70.0,0,2,3.4339872044851463,True,False,11.496198688000426
0,1.5,1.0,2,3,70.0,1,2,4.700480365792417,True,False,2.3487866066396914
0,1.0,1.0,1,5,88.0,0,17,4.02535169073515,True,False,1.9594680237685267
0,1.5,1.0,2,3,93.0,1,1,4.276666119016055,True,False,6.169101803115854
0,1.0,1.0,1,3,100.0,1,1,3.4339872044851463,False,False,3.4457869530469187
0,2.0,3.0,2,18,81.0,1,10,5.393627546352362,False,False,0.8416343608322865
0,1.0,1.0,2,16,96.0,0,1,4.61512051684126,False,False,1.3106302959932368
0,1.0,2.0,7,2,100.0,1,1,4.276666119016055,False,False,10.527321683043416
1,1.0,1.0,2,14,99.0,0,1,3.4011973816621555,True,False,29.58988884780804
0,1.0,2.0,2,18,86.0,0,1,5.017279836814924,False,False,0.44313586874392136
0,2.0,1.0,1,10,100.0,1,9,3.9318256327243257,True,False,8.762626062377011
1,1.0,3.0,2,34,95.0,0,1,4.795790545596741,False,False,7.599730624688208
0,1.0,1.0,2,12,95.0,1,1,4.442651256490317,False,False,8.528086881849417
0,2.5,3.0,1,42,88.0,0,26,5.049856007249537,False,False,14.920759333944876
1,1.0,2.0,3,7,93.0,0,10,5.087596335232384,False,False,5.354254636266227
0,2.0,2.0,2,14,99.0,0,3,5.017279836814924,False,False,7.112013769855039
0,1.5,1.0,1,6,97.0,1,6,3.4339872044851463,True,False,22.26573439954847
0,2.0,2.0,3,21,89.0,0,1,5.0689042022202315,False,False,8.185153802155462
1,1.0,1.0,1,16,96.0,1,2,4.663439094112067,False,False,3.8755718777709864
0,2.0,3.0,1,158,88.0,1,40,5.111987788356544,False,False,0.7245448833912791
1,2.0,3.0,1,18,93.0,1,38,6.68586094706836,False,False,0.707850167982048
0,2.0,4.0,1,2,100.0,1,4,6.68586094706836,False,False,3.892035515951219
0,1.0,1.0,1,2,100.0,1,1,4.394449154672439,True,False,2.616416436880995
1,1.5,3.0,3,9,95.0,1,2,5.25227342804663,False,False,10.0271416231585
0,1.0,2.0,1,33,99.0,0,1,4.61512051684126,True,False,3.9743699355300346
0,1.0,2.0,2,72,91.0,0,50,5.231108616854587,False,False,6.137392888994289
0,2.0,2.0,1,4,85.0,1,2,5.14166355650266,False,False,1.4336150956169373
1,1.0,1.0,1,34,97.0,1,2,4.248495242049359,True,False,2.725159121007988
0,1.0,2.0,7,1,80.0,1,1,4.584967478670572,False,False,5.64570908106902
0,2.0,1.0,4,7,91.0,0,1,4.02535169073515,True,False,0.8850270284551538
0,1.0,1.0,1,4,85.0,1,1,3.4339872044851463,True,False,1.2711146631963703
0,2.5,3.0,1,1,100.0,0,8,6.045005314036012,True,False,22.592793347546934
0,1.0,1.0,1,7,93.0,1,2,3.6375861597263857,True,False,1.8255641429319565
1,1.0,1.0,1,12,93.0,0,1,4.330733340286331,True,False,0.8154423287489381
0,1.5,1.0,1,23,96.0,1,1,3.9318256327243257,True,False,8.18964047483009
0,1.0,1.0,1,44,88.0,1,3,4.204692619390966,True,False,2.033632145594751
1,1.5,3.0,1,19,97.0,0,1,4.890349128221754,False,False,8.585514147776124
0,1.0,2.0,5,1,100.0,1,50,4.68213122712422,False,False,0.5258103694604336
1,1.0,2.0,7,1,80.0,0,3,4.5217885770490405,False,False,5.878318905950845
1,2.0,2.0,2,25,97.0,1,1,4.948759890378168,False,False,5.357189444095624
0,1.0,2.0,3,2,80.0,1,1,4.61512051684126,False,False,4.868708158306991
0,1.0,2.0,1,10,82.0,1,36,4.700480365792417,False,False,0.6756252247090496
0,1.0,1.0,2,15,96.0,1,2,4.700480365792417,False,False,0.9230447676440455
0,1.0,2.0,1,5,76.0,1,50,4.836281906951478,False,False,1.4148737368579356
0,1.0,2.0,3,7,97.0,1,50,5.087596335232384,False,False,3.956338060976228
0,1.0,2.0,3,4,90.0,0,1,4.574710978503383,False,False,7.663279529354515
1,1.0,2.0,1,57,100.0,1,1,4.330733340286331,True,False,64.89413841511683
0,1.0,1.0,1,22,96.0,1,2,4.700480365792417,False,False,0.5963035469265879
1,1.0,4.0,4,44,97.0,0,1,4.9344739331306915,False,False,14.381709167413902
0,1.0,2.0,1,53,86.0,1,1,5.529429087511423,False,False,0.8584252476597961
1,1.0,2.0,1,95,99.0,0,6,5.135798437050262,False,False,0.5236227776400079
0,1.0,2.0,1,2,100.0,0,9,5.017279836814924,False,False,1.8519994648585345
1,2.0,4.0,3,29,98.0,1,2,5.707110264748875,False,False,2.32693026711436
0,1.5,1.0,1,17,99.0,0,1,3.6109179126442243,True,False,5.952734586906283
0,1.0,2.0,14,11,90.0,0,5,4.867534450455582,False,False,0.4850142189692242
0,1.0,2.0,2,20,94.0,1,2,5.017279836814924,False,False,4.63975443211432
1,1.0,2.0,2,159,95.0,1,50,4.61512051684126,False,False,5.171016728787097
0,1.0,1.0,7,18,92.0,0,1,4.700480365792417,False,False,5.954682202595061
1,1.0,1.0,3,151,100.0,1,5,5.087596335232384,False,False,0.7353849580494579
0,1.0,3.0,6,3,100.0,0,1,4.7535901911063645,False,False,8.519022827890499
0,1.0,1.0,1,2,90.0,0,1,3.713572066704308,True,False,8.105154049509236
0,2.0,3.0,1,40,93.0,1,24,5.231108616854587,False,False,0.6026815697662493
1,1.0,1.0,1,64,97.0,1,4,4.700480365792417,False,False,0.7164467610628403
0,2.0,4.0,1,31,90.0,1,3,5.135798437050262,False,False,0.8706560822448342
1,1.0,4.0,1,38,95.0,1,1,5.1647859739235145,False,False,24.189164663420918
0,1.0,3.0,2,6,97.0,1,47,5.153291594497779,False,False,10.85608059150611
0,1.0,1.0,5,2,80.0,0,1,4.394449154672439,True,False,1.2487295885606846
0,2.5,4.0,3,4,100.0,1,3,6.311734809152915,False,False,21.553903316253706
0,2.0,1.0,1,2,100.0,1,2,4.330733340286331,True,False,1.8705085927622924
0,1.5,2.0,2,3,80.0,1,1,4.875197323201151,False,False,0.564995332805403
1,2.0,2.0,1,24,94.0,1,2,5.003946305945459,False,False,2.3525180858136863
0,1.0,1.0,1,172,93.0,0,7,5.298317366548036,False,False,0.9201562006313423
1,1.0,2.0,1,23,98.0,1,1,4.189654742026425,True,False,28.438925192358653
0,1.0,1.0,7,2,80.0,1,2,3.8501476017100584,True,False,1.422337709051431
1,2.0,2.0,3,19,93.0,0,2,4.875197323201151,False,False,4.747596758563029
0,1.0,1.0,1,5,100.0,1,1,3.713572066704308,True,False,27.18959418088212
0,1.0,1.0,2,8,100.0,1,1,4.795790545596741,False,False,6.71173568127512
0,1.5,1.0,2,29,94.0,0,3,3.9318256327243257,True,False,6.493951450739966
0,1.0,1.0,10,1,100.0,0,2,3.713572066704308,True,False,7.083885549865403
0,1.0,2.0,2,30,85.0,1,1,4.61512051684126,False,False,6.014352794662174
0,1.0,2.0,5,2,100.0,0,1,4.204692619390966,False,False,3.692424447381136
0,1.0,1.0,1,16,99.0,0,1,4.442651256490317,True,False,3.4207267842091293
0,1.0,1.0,30,16,100.0,0,1,4.23410650459726,True,False,6.356434700609278
1,1.5,2.0,4,7,97.0,0,5,4.9344739331306915,False,False,40.40818624224225
0,2.5,3.0,3,9,93.0,0,1,6.68586094706836,False,False,3.179686183624003
0,1.0,1.0,3,2,90.0,1,1,3.58351893845611,True,False,6.3957616031200475
1,1.0,1.0,1,30,96.0,0,1,4.795790545596741,False,False,6.055697673900453
0,1.0,1.0,7,4,80.0,1,1,4.61512051684126,False,False,3.592310003230967
1,1.0,2.0,3,51,99.0,1,5,5.278114659230517,False,False,4.409924653125245
1,1.0,1.0,1,16,96.0,1,3,4.110873864173311,True,False,4.386131570150696
0,1.0,2.0,3,11,96.0,0,2,4.875197323201151,True,False,1.9453279656951206
0,3.0,6.0,2,42,91.0,1,1,5.703782474656201,False,False,18.187655815280397
1,2.0,5.0,2,12,98.0,1,10,6.2166061010848646,False,False,1.0534269364426025
0,1.0,2.0,1,1,60.0,0,1,3.713572066704308,True,False,14.056531455539666
0,1.0,1.0,4,1,100.0,0,1,4.836281906951478,False,False,3.333945845471364
0,1.0,4.0,2,99,99.0,1,2,5.198497031265826,False,False,2.1138559998936413
0,1.0,1.0,1,36,87.0,1,3,3.8918202981106265,False,False,16.11060044559812
0,1.0,2.0,2,10,90.0,0,1,4.51085950651685,False,False,3.7966922239383525
0,1.0,1.0,1,1,100.0,1,2,4.276666119016055,True,False,13.193663794622285
0,1.0,1.0,3,2,100.0,0,1,3.8918202981106265,True,False,8.04407666295437
0,1.0,2.0,1,13,100.0,1,1,4.189654742026425,True,False,40.39370491424609
1,1.0,3.0,1,98,97.0,0,1,4.442651256490317,True,False,22.518248089485343
1,1.0,3.0,2,104,99.0,0,1,4.836281906951478,False,False,47.24890729054935
1,1.0,3.0,3,13,98.0,0,2,5.351858133476067,False,False,0.3513790067745024
0,1.5,1.0,1,3,93.0,1,1,3.58351893845611,True,False,7.369534586507029
0,1.0,3.0,2,2,90.0,1,15,4.955827057601261,False,False,14.369229715874654
1,1.5,2.0,2,4,100.0,0,2,5.799092654460526,False,False,35.59332447791094
0,2.0,4.0,2,22,87.0,0,22,5.017279836814924,False,False,3.73837511386456
0,1.0,1.0,3,1,100.0,1,1,4.330733340286331,False,False,6.124266979157829
0,1.0,1.0,6,13,91.0,0,1,4.442651256490317,False,False,13.433827445279748
0,1.0,1.0,3,2,80.0,1,1,4.330733340286331,False,False,3.644864383459527
0,1.0,1.0,3,6,100.0,0,1,4.248495242049359,True,False,5.555622769528555
0,1.0,1.0,2,39,98.0,0,1,4.189654742026425,True,False,0.4480452325800205
0,1.0,1.0,2,6,90.0,1,16,4.948759890378168,False,False,0.5093478299626026
0,1.0,1.0,1,23,96.0,0,1,4.51085950651685,True,False,13.318047364091411
0,1.0,1.0,2,140,96.0,0,50,5.087596335232384,False,False,2.397890244793187
0,2.0,3.0,2,1,100.0,0,2,4.442651256490317,False,False,6.956325781465869
0,1.0,1.0,1,14,98.0,1,1,5.25227342804663,False,False,46.928853393251615
0,1.0,2.0,1,145,95.0,1,50,4.74493212836325,False,False,0.9299668015418193
0,1.0,1.0,1,39,98.0,0,1,3.9318256327243257,True,False,5.304601592679487
0,1.0,2.0,1,7,94.0,0,1,4.02535169073515,True,False,7.5500221416411275
1,1.0,2.0,1,32,99.0,0,2,4.867534450455582,False,False,0.522091075644913
1,1.0,2.0,2,99,98.0,0,1,4.276666119016055,False,False,5.162179470320225
0,1.0,4.0,2,70,89.0,0,2,5.017279836814924,False,False,1.0055031085370123
0,1.0,1.0,2,1,100.0,0,1,4.290459441148391,False,True,1.4989267595075895
0,1.0,1.0,1,6,90.0,0,1,4.189654742026425,True,False,10.007769385515475
1,1.0,1.0,1,3,100.0,0,3,4.394449154672439,True,False,5.6280910877253785
1,2.5,4.0,2,18,99.0,0,1,5.017279836814924,False,False,31.679171630221823
0,1.5,1.0,1,4,100.0,0,4,4.795790545596741,False,False,0.9106742797592953
0,3.0,7.0,2,3,93.0,0,1,6.68586094706836,False,False,39.60224024161438
1,1.5,2.0,2,148,97.0,1,17,5.3471075307174685,False,False,1.9251073257365965
0,1.0,1.0,5,80,85.0,1,3,4.5217885770490405,False,False,0.837982836040955
1,1.0,1.0,2,62,98.0,0,1,4.276666119016055,True,False,1.8699403507673273
0,1.0,2.0,2,6,96.0,0,6,5.4638318050256105,False,False,7.613326230498298
1,1.0,1.0,2,29,99.0,0,1,3.9889840465642745,True,False,10.478369337821514
0,2.0,7.0,2,25,93.0,0,1,6.419994928147142,False,False,33.30417581167353
0,1.0,2.0,2,4,95.0,0,1,4.3694478524670215,False,False,7.539277896274704
1,1.0,1.0,1,2,100.0,1,4,4.836281906951478,False,False,0.8109387671139477
1,1.0,1.0,5,24,93.0,1,1,4.574710978503383,False,False,0.9137364643625203
1,1.0,2.0,2,12,95.0,0,4,3.367295829986474,True,False,6.72258350460728
0,1.0,2.0,1,15,83.0,1,36,4.787491742782046,False,False,13.975175853363236
0,1.0,1.0,4,2,100.0,0,1,4.795790545596741,False,False,4.145384541204225
0,1.5,2.0,2,7,97.0,0,1,5.298317366548036,False,False,3.4878319887350813
0,1.0,1.0,2,13,92.0,0,1,4.276666119016055,True,False,1.119026842816368
0,1.0,1.0,1,7,94.0,0,1,4.77912349311153,False,False,2.916250182982328
0,2.0,2.0,1,10,100.0,1,30,5.075173815233827,False,False,1.2813665605434903
1,1.0,2.0,3,7,97.0,0,6,5.017279836814924,False,False,0.7454875989365314
0,1.0,2.0,6,22,96.0,0,1,4.919980925828125,False,False,6.058824497357016
0,1.0,1.0,3,2,100.0,0,2,3.8501476017100584,True,False,6.489617875469616
0,1.0,1.0,3,8,95.0,1,1,4.060443010546419,False,True,2.1860292316376997
1,1.0,1.0,2,22,100.0,1,1,4.330733340286331,True,False,3.556379053389124
0,2.5,3.0,3,12,98.0,0,1,5.529429087511423,False,False,7.78187411493737
0,1.0,1.0,1,2,80.0,1,1,3.58351893845611,True,False,18.91462665987979
0,2.0,2.0,1,1,60.0,1,47,5.159055299214529,False,False,0.8342485256578515
0,2.0,2.0,3,1,100.0,1,6,5.638354669333745,False,False,19.254355586242383
0,1.0,2.0,2,1,80.0,0,1,5.298317366548036,False,False,4.5660274302760975
0,1.0,1.0,2,51,95.0,1,1,4.574710978503383,True,False,0.7826406491753729
1,1.0,1.0,1,31,97.0,1,1,4.7535901911063645,False,False,0.7359085765614604
1,1.0,1.0,2,71,98.0,0,1,4.442651256490317,True,False,6.7246187477541195
0,1.5,3.0,3,34,99.0,0,1,5.707110264748875,False,False,1.6637154291572216
0,1.0,2.0,1,28,90.0,0,1,4.74493212836325,False,False,6.3908487422966545
0,1.0,1.0,2,23,90.0,1,2,3.6375861597263857,True,False,10.58700785932691
0,1.0,4.0,1,12,97.0,1,13,4.867534450455582,False,False,0.902834531612387
0,1.0,2.0,1,16,95.0,1,38,4.9344739331306915,False,False,0.5040516621063046
0,1.0,1.0,4,71,96.0,0,1,3.9318256327243257,True,False,5.337255588947065
0,2.0,3.0,3,33,99.0,0,1,5.14166355650266,False,False,1.9549858034757963
0,1.0,1.0,5,1,100.0,1,1,4.02535169073515,True,False,1.5812399902877547
1,1.0,2.0,3,6,97.0,0,10,5.087596335232384,False,False,5.2353244710109355
0,1.0,3.0,2,4,93.0,0,1,4.919980925828125,False,False,6.811241705212557
1,2.0,2.0,2,8,95.0,1,1,4.9344739331306915,False,False,1.5774770439954495
1,3.0,3.0,2,20,97.0,0,1,5.017279836814924,False,False,7.671187674517606
0,1.0,1.0,1,32,93.0,1,2,3.6888794541139363,True,False,27.70807274564057
1,1.0,2.0,1,43,99.0,1,1,5.087596335232384,True,False,37.60174297866066
0,1.0,2.0,1,200,96.0,1,9,5.241747015059643,False,False,1.0186732091153463
1,1.0,1.0,1,30,97.0,1,1,3.258096538021482,True,False,15.025538666850101
0,1.0,1.0,1,12,96.0,0,1,4.110873864173311,True,False,3.28151283737627
0,1.0,1.0,1,3,100.0,0,1,4.382026634673881,True,False,4.000505271919967
1,1.5,4.0,2,6,97.0,0,1,4.948759890378168,False,False,36.122406351843125
0,3.0,5.0,3,14,91.0,1,35,5.402677381872279,False,False,10.157854135800136
0,1.0,5.0,1,8,86.0,1,1,5.198497031265826,False,False,0.40384837555950476
0,2.0,6.0,2,8,93.0,0,33,5.66988092298052,False,False,9.037819079775439
1,1.0,2.0,2,98,93.0,0,1,4.836281906951478,False,False,2.3102566525125745
1,2.5,1.0,1,74,97.0,0,2,4.110873864173311,True,False,5.743537524101763
0,1.0,1.0,1,34,95.0,1,3,4.174387269895637,True,False,7.306032426274636
1,1.0,1.0,2,44,99.0,0,1,4.59511985013459,False,False,39.95127053938644
0,1.0,1.0,1,6,100.0,0,2,4.394449154672439,True,False,5.0006691884046335
0,1.5,1.0,3,5,92.0,0,1,3.9318256327243257,True,False,20.905488597738582
0,1.0,5.0,1,6,97.0,1,5,4.875197323201151,False,False,0.8917987514382144
1,1.0,1.0,2,15,99.0,0,1,4.574710978503383,False,False,3.613512175803391
0,1.0,1.0,1,9,91.0,1,6,4.919980925828125,False,False,0.487655497879366
1,1.0,2.0,1,24,99.0,1,8,4.867534450455582,False,False,0.4075954462881969
1,2.0,2.0,1,12,100.0,0,3,4.948759890378168,True,False,19.536043402948344
0,2.0,2.0,2,8,100.0,0,42,4.9344739331306915,False,False,8.180873272492008
0,1.0,2.0,1,5,76.0,1,7,4.189654742026425,True,False,8.41854627389591
1,1.0,1.0,1,28,98.0,0,1,4.465908118654584,True,False,0.8868868878374347
0,1.0,1.0,6,21,97.0,0,1,4.867534450455582,False,False,0.8855553183013698
0,1.0,1.0,1,2,100.0,0,2,4.61512051684126,True,False,6.068217828270579
1,1.0,1.0,2,41,98.0,0,2,3.9889840465642745,True,False,20.796009620004785
0,1.0,2.0,1,120,87.0,1,33,4.499809670330265,False,False,0.6084973948785916
1,1.0,1.0,1,6,87.0,1,4,4.07753744390572,True,False,32.03192342166665
1,1.0,1.0,2,31,98.0,1,2,3.8918202981106265,True,False,21.764546682217198
0,1.0,1.0,2,17,100.0,1,1,4.59511985013459,True,False,1.8081844839570147
0,1.0,1.0,1,32,98.0,1,5,4.418840607796598,False,False,3.677844243639941
0,1.0,1.0,1,2,100.0,1,1,4.795790545596741,False,False,3.792965158284261
0,1.0,1.0,2,1,100.0,0,1,5.298317366548036,False,False,5.202105377805893
0,1.0,1.0,1,5,96.0,0,1,4.663439094112067,True,False,4.387934911843334
1,1.0,1.0,3,74,99.0,0,1,3.9318256327243257,True,False,21.563975885204787
0,1.5,4.0,1,32,90.0,1,4,5.135798437050262,False,False,6.153723503196997
0,1.0,2.0,3,1,100.0,0,1,5.14166355650266,False,False,0.45660821702580384
0,1.0,1.0,1,2,100.0,1,3,4.276666119016055,True,False,37.04016966531562
0,1.0,1.0,2,20,96.0,1,1,4.23410650459726,True,False,21.063528705573894
0,1.5,1.0,7,6,97.0,0,1,4.700480365792417,False,False,2.8593046906762365
0,1.0,1.0,1,13,94.0,0,1,3.9318256327243257,True,False,7.071152249105814
1,1.0,2.0,1,21,100.0,1,17,4.983606621708336,False,False,6.068099359507392
0,1.0,1.0,1,97,98.0,1,1,4.553876891600541,False,False,7.585369581918778
0,1.0,1.0,3,1,100.0,0,2,3.8918202981106265,True,False,7.013176001512554
0,1.0,1.0,1,4,100.0,1,50,4.700480365792417,False,False,4.154181136764922
0,1.0,3.0,1,12,98.0,1,1,4.948759890378168,False,False,1.811777774369918
0,1.0,1.0,10,10,85.0,0,1,4.61512051684126,False,False,1.4308597288947666
0,1.0,1.0,2,14,93.0,1,1,3.8918202981106265,True,False,6.288072772009614
0,1.0,2.0,3,23,97.0,0,1,4.983606621708336,False,False,6.92961009295703
0,1.0,1.0,2,14,94.0,0,2,4.795790545596741,True,False,5.872846369541336
0,1.0,1.0,2,6,100.0,0,1,4.276666119016055,True,False,1.4147560658282794
0,1.0,1.0,2,3,87.0,0,1,4.7535901911063645,False,False,6.045707535795096
0,2.5,8.0,5,7,100.0,1,1,6.68586094706836,False,False,6.471485039841948
0,1.5,2.0,5,4,100.0,0,2,5.231108616854587,False,False,4.448313945450292
0,2.5,5.0,5,1,80.0,0,1,5.993961427306569,False,False,10.947304900840006
0,1.0,6.0,2,28,95.0,0,1,5.424950017481403,False,False,64.85074508986433
0,3.0,4.0,1,9,87.0,0,2,5.929589143389895,False,False,1.74036724552811
0,2.0,1.0,1,6,93.0,1,5,4.394449154672439,True,False,18.569923345642056
0,2.0,5.0,1,8,78.0,1,5,5.736572297479192,False,False,0.9675154358922176
0,1.0,1.0,3,45,94.0,0,1,4.59511985013459,True,False,9.659094646521604
1,1.0,4.0,1,108,95.0,1,3,4.795790545596741,False,False,0.8618191950821826
0,1.0,1.0,2,6,100.0,1,2,5.198497031265826,True,False,1.069673434738783
0,2.0,3.0,1,12,100.0,1,50,4.9344739331306915,False,False,2.4608398261937143
0,1.0,1.0,1,1,100.0,0,1,4.61512051684126,True,False,6.835677747702126
0,2.0,3.0,5,2,100.0,1,6,5.198497031265826,False,False,10.503974838321117
0,2.0,8.0,2,1,100.0,0,1,5.25227342804663,False,False,21.78279738401792
0,1.0,2.0,1,12,100.0,0,7,5.017279836814924,False,False,4.027827792198711
0,1.0,2.0,1,42,94.0,1,1,4.700480365792417,False,False,4.049246218492524
1,1.0,1.0,2,65,99.0,0,1,4.51085950651685,True,False,1.8312500192363697
0,1.0,1.0,2,15,97.0,1,1,3.9318256327243257,True,False,5.084660125098519
0,1.0,4.0,3,3,73.0,1,10,5.198497031265826,False,False,0.46302882014153135
0,1.0,2.0,2,39,99.0,0,2,4.875197323201151,False,False,11.899699274767725
0,1.0,1.0,1,7,94.0,1,1,3.8918202981106265,True,False,17.604971623390615
0,1.0,1.0,2,22,98.0,0,1,4.110873864173311,False,False,6.157331683508819
0,2.0,1.0,2,5,96.0,1,6,4.574710978503383,True,False,1.033685732846327
0,2.5,1.0,1,7,94.0,1,16,3.8501476017100584,True,False,2.8121442207300738
0,1.0,2.0,2,5,100.0,0,1,4.51085950651685,False,False,4.164999814348748
0,2.5,4.0,3,4,100.0,0,1,5.703782474656201,False,False,12.701572119892473
1,1.0,2.0,2,6,100.0,1,5,4.787491742782046,False,False,0.9309853125126253
0,1.0,1.0,2,11,96.0,0,2,4.07753744390572,True,False,22.12886885113447
0,1.0,4.0,1,34,98.0,1,1,5.351858133476067,False,False,26.08745537634768
0,1.0,3.0,2,5,96.0,1,4,5.003946305945459,False,False,0.9315521143331598
0,2.0,5.0,2,4,73.0,1,1,5.707110264748875,False,False,7.111611179952021
0,1.0,1.0,2,3,93.0,0,2,4.68213122712422,False,False,4.01759956468013
0,3.0,5.0,2,9,85.0,1,1,5.857933154483459,False,False,6.624840975297538
1,1.0,2.0,1,87,98.0,1,1,4.948759890378168,False,False,30.869714978641756
0,1.0,1.0,1,3,100.0,0,1,4.700480365792417,True,False,5.703527178535961
0,1.5,1.0,1,6,96.0,1,2,4.875197323201151,True,False,40.55015163302076
0,1.0,1.0,4,1,100.0,1,1,5.529429087511423,False,False,2.234948236861409
1,1.0,2.0,2,10,100.0,1,16,5.017279836814924,False,False,1.066652279845619
0,1.0,1.0,1,1,100.0,1,16,4.61512051684126,True,False,5.421665149398433
1,2.0,2.0,3,15,96.0,1,2,3.367295829986474,True,False,16.19191598820107
0,2.0,2.0,5,39,96.0,0,2,4.276666119016055,True,False,6.9320957534744325
0,1.0,3.0,5,2,100.0,1,1,4.727387818712341,False,False,7.051421468893709
0,1.0,1.0,2,11,75.0,1,1,4.189654742026425,True,False,1.1316056879383725
1,1.0,3.0,2,56,98.0,0,1,5.25227342804663,False,False,3.3455862496995903
0,2.5,5.0,7,3,100.0,1,1,5.579729825986222,False,False,6.325034946041687
0,1.0,2.0,1,7,70.0,1,10,5.198497031265826,False,False,0.9364020512290809
0,1.0,1.0,3,22,95.0,0,1,3.713572066704308,True,False,7.033398721131524
1,1.0,2.0,3,16,94.0,0,10,5.087596335232384,False,False,3.1258532145121274
0,1.0,1.0,1,5,96.0,0,3,4.3694478524670215,True,False,1.995168880093666
0,1.0,1.0,1,25,98.0,0,1,4.382026634673881,False,False,21.720888354794873
0,1.0,1.0,2,3,93.0,0,1,4.02535169073515,True,False,13.907184807310738
0,1.0,1.0,1,2,80.0,0,1,4.61512051684126,False,False,6.009634080781021
0,1.0,2.0,2,23,96.0,0,2,4.948759890378168,False,False,0.8070234116561308
0,1.0,1.0,2,1,100.0,0,2,4.07753744390572,True,False,21.932911067035498
0,1.0,1.0,3,9,100.0,0,1,4.574710978503383,False,False,8.15934705276208
0,1.0,1.0,5,1,100.0,0,1,3.4965075614664802,True,False,4.022624854515565
0,1.0,2.0,2,11,100.0,0,1,4.795790545596741,False,False,2.904633637394323
0,1.0,1.0,2,200,87.0,1,3,4.110873864173311,False,False,11.590704451421027
0,1.0,3.0,4,7,97.0,1,1,4.442651256490317,False,False,18.254539018010767
0,1.0,1.0,1,54,95.0,0,1,3.8918202981106265,True,False,6.024705500225173
1,1.0,1.0,1,90,98.0,0,1,4.110873864173311,True,False,1.221220769468498
0,1.0,1.0,1,1,100.0,0,1,3.8501476017100584,True,False,4.932578352958208
0,2.0,2.0,2,11,95.0,0,1,4.700480365792417,False,False,2.237176357069039
0,1.0,1.0,2,23,98.0,0,1,4.700480365792417,False,False,4.568914453397695
0,2.0,6.0,2,189,88.0,1,1,5.545177444479562,False,False,2.523095984327642
0,1.0,1.0,2,8,95.0,0,2,4.189654742026425,False,False,16.845267487548988
0,3.0,8.0,2,21,87.0,1,1,5.707110264748875,False,False,17.900454640776015
0,1.0,1.0,30,3,80.0,0,1,6.68586094706836,False,False,1.4659152725330837
0,1.0,2.0,3,10,98.0,1,2,5.017279836814924,False,False,5.606357197926984
0,2.0,2.0,2,4,100.0,0,1,5.017279836814924,False,False,3.328560627120279
1,1.0,1.0,1,45,95.0,1,3,3.713572066704308,True,False,6.3797007189187775
1,1.0,1.0,2,1,100.0,0,4,4.189654742026425,True,False,6.863061274943605
0,1.0,1.0,1,8,86.0,1,2,3.8918202981106265,True,False,50.279350729738546
0,2.0,4.0,5,2,100.0,1,1,5.929589143389895,False,False,7.4261637509247596
0,1.0,1.0,1,2,100.0,0,1,4.442651256490317,True,False,1.6497692684559924
1,1.0,3.0,1,14,94.0,1,16,4.7535901911063645,False,False,2.24846227660773
0,1.0,1.0,2,11,95.0,0,1,4.330733340286331,True,False,2.130838423753886
0,1.0,3.0,1,2,80.0,1,12,5.529429087511423,False,False,1.8378991957410726
1,1.0,2.0,1,12,98.0,0,4,4.795790545596741,False,False,1.6909383906847069
1,1.0,2.0,3,17,95.0,1,1,4.795790545596741,False,False,4.2659722309495605
0,1.0,1.0,1,2,90.0,0,1,4.394449154672439,True,False,27.69229106690708
1,1.0,3.0,2,12,87.0,0,3,4.700480365792417,False,False,2.8166061669226057
0,1.0,1.0,1,1,100.0,1,1,4.110873864173311,True,False,6.418558946077666
0,1.0,2.0,1,5,100.0,0,1,4.762173934797756,False,False,3.6620265742628826
0,2.0,4.0,3,22,95.0,1,17,5.529429087511423,False,False,1.5977357225839603
0,1.0,2.0,1,8,93.0,1,15,4.890349128221754,False,False,4.482316886154789
0,2.0,1.0,3,27,91.0,1,14,3.713572066704308,True,False,11.72251207828416
0,1.0,1.0,1,2,60.0,1,14,5.703782474656201,False,False,1.9772724480773518
1,2.0,2.0,1,86,100.0,1,4,4.394449154672439,True,False,0.8225968767021383
0,1.0,2.0,2,9,98.0,0,1,4.61512051684126,False,False,9.445315431588915
0,1.0,1.0,2,2,100.0,1,1,4.442651256490317,True,False,5.5212365308364975
0,2.0,2.0,1,1,80.0,1,2,5.117993812416755,False,False,1.9257212192519186
0,1.5,2.0,2,2,100.0,0,1,5.198497031265826,False,False,2.277494280982178
1,2.0,3.0,3,137,99.0,1,5,5.7745515455444085,False,False,0.7339948179721978
1,1.0,1.0,2,122,98.0,1,1,4.394449154672439,True,False,12.11227380590522
0,2.0,2.0,4,7,96.0,1,1,4.983606621708336,False,False,0.2900285698514728
0,1.0,2.0,1,17,95.0,1,22,4.919980925828125,False,False,0.5395471701028728
0,2.0,6.0,5,4,100.0,0,3,5.111987788356544,False,False,50.425949642722436
0,1.0,1.0,1,5,88.0,1,1,4.394449154672439,False,False,3.6190348239102432
1,1.0,3.0,3,36,94.0,0,2,5.017279836814924,False,False,1.8428000542663379
0,1.0,1.0,1,42,97.0,1,1,4.948759890378168,False,False,24.790695207646056
1,1.0,1.0,1,20,100.0,1,1,3.8501476017100584,True,False,14.939104113546446
0,1.0,1.0,4,1,100.0,1,1,5.198497031265826,False,False,5.769658467721067
1,1.0,4.0,2,31,98.0,0,1,5.1298987149230735,False,False,0.7122087337362986
1,1.5,4.0,2,46,97.0,1,4,5.529429087511423,False,False,1.9714678633019287
0,1.0,1.0,1,128,97.0,0,1,4.30406509320417,True,False,3.3375085669201896
0,1.0,2.0,1,12,83.0,1,26,4.787491742782046,False,False,0.5196124861169469
0,1.0,2.0,2,63,92.0,0,1,4.51085950651685,False,False,6.366712441508595
0,1.0,1.0,1,46,92.0,1,50,4.948759890378168,False,False,0.4886641819482823
0,1.0,1.0,1,4,100.0,1,1,4.795790545596741,True,False,0.48796716501821896
0,1.0,1.0,2,1,100.0,0,1,4.394449154672439,False,False,3.9092678077615126
1,1.0,1.0,1,65,95.0,1,1,4.61512051684126,False,False,8.438449545506852
1,1.0,2.0,1,121,97.0,0,2,4.61512051684126,True,False,36.09271434997025
0,1.0,1.0,1,7,91.0,0,1,4.394449154672439,False,False,4.6552175463065915
0,1.0,1.0,2,31,91.0,0,1,5.298317366548036,False,False,7.1729347901216585
1,1.0,3.0,1,106,99.0,0,6,4.9344739331306915,False,False,0.4878239032423303
1,1.0,2.0,1,2,100.0,1,38,5.075173815233827,False,False,0.6416495844428491
0,1.0,1.0,7,6,97.0,1,5,3.5263605246161616,False,True,0.915299561046344
0,1.0,1.0,4,1,100.0,0,1,3.9318256327243257,True,False,20.147533715793212
1,1.0,2.0,2,20,97.0,0,2,4.5217885770490405,False,False,11.327470124450898
1,1.0,2.0,2,10,100.0,0,2,4.394449154672439,True,False,2.960471105858326
1,1.0,1.0,1,83,95.0,0,1,4.700480365792417,False,False,2.9577355852714415
0,1.0,1.0,3,10,92.0,1,50,4.61512051684126,False,False,4.786937353517193
0,1.0,1.0,2,4,100.0,1,1,5.017279836814924,False,False,54.76625636904924
0,1.0,3.0,2,54,97.0,0,2,5.25227342804663,False,False,36.915945673707135
0,1.0,1.0,1,92,88.0,0,1,4.060443010546419,True,False,0.44581130922073803
0,2.0,4.0,2,7,97.0,0,1,5.1298987149230735,False,False,16.425105669774467
1,2.0,3.0,1,1,100.0,1,5,5.017279836814924,False,False,0.4673640309496988
0,1.0,1.0,1,3,87.0,0,1,4.51085950651685,True,False,29.874937190389364
1,1.0,1.0,2,160,96.0,0,2,4.02535169073515,True,False,2.0079253651209865
1,1.0,3.0,5,1,100.0,1,11,5.638354669333745,False,False,0.9347348372384375
0,2.0,3.0,2,12,100.0,1,1,5.298317366548036,False,False,23.013495873481737
1,1.0,1.0,1,24,95.0,0,1,4.394449154672439,True,False,5.846044791191906
1,1.0,1.0,2,11,95.0,0,6,4.189654742026425,True,False,1.0300518957938178
0,2.0,3.0,1,3,93.0,1,7,5.017279836814924,False,False,13.349902811459605
0,1.5,3.0,2,55,99.0,1,1,5.017279836814924,False,False,9.577285301927324
0,1.0,1.0,4,3,100.0,0,1,4.02535169073515,True,False,1.3410229086363585
0,1.0,3.0,1,13,93.0,1,2,5.278114659230517,False,False,7.971245844349528
0,1.0,1.0,2,1,100.0,1,1,3.258096538021482,True,False,7.115245336797384
0,1.0,2.0,1,11,95.0,0,1,3.58351893845611,True,False,0.9093372290000233
1,2.0,1.0,2,103,99.0,0,1,4.574710978503383,True,False,3.8412910953732395
0,1.0,2.0,1,6,100.0,1,1,5.017279836814924,False,False,55.65670984805711
0,2.0,6.0,2,9,84.0,0,4,5.707110264748875,False,False,36.733670602310404
0,1.0,3.0,2,5,100.0,1,1,5.638354669333745,False,False,66.03867727078621
0,1.0,2.0,2,24,99.0,0,2,5.049856007249537,False,False,4.069348277324582
0,2.0,2.0,3,3,100.0,1,50,5.14166355650266,False,False,7.981513995079699
0,0.5,1.0,1,1,100.0,1,5,3.6375861597263857,True,False,25.99232286400126
0,2.0,3.0,1,29,92.0,1,1,5.480638923341991,False,False,10.508993947408872
0,1.0,2.0,1,186,89.0,1,40,4.836281906951478,False,False,0.9588428058427089
0,2.0,1.0,5,20,79.0,1,3,4.02535169073515,True,False,5.410263810520002
0,2.0,2.0,3,1,80.0,1,1,4.7535901911063645,False,False,4.503425133770873
1,1.0,2.0,1,123,96.0,1,24,5.707110264748875,False,False,1.1026272188521455
1,1.0,1.0,1,3,100.0,1,7,5.529429087511423,False,False,35.382613183381764
1,1.0,1.0,1,200,97.0,1,3,4.574710978503383,False,False,1.9554246021218542
1,1.0,1.0,1,34,96.0,0,1,4.875197323201151,False,False,7.717819030759007
1,1.0,2.0,1,107,97.0,1,1,4.61512051684126,False,False,57.96356697072231
0,1.5,1.0,5,1,80.0,0,3,3.9318256327243257,True,False,1.4552215445464243
0,1.0,2.0,3,24,97.0,1,1,4.330733340286331,False,False,8.256395149028018
0,1.0,1.0,2,26,95.0,0,1,3.4339872044851463,True,False,29.457255974893826
0,2.0,3.0,2,4,95.0,0,2,5.529429087511423,False,False,6.7274877192931575
1,1.0,2.0,2,55,97.0,1,20,5.043425116919247,False,False,0.6074033001774277
0,1.0,1.0,2,3,93.0,0,11,4.61512051684126,False,False,6.892262852805964
0,2.0,1.0,3,42,83.0,1,14,3.8501476017100584,True,False,11.593804773913964
0,1.0,4.0,2,14,94.0,1,15,5.093750200806762,False,False,18.211580034511467
1,1.0,1.0,3,30,99.0,1,4,4.276666119016055,True,False,1.6117058021548174
1,1.0,1.0,2,29,97.0,0,2,4.543294782270004,False,False,8.107472842534262
0,1.0,1.0,1,2,100.0,0,1,4.110873864173311,True,False,2.7924216522298666
0,1.0,3.0,5,56,90.0,1,50,5.153291594497779,False,False,0.760961427716044
0,2.0,2.0,2,10,94.0,0,1,5.231108616854587,False,False,3.610464297262344
0,2.0,3.0,5,53,92.0,1,50,5.087596335232384,False,False,0.7555647949775912
0,2.0,3.0,1,87,95.0,0,1,5.017279836814924,False,False,1.5516402914775056
0,3.0,4.0,5,2,100.0,0,1,5.099866427824199,False,False,20.898646572749872
0,1.0,1.0,4,2,90.0,0,1,3.9318256327243257,True,False,13.717196224702029
0,1.0,2.0,1,20,97.0,1,8,5.25227342804663,False,False,0.16501333258183132
1,2.0,6.0,2,15,97.0,0,4,4.867534450455582,False,False,11.951637942392944
0,1.0,1.0,1,3,80.0,0,1,3.9889840465642745,False,False,6.400378600204944
0,1.5,3.0,3,21,95.0,0,1,4.7535901911063645,False,False,6.245302725203583
0,2.0,3.0,4,2,100.0,0,1,6.111467339502679,False,False,3.771164307638588
0,1.0,2.0,2,37,87.0,1,1,4.574710978503383,False,False,4.130943487304901
0,1.0,2.0,5,45,97.0,0,4,4.812184355372417,False,False,0.5827615150392348
0,2.0,8.0,1,36,93.0,1,19,5.631211781821365,False,False,0.7343305524483688
1,1.0,1.0,2,61,99.0,0,1,4.189654742026425,True,False,2.1432710901896166
0,4.5,6.0,2,2,100.0,0,1,6.68586094706836,False,False,30.417658968490127
1,2.0,2.0,1,73,100.0,1,1,5.017279836814924,False,False,39.206432432421984
0,1.0,1.0,1,1,100.0,1,1,4.330733340286331,True,False,40.25810930678533
0,1.0,2.0,5,2,80.0,0,1,4.574710978503383,False,False,11.050089979075054
0,1.0,1.0,1,21,97.0,0,1,5.017279836814924,True,False,5.493290853908636
0,1.0,2.0,1,6,97.0,1,1,4.61512051684126,False,False,3.9301682634618915
0,1.0,2.0,2,16,99.0,1,1,5.14166355650266,False,False,3.966089481938393
0,1.0,1.0,2,26,94.0,1,1,4.919980925828125,False,False,3.6092132289576315
0,1.0,2.0,1,1,100.0,0,1,6.55250788703459,False,False,2.1313330414048974
0,1.0,3.0,1,55,95.0,1,2,5.231108616854587,False,False,7.201151033555805
0,1.0,1.0,1,5,80.0,0,3,5.198497031265826,False,False,38.72222303116041
0,1.0,1.0,2,4,80.0,0,11,4.875197323201151,False,False,3.401093259474608
0,1.0,2.0,1,1,100.0,1,1,4.919980925828125,False,False,0.48160078951159785
0,2.5,8.0,1,9,80.0,1,3,6.68586094706836,False,False,8.368523318908382
0,1.0,2.0,2,12,93.0,0,1,5.198497031265826,False,False,2.8058680272262544
0,2.0,3.0,2,1,80.0,0,9,5.707110264748875,False,False,52.70253216628306
1,1.0,2.0,2,8,95.0,1,2,5.25227342804663,False,False,0.3537578374671829
1,1.0,2.0,2,42,97.0,1,50,4.61512051684126,False,False,1.1015895885804836
0,2.0,3.0,1,12,93.0,1,10,5.075173815233827,False,False,0.7564718743085685
0,1.0,2.0,6,2,100.0,0,1,5.298317366548036,False,False,3.8709678003899306
1,1.0,2.0,1,3,100.0,0,7,5.424950017481403,False,False,35.8408168683245
0,1.0,1.0,4,8,97.0,0,1,4.61512051684126,False,False,0.5128683140781279
1,1.0,1.0,1,14,97.0,1,1,4.795790545596741,True,False,3.7310583469686134
1,1.5,1.0,1,30,95.0,1,1,4.700480365792417,True,False,4.470589452486789
1,1.0,1.0,2,68,98.0,0,1,4.248495242049359,True,False,3.4161073198781833
0,1.0,1.0,2,4,95.0,0,2,4.7535901911063645,True,False,0.3584199007532205
0,2.5,1.0,1,35,82.0,1,16,3.8501476017100584,True,False,2.7008941724936992
0,1.0,1.0,30,2,100.0,0,1,5.198497031265826,False,False,4.4241761965895305
0,1.0,1.0,5,12,98.0,0,1,4.836281906951478,False,False,2.099430946033158
0,1.0,2.0,1,1,100.0,0,1,5.1647859739235145,False,False,8.197362643769415
0,2.0,3.0,3,8,90.0,1,35,5.1647859739235145,False,False,5.423495352235048
0,1.0,2.0,1,87,92.0,1,2,4.6913478822291435,False,False,0.8746531414684413
1,2.0,7.0,1,22,95.0,1,29,5.8289456176102075,False,False,0.8438482238493303
1,1.0,1.0,2,56,98.0,0,1,4.700480365792417,False,False,70.25033315072673
0,1.0,1.0,1,10,96.0,1,2,4.330733340286331,True,False,6.78120629013542
0,1.0,4.0,1,9,80.0,1,3,4.976733742420574,False,False,0.3954719235319203
1,1.0,4.0,2,73,97.0,1,1,4.875197323201151,False,False,33.915754192622984
0,1.0,3.0,1,38,93.0,1,33,5.198497031265826,False,False,1.4468874764458892
1,1.0,2.0,1,74,98.0,0,1,4.836281906951478,False,False,2.0695995748898373
0,1.0,3.0,2,25,87.0,1,5,4.875197323201151,False,False,0.5470288520525992
1,1.0,1.0,2,28,99.0,1,2,3.9889840465642745,True,False,0.5986786179769664
1,2.0,2.0,2,35,95.0,0,1,4.948759890378168,False,False,1.149497004290624
0,1.0,1.0,5,63,92.0,0,1,4.919980925828125,False,False,0.22488826061656284
0,1.0,1.0,1,19,100.0,1,10,4.394449154672439,True,False,2.8846587285522074
1,1.0,1.0,1,3,93.0,0,4,3.8501476017100584,True,False,18.786989649843754
0,1.0,1.0,1,15,88.0,1,16,3.4339872044851463,True,False,6.575840825737536
0,1.0,2.0,3,1,100.0,0,1,4.875197323201151,False,False,1.7745480979136516
1,1.0,1.0,2,20,100.0,0,2,4.61512051684126,True,False,3.8987826524140052
0,2.0,3.0,1,18,97.0,1,19,5.003946305945459,False,False,0.8819532047951198
1,1.0,1.0,2,120,98.0,0,3,3.8501476017100584,True,False,6.163201535771
0,1.0,1.0,14,4,95.0,0,2,3.5263605246161616,True,False,2.0500101499180197
0,3.0,7.0,2,23,88.0,1,28,5.786897381366708,False,False,38.62011462146882
0,2.0,3.0,3,6,93.0,0,2,5.241747015059643,False,False,6.947355146447592
1,1.0,2.0,1,28,98.0,1,4,4.700480365792417,False,False,1.1882396304307339
0,1.0,2.0,2,2,100.0,1,4,4.59511985013459,True,False,18.999728596884857
1,1.0,1.0,14,42,91.0,0,1,4.442651256490317,False,False,5.2400821557865145
1,1.0,1.0,1,32,99.0,0,1,5.1298987149230735,False,False,7.777131343974482
1,1.0,2.0,2,76,94.0,1,1,4.948759890378168,False,False,3.908189423765115
0,3.0,3.0,2,2,100.0,0,2,4.927253685157205,True,False,39.48969961422845
1,1.0,1.0,3,19,99.0,0,1,3.58351893845611,True,False,14.029466645982115
0,1.0,1.0,5,3,100.0,1,1,3.9889840465642745,True,False,13.997208358385977
0,3.5,8.0,2,3,93.0,1,12,6.111467339502679,False,False,19.688144612198855
1,2.0,4.0,2,69,96.0,0,2,4.795790545596741,False,False,7.253729529057986
0,1.0,1.0,4,9,98.0,0,1,4.442651256490317,False,False,9.607588550253219
0,1.0,1.0,2,3,100.0,0,1,3.8501476017100584,True,False,7.196806232234163
1,1.0,5.0,20,9,93.0,0,1,5.017279836814924,False,False,3.236036826268129
0,1.0,2.0,1,12,78.0,0,6,3.258096538021482,True,False,14.161003944024735
0,1.0,2.0,1,103,95.0,1,1,4.574710978503383,False,False,4.052814109925009
0,2.0,2.0,2,30,89.0,1,2,4.61512051684126,False,False,2.1200278776052555
0,1.0,1.0,1,1,100.0,0,3,4.110873864173311,True,False,16.974379932088105
0,1.0,1.0,1,8,100.0,0,1,4.394449154672439,True,False,27.08006904852642
0,1.0,1.0,1,4,100.0,1,4,4.189654742026425,True,False,19.427959019900516
0,1.0,4.0,2,32,97.0,0,1,5.3981627015177525,False,False,6.9253979219555895
0,1.0,2.0,1,99,95.0,0,1,4.394449154672439,True,False,1.5528395159207231
0,1.0,1.0,3,26,98.0,0,1,4.51085950651685,False,False,3.5758516903203144
1,2.0,3.0,2,7,100.0,0,5,5.043425116919247,False,False,1.9052029911637078
0,1.0,2.0,1,11,93.0,1,4,5.3981627015177525,False,False,0.5077577978959693
0,1.0,2.0,2,4,100.0,1,1,4.276666119016055,False,False,0.5088116171272508
0,2.0,3.0,2,5,100.0,0,28,5.017279836814924,False,False,2.8444573189371885
0,1.0,1.0,2,17,92.0,1,3,4.330733340286331,True,False,0.5167396769112476
1,1.0,2.0,3,47,95.0,0,17,4.867534450455582,False,False,2.7962223285132235
1,1.0,1.0,1,143,98.0,0,1,4.442651256490317,True,False,5.310054587515393
0,2.0,3.0,2,7,97.0,0,1,5.204006687076795,False,False,2.4563485408634684
0,1.0,2.0,2,11,98.0,0,1,5.0689042022202315,False,False,1.9436343429435923
1,1.0,1.0,1,151,95.0,1,9,4.7535901911063645,False,False,5.082043112550257
1,1.0,1.0,2,68,95.0,0,2,4.852030263919617,False,False,5.833338251084839
0,1.5,1.0,5,10,96.0,0,1,5.017279836814924,False,False,4.988043443014466
0,1.0,7.0,1,31,90.0,1,3,4.9344739331306915,False,False,0.7439148021034011
0,3.5,8.0,1,1,100.0,1,7,5.993961427306569,False,False,0.5614328959827398
0,1.0,1.0,2,3,100.0,1,1,5.351858133476067,False,False,0.805326783996483
1,2.0,2.0,1,26,99.0,1,2,4.68213122712422,False,False,2.384629716132062
1,1.0,1.0,1,30,100.0,1,1,4.02535169073515,True,False,17.08460940598792
0,1.0,2.0,1,1,100.0,0,1,3.4339872044851463,False,True,0.8311707835101126
0,1.0,1.0,7,8,89.0,0,5,3.8501476017100584,False,True,0.9722844280608172
0,1.0,1.0,2,29,98.0,1,30,4.499809670330265,False,False,10.849720534932098
0,1.0,1.0,10,1,100.0,0,1,3.4339872044851463,True,False,3.1270468449454465
0,1.5,6.0,5,1,100.0,1,2,5.1298987149230735,False,False,18.769226310409877
0,1.0,1.0,2,40,97.0,0,1,3.8066624897703196,False,False,4.110947865679829
0,1.0,1.0,2,5,70.0,0,1,4.61512051684126,False,False,5.349949175016723
1,1.0,2.0,1,139,95.0,1,17,5.017279836814924,False,False,0.9833408686828596
0,1.0,2.0,2,19,97.0,1,1,4.59511985013459,False,False,6.981059539742954
0,1.0,1.0,5,2,90.0,0,25,3.258096538021482,False,True,14.128220807911548
1,1.0,1.0,1,16,100.0,1,3,5.424950017481403,False,False,34.414615155118966
0,2.0,2.0,1,1,100.0,0,36,5.529429087511423,False,False,1.545741720110297
0,1.0,1.0,2,2,70.0,0,2,4.110873864173311,True,False,5.329763041476863
0,1.0,1.0,2,14,98.0,0,1,4.110873864173311,True,False,5.795811284541391
0,1.0,3.0,4,21,98.0,1,3,5.707110264748875,False,False,3.605792117565473
0,2.0,4.0,3,53,98.0,1,4,4.852030263919617,False,False,19.303298277678643
0,2.0,3.0,1,11,88.0,0,11,5.049856007249537,False,False,1.5575481854823685
0,1.0,3.0,2,9,82.0,1,19,5.529429087511423,False,False,1.0905586098038862
0,1.0,1.0,1,12,100.0,1,1,3.8501476017100584,True,False,25.001618048634683
0,1.0,1.0,1,52,99.0,1,29,4.61512051684126,False,False,0.7211225013192731
1,1.0,5.0,2,28,99.0,0,1,5.198497031265826,False,False,1.6223814283426785
0,1.0,5.0,1,2,90.0,1,8,5.198497031265826,True,False,7.9921185244953845
0,1.0,3.0,2,7,86.0,1,47,5.241747015059643,False,False,14.994628607310492
0,1.0,1.0,1,1,100.0,1,1,3.9318256327243257,True,False,11.866958074184401
0,1.0,1.0,1,4,95.0,0,1,4.51085950651685,False,False,5.6332978536178295
0,1.0,2.0,1,4,85.0,1,4,6.396929655216146,False,False,2.0277030831022405
0,1.0,1.0,1,3,93.0,1,1,3.2188758248682006,True,False,13.92358122585737
0,1.0,1.0,3,1,100.0,0,1,4.61512051684126,False,False,5.066169615357693
0,3.0,3.0,3,28,98.0,0,1,5.049856007249537,False,False,8.200627011690102
1,1.0,1.0,1,36,95.0,1,1,4.30406509320417,True,False,18.705361970896686
0,1.0,2.0,2,17,88.0,0,5,4.143134726391533,True,False,2.185508204976561
0,1.0,2.0,3,8,100.0,0,1,4.394449154672439,False,False,6.189297674299494
1,1.0,4.0,1,9,100.0,1,12,5.075173815233827,False,False,0.426710180169962
0,1.0,2.0,3,1,80.0,1,1,4.836281906951478,False,False,2.6725899918730533
0,1.0,1.0,3,13,94.0,0,2,4.330733340286331,True,False,7.97127851945583
0,2.0,2.0,2,59,94.0,0,10,5.598421958998375,False,False,4.51882474823735
1,1.0,3.0,1,171,96.0,0,1,5.298317366548036,False,False,0.3685854186051295
0,1.0,1.0,1,21,97.0,0,2,3.8501476017100584,True,False,18.47169853082731
0,1.0,2.0,5,7,97.0,0,1,5.017279836814924,False,False,3.9750706101065783
1,1.0,2.0,2,50,99.0,0,1,4.7535901911063645,False,False,8.526606362776997
0,1.0,1.0,1,11,85.0,1,2,4.330733340286331,True,False,0.8133950545887153
0,2.0,2.0,1,16,88.0,1,1,5.181783550292085,False,False,1.6361227038643724
0,2.0,3.0,3,4,95.0,0,1,4.948759890378168,False,False,3.8364095561591673
0,1.0,1.0,1,3,100.0,1,1,3.9889840465642745,False,False,4.828593783752979
0,1.0,1.0,1,3,87.0,0,2,4.248495242049359,False,False,3.31891247928778
0,1.0,1.0,1,2,90.0,1,1,3.8501476017100584,True,False,0.7547446118756049
0,1.0,1.0,2,118,94.0,1,2,4.836281906951478,False,False,6.315417744936851
0,1.0,2.0,3,5,88.0,0,1,4.875197323201151,False,False,7.425233448537923
0,1.0,1.0,2,7,97.0,0,1,4.189654742026425,True,False,0.6277726757689669
1,1.0,1.0,1,15,97.0,0,2,5.049856007249537,False,False,8.336071412010043
0,1.0,1.0,2,3,100.0,1,1,4.330733340286331,False,False,8.342683591010507
0,1.0,1.0,1,72,92.0,0,3,4.919980925828125,False,False,3.9931406797459146
0,1.0,1.0,4,4,90.0,1,3,4.51085950651685,False,False,2.2365050581398536
0,1.0,2.0,1,143,95.0,1,1,5.017279836814924,False,False,1.1190714138983326
0,1.0,1.0,3,31,88.0,1,2,4.02535169073515,True,False,2.470893349717
0,1.0,1.0,1,8,95.0,1,6,3.4339872044851463,True,False,25.519898590925614
1,1.0,1.0,3,120,99.0,0,1,5.278114659230517,False,False,5.64679002216803
0,1.0,1.0,4,18,98.0,0,1,4.7535901911063645,False,False,7.950999405168043
0,1.0,1.0,4,12,98.0,0,23,4.9344739331306915,False,False,5.279433634896274
0,2.0,6.0,1,28,86.0,1,4,4.875197323201151,False,False,14.810358707490108
0,2.0,7.0,2,19,89.0,0,12,6.212606095751519,False,False,1.7146872763252476
1,1.0,2.0,1,132,95.0,1,7,5.25227342804663,False,False,0.42194911948201114
0,1.0,2.0,1,36,86.0,1,1,3.713572066704308,True,False,14.848292350683277
1,1.0,1.0,3,83,97.0,0,1,4.836281906951478,False,False,4.5989506530026745
1,1.0,3.0,1,26,95.0,1,10,5.135798437050262,False,False,0.42876366193146426
1,1.0,1.0,1,30,97.0,0,1,4.276666119016055,True,False,6.529648008882087
1,1.0,1.0,1,14,97.0,0,3,4.110873864173311,True,False,1.4885861402083314
0,1.0,1.0,1,9,89.0,1,4,3.6888794541139363,True,False,29.403437222883483
0,1.0,4.0,1,42,90.0,1,50,5.111987788356544,False,False,0.6271279466146774
0,1.0,2.0,2,14,90.0,1,30,5.14166355650266,False,False,10.954303813657793
0,1.0,2.0,2,13,95.0,0,1,4.77912349311153,False,False,5.560231421193205
1,1.0,1.0,2,14,96.0,1,1,4.110873864173311,False,False,4.293684711837965
0,1.0,2.0,2,14,96.0,0,3,4.867534450455582,False,False,0.9054815090156915
1,2.0,3.0,3,3,87.0,1,3,5.298317366548036,False,False,1.489864556182368
0,1.0,2.0,4,2,100.0,1,1,4.382026634673881,False,False,6.968475392199812
0,1.0,2.0,1,15,89.0,1,1,4.61512051684126,False,False,0.8358308006263554
1,1.0,1.0,3,17,98.0,0,3,4.007333185232471,True,False,17.880863546778727
0,1.0,1.0,7,16,89.0,0,1,3.4339872044851463,True,False,9.350765811183878
0,1.5,1.0,1,3,100.0,1,1,3.58351893845611,True,False,18.58781029266902
1,2.0,2.0,2,21,98.0,0,3,5.25227342804663,False,False,1.2828527746934508
0,1.0,2.0,2,1,100.0,1,50,5.442417710521793,False,False,3.9110830473112403
0,1.0,2.0,5,1,100.0,0,1,6.396929655216146,False,False,3.5102110116781082
0,1.0,1.0,1,2,100.0,0,1,4.02535169073515,True,False,12.932752036664995
1,1.0,3.0,1,8,100.0,0,2,5.231108616854587,False,False,35.463364104997105
0,1.0,3.0,1,99,88.0,0,1,4.983606621708336,False,False,0.8539084076609171
0,1.0,2.0,1,8,80.0,1,1,4.5217885770490405,False,False,0.8283290763977469
0,1.0,2.0,1,7,86.0,0,1,5.529429087511423,True,False,11.980492385974497
0,1.0,1.0,2,33,98.0,1,3,4.174387269895637,False,False,3.874868464217064
0,1.0,2.0,1,3,73.0,1,5,4.343805421853684,True,False,28.95109313528411
0,1.0,1.0,3,2,100.0,0,1,4.174387269895637,False,False,6.263721051483164
0,1.0,2.0,6,3,100.0,0,1,4.836281906951478,False,False,4.942798942422401
0,1.0,1.0,1,17,89.0,1,3,5.017279836814924,False,False,0.7839543393358662
1,2.0,2.0,1,2,100.0,1,4,5.087596335232384,False,False,14.10324633830666
0,1.0,1.0,1,7,89.0,0,3,3.6888794541139363,True,False,25.111482959937753
1,1.0,2.0,2,8,100.0,0,1,4.795790545596741,False,False,1.2365095725209436
1,1.0,1.0,1,48,93.0,1,41,4.653960350157523,False,False,0.7328346310172272
0,2.5,5.0,1,4,85.0,1,1,4.499809670330265,False,False,17.417486273665986
1,1.5,2.0,3,14,100.0,0,4,3.9318256327243257,True,False,6.3051440111790695
1,1.0,2.0,2,45,99.0,0,1,5.198497031265826,False,False,0.9941813799603433
0,1.0,2.0,1,1,100.0,1,2,5.003946305945459,False,False,1.710136131759967
0,1.0,2.0,2,126,96.0,1,1,5.198497031265826,False,False,5.255534538382429
0,1.0,1.0,2,4,100.0,1,1,4.189654742026425,True,False,5.912077347187996
0,1.0,1.0,30,3,100.0,1,1,4.110873864173311,True,False,4.944852254107985
0,1.0,1.0,1,1,100.0,0,2,3.6375861597263857,True,False,4.320919814331824
0,1.0,1.0,3,5,96.0,1,1,3.713572066704308,True,False,0.8230551635679162
0,1.0,2.0,2,2,100.0,0,1,5.529429087511423,False,False,1.8570832671466182
0,2.0,2.0,1,2,100.0,1,1,5.056245805348308,False,False,0.6269141053561735
0,1.0,2.0,1,3,93.0,1,50,4.382026634673881,True,False,18.174828441593203
0,2.0,1.0,1,5,88.0,1,9,4.23410650459726,True,False,8.87528893096955
0,1.0,1.0,2,3,100.0,1,1,4.110873864173311,True,False,3.4386703446917863
0,2.0,4.0,1,37,97.0,0,1,5.298317366548036,False,False,31.73508945357584
1,2.0,2.0,2,116,98.0,1,1,5.25227342804663,False,False,0.8144060620521474
0,2.0,2.0,2,5,100.0,0,1,5.940171252720432,False,False,4.194550342764958
1,1.5,3.0,1,25,97.0,1,3,4.574710978503383,False,False,27.874138298179577
0,1.0,1.0,1,2,70.0,0,1,3.9318256327243257,True,False,2.1731062253343314
0,1.0,1.0,1,1,100.0,1,1,4.02535169073515,True,False,14.713492161775674
1,1.0,2.0,2,2,100.0,1,3,4.969813299576001,False,False,3.9337920032887492
0,1.0,2.0,1,62,92.0,0,5,4.700480365792417,False,False,5.383557621676547
0,1.0,2.0,25,1,100.0,0,1,4.700480365792417,False,False,3.99292989373505
0,2.0,2.0,2,2,80.0,0,1,5.25227342804663,False,False,1.1546406141778245
1,1.0,1.0,2,37,96.0,0,1,4.574710978503383,False,False,2.9105156404125245
1,2.0,2.0,2,54,95.0,1,50,4.61512051684126,False,False,1.2680887274940444
1,1.0,3.0,2,26,98.0,0,1,5.278114659230517,False,False,36.15773008516923
0,1.0,1.0,3,1,100.0,1,1,3.8501476017100584,True,False,23.775570712310856
0,1.0,2.0,4,109,94.0,0,1,4.68213122712422,False,False,1.3402326782835734
0,1.0,3.0,1,74,95.0,0,1,4.330733340286331,False,False,37.15115433436484
0,2.5,4.0,3,117,92.0,1,1,5.521460917862246,False,False,3.9553990880752505
0,1.0,1.0,1,23,90.0,0,1,4.442651256490317,False,False,6.40484580687466
0,1.0,1.0,2,3,73.0,1,3,3.4339872044851463,True,False,10.520379893622934
0,1.0,1.0,1,25,93.0,1,2,4.110873864173311,True,False,0.5130048348840907
0,1.0,1.0,1,54,92.0,1,11,3.713572066704308,True,False,19.46537116637583
1,3.0,1.0,2,3,100.0,0,2,4.442651256490317,True,False,1.8733033657307865
0,1.0,1.0,4,9,100.0,0,2,4.394449154672439,True,False,1.9080271559867135
1,1.0,1.0,1,30,99.0,0,2,4.875197323201151,False,False,2.2165590082497273
0,1.5,5.0,2,15,100.0,0,1,5.3981627015177525,False,False,4.644803921572968
1,1.0,3.0,2,16,97.0,1,1,5.017279836814924,False,False,3.741575115012133
0,1.0,1.0,2,3,100.0,0,1,4.700480365792417,False,False,6.47922109426055
0,3.0,4.0,2,3,100.0,0,29,6.415096959171596,False,False,37.4949902167835
0,2.0,2.0,1,1,100.0,1,1,5.198497031265826,False,False,3.820745282047884
1,1.0,1.0,2,34,100.0,1,1,4.867534450455582,False,False,2.388837028294327
0,1.0,1.0,5,11,100.0,0,1,3.9889840465642745,True,False,4.540593107905396
0,1.0,3.0,1,11,98.0,1,5,4.61512051684126,False,False,2.2872734735817475
1,1.0,2.0,2,8,98.0,1,8,5.25227342804663,False,False,1.2876845151563443
0,1.0,1.0,2,2,100.0,1,2,4.110873864173311,False,True,7.310490140487081
1,1.0,1.0,1,91,98.0,0,1,4.51085950651685,False,False,3.9836959906672806
0,2.0,6.0,2,25,95.0,0,2,5.14166355650266,False,False,34.544015993481175
1,1.0,3.0,2,5,92.0,0,8,4.983606621708336,False,False,4.181855285412355
0,2.0,3.0,1,46,94.0,1,50,5.099866427824199,False,False,0.5799557963093409
1,1.0,2.0,1,52,99.0,0,1,5.198497031265826,False,False,2.786495403122688
0,1.0,1.0,1,24,88.0,0,4,3.9318256327243257,True,False,27.463385746802093
0,1.0,3.0,3,5,96.0,0,1,5.0689042022202315,False,False,0.4969282479131251
0,1.0,2.0,1,6,93.0,0,1,4.61512051684126,False,False,3.957856672638171
0,1.0,2.0,1,22,82.0,1,36,4.700480365792417,False,False,4.627794979664414
0,1.0,1.0,1,2,100.0,0,6,3.9889840465642745,True,False,18.800846880953433
1,2.0,3.0,4,4,95.0,1,3,5.351858133476067,False,False,9.950150351609025
1,1.0,3.0,2,18,99.0,1,20,5.043425116919247,False,False,1.130361004199899
0,1.0,3.0,1,1,100.0,0,23,4.948759890378168,False,False,1.00717196588993
0,1.0,1.0,2,2,100.0,1,2,5.198497031265826,False,False,2.2689641552334034
0,1.0,1.0,2,13,94.0,0,1,4.9344739331306915,False,False,1.694943415803583
0,2.0,5.0,1,35,88.0,1,1,5.564520407322694,False,False,0.8121982251846492
0,2.0,2.0,1,9,96.0,0,10,5.030437921392435,False,False,1.924338510268963
0,1.0,1.0,2,14,95.0,0,2,4.110873864173311,True,False,4.0958796373905395
0,1.0,1.0,3,2,100.0,0,1,4.499809670330265,False,False,5.254548828222915
0,1.0,2.0,2,1,100.0,1,1,4.382026634673881,False,False,7.898722287274966
1,1.0,1.0,2,67,99.0,0,1,4.442651256490317,False,False,8.7181894790334
0,2.0,3.0,2,12,83.0,1,47,5.298317366548036,False,False,14.433653841282519
0,1.0,1.0,1,152,92.0,1,3,3.9512437185814275,True,False,6.310277952134089
0,1.0,1.0,2,3,100.0,0,1,5.993961427306569,False,False,2.780976617511327
0,2.0,2.0,1,11,95.0,1,2,3.8501476017100584,True,False,6.53699533743899
0,1.0,2.0,2,33,99.0,0,1,5.1647859739235145,False,False,6.409069850893875
0,1.0,1.0,1,1,100.0,0,1,3.9318256327243257,True,False,1.150910099354777
1,1.0,1.0,1,3,100.0,0,2,3.871201010907891,True,False,5.7608377886836
1,1.0,5.0,2,7,100.0,1,29,4.61512051684126,False,False,0.8912393709666698
1,1.0,2.0,1,15,97.0,1,2,3.58351893845611,True,False,22.01486487330313
0,2.0,4.0,2,16,93.0,1,3,4.77912349311153,False,False,13.970777024556932
1,1.0,1.0,2,36,98.0,0,1,3.8918202981106265,True,False,5.76327915683829
1,1.0,1.0,2,118,97.0,0,1,4.836281906951478,False,False,2.9677450636462237
0,1.0,2.0,1,5,95.0,0,1,4.574710978503383,False,False,5.199367694321102
0,1.0,1.0,1,5,100.0,0,1,5.017279836814924,True,False,4.547697876158821
1,1.0,1.0,1,42,98.0,0,1,4.23410650459726,True,False,2.744195726762929
0,1.5,3.0,2,6,93.0,1,19,5.214935757608986,False,False,14.311060071919808
0,1.0,2.0,2,4,85.0,1,5,4.867534450455582,False,False,0.9135493572987249
0,2.0,5.0,2,4,100.0,1,1,4.948759890378168,False,False,65.0186918714777
0,1.0,1.0,2,2,100.0,1,1,4.276666119016055,True,False,4.35313090573215
1,1.0,2.0,7,2,90.0,1,2,5.365976015021851,False,False,2.605701482110441
1,2.0,6.0,2,146,99.0,1,13,5.840641657373398,False,False,1.0999476041497473
0,1.0,3.0,3,9,82.0,0,2,4.875197323201151,False,False,4.108872863209608
0,1.0,2.0,7,6,93.0,0,1,4.442651256490317,False,False,5.111339239799219
0,1.0,1.0,1,2,90.0,1,1,4.499809670330265,True,False,2.593199991368027
1,1.0,3.0,3,15,97.0,0,1,5.204006687076795,False,False,4.07360728097028
0,1.0,1.0,1,31,91.0,1,3,3.871201010907891,True,False,6.464354683894261
1,2.0,1.0,3,12,100.0,0,17,5.521460917862246,False,False,2.0501075360995884
0,1.0,2.0,2,200,96.0,1,3,4.634728988229636,False,False,0.6481740613275286
0,1.0,1.0,3,2,90.0,1,1,4.007333185232471,True,False,3.8656009883609976
0,1.0,4.0,2,2,100.0,0,33,5.298317366548036,False,False,5.283374535623506
1,1.0,2.0,4,58,96.0,0,1,4.787491742782046,False,False,2.035776601958729
0,1.0,1.0,1,9,96.0,0,1,3.8066624897703196,True,False,6.468926012752903
1,1.0,1.0,2,20,95.0,0,1,4.51085950651685,False,False,5.545624184588338
0,1.0,1.0,1,1,100.0,0,3,3.8501476017100584,True,False,12.21860639491384
0,1.0,4.0,3,75,96.0,0,1,4.553876891600541,False,False,6.905405223704106
0,1.0,1.0,1,2,100.0,1,1,3.8501476017100584,True,False,1.2076055806540407
1,1.5,2.0,2,79,97.0,0,1,5.19295685089021,False,False,4.133238759846851
0,1.0,1.0,5,2,90.0,1,1,3.8918202981106265,True,False,1.9669125468528923
1,1.0,4.0,2,11,100.0,0,1,5.298317366548036,False,False,4.36406242608627
1,1.0,2.0,1,55,99.0,1,1,4.02535169073515,True,False,36.00228857400164
1,1.0,1.0,1,106,97.0,0,1,4.143134726391533,True,False,1.4782431030476249
0,1.0,3.0,2,52,95.0,1,1,5.198497031265826,False,False,1.4489934253416317
0,1.5,2.0,3,4,100.0,1,4,5.14166355650266,False,False,0.964053506792957
0,1.0,1.0,1,1,100.0,0,1,3.58351893845611,True,False,12.292643722069558
1,5.0,5.0,2,36,97.0,1,1,5.886104031450156,False,False,20.797646509858705
1,1.5,6.0,2,74,99.0,0,1,5.231108616854587,False,False,29.022380835646988
0,1.0,3.0,2,28,86.0,0,8,5.393627546352362,False,False,0.4207129615038251
0,1.0,2.0,2,30,100.0,0,1,4.875197323201151,False,False,5.707785708683287
1,2.0,2.0,2,38,97.0,1,1,5.442417710521793,False,False,1.8311888200398736
0,1.0,2.0,5,3,93.0,0,1,5.501258210544727,False,False,4.991964226122607
0,2.0,4.0,1,50,89.0,1,36,5.298317366548036,False,False,2.8956697947115573
1,1.0,1.0,1,122,95.0,1,2,4.574710978503383,False,False,1.8835041159364294
0,1.0,1.0,7,1,100.0,1,5,5.236441962829949,False,False,0.7096287762912094
1,2.0,2.0,1,72,99.0,0,1,4.61512051684126,False,False,6.654712793694073
1,1.0,2.0,1,11,96.0,1,24,5.529429087511423,False,False,0.2951219722457068
1,1.5,1.0,2,41,98.0,0,1,4.700480365792417,False,False,4.176711251599853
1,1.0,1.0,1,5,100.0,0,3,4.787491742782046,False,False,4.935720471082503
0,1.0,1.0,2,16,97.0,1,1,4.795790545596741,False,False,5.174170550998501
0,1.0,3.0,1,49,93.0,1,29,4.897839799950911,False,False,0.8042743020738118
0,1.0,1.0,3,4,85.0,1,1,3.8918202981106265,True,False,1.568369634376255
1,1.0,1.0,7,15,97.0,0,1,4.663439094112067,False,False,12.239783335805175
0,5.0,1.0,3,15,95.0,0,5,3.9318256327243257,True,False,21.713420246476673
0,1.0,2.0,2,31,91.0,0,50,4.997212273764115,False,False,3.5690256925245647
0,2.0,3.0,1,114,93.0,1,19,5.003946305945459,False,False,0.8595710389570484
0,1.0,1.0,3,6,96.0,0,2,4.442651256490317,False,False,5.960772719463849
0,1.5,1.0,1,25,94.0,1,1,3.8918202981106265,True,False,3.9098179781410103
0,1.0,4.0,1,200,92.0,1,4,5.017279836814924,False,False,1.5400705699179846
0,1.0,1.0,1,130,98.0,1,2,4.30406509320417,True,False,1.51317307492683
0,1.0,1.0,1,6,90.0,0,2,4.110873864173311,True,False,1.190576460546049
0,1.0,1.0,2,36,96.0,1,1,4.499809670330265,True,False,17.97110908418889
0,1.0,2.0,1,4,100.0,1,2,4.919980925828125,False,False,0.7459835081107327
0,2.0,5.0,1,15,87.0,0,1,5.003946305945459,False,False,36.51251256508626
0,1.0,1.0,1,11,98.0,0,1,4.499809670330265,True,False,0.8129077820187431
0,3.5,8.0,28,1,100.0,1,26,5.981414211254481,False,False,18.168370717471166
0,2.5,4.0,6,3,100.0,0,1,4.919980925828125,False,False,17.30549990951816
0,1.0,1.0,1,193,96.0,0,1,4.127134385045092,False,False,16.437266400959842
0,1.0,1.0,1,58,96.0,1,6,4.787491742782046,False,False,0.6568272714950397
0,1.0,1.0,1,3,93.0,0,1,4.61512051684126,True,False,1.5810784668064202
0,1.0,2.0,2,13,92.0,0,2,4.983606621708336,False,False,0.44240703163377443
1,1.0,1.0,1,1,100.0,1,38,6.396929655216146,False,False,0.541344766675496
0,1.5,1.0,1,8,98.0,0,1,3.258096538021482,False,True,8.595827111455453
0,1.0,1.0,2,5,95.0,0,1,4.795790545596741,False,False,13.236425615376593
0,1.5,4.0,3,6,100.0,1,1,5.298317366548036,False,False,6.9735421616977575
0,1.5,1.0,2,20,93.0,0,6,3.8918202981106265,True,False,18.615226469190315
0,1.0,4.0,1,158,94.0,1,4,4.969813299576001,False,False,0.7201412242575878
0,1.0,1.0,2,20,98.0,0,2,4.276666119016055,True,False,1.472419676841964
0,1.0,4.0,1,1,80.0,0,36,4.983606621708336,False,False,1.5732815833012652
0,1.0,2.0,3,12,85.0,1,3,3.6888794541139363,True,False,11.953315117787817
0,1.0,2.0,2,2,90.0,0,1,5.860786223465865,False,False,1.2672767650070802
1,1.0,2.0,1,34,98.0,1,24,4.795790545596741,False,False,0.919748891379206
0,2.0,4.0,2,78,92.0,0,1,4.983606621708336,False,False,4.0050434865972475
0,1.0,2.0,1,1,80.0,0,7,5.231108616854587,False,False,13.56749852189651
1,1.0,1.0,1,25,96.0,0,2,4.110873864173311,True,False,37.982291252168295
0,1.0,1.0,1,14,94.0,0,1,3.58351893845611,True,False,11.630353632225688
1,2.0,4.0,2,3,87.0,1,22,5.049856007249537,False,False,23.62039060488163
0,2.0,4.0,2,15,93.0,1,47,5.25227342804663,False,False,1.6056789369728393
0,3.0,7.0,4,13,92.0,1,9,6.437751649736401,False,False,1.3376886096746299
1,2.0,2.0,2,9,96.0,0,1,5.087596335232384,False,False,3.139283080969822
1,2.0,2.0,2,1,100.0,0,27,5.1647859739235145,False,False,6.003693522570468
0,1.5,2.0,1,1,100.0,1,1,4.23410650459726,True,False,8.611297750111957
0,1.0,3.0,1,10,91.0,1,4,4.499809670330265,False,False,0.31594687318918885
1,2.5,3.0,2,22,92.0,0,3,5.857933154483459,False,False,8.351614646793209
1,2.0,4.0,1,16,98.0,0,5,5.43372200355424,False,False,0.47967907121896153
0,1.0,1.0,1,6,100.0,0,1,4.02535169073515,True,False,16.661474855710726
0,2.0,1.0,3,2,100.0,0,1,5.017279836814924,False,False,2.803685521439184
0,1.0,2.0,1,7,100.0,0,1,4.276666119016055,True,False,11.002863317908155
1,1.0,1.0,3,55,93.0,0,2,4.02535169073515,True,False,11.365597037298658
0,1.0,2.0,1,8,93.0,0,3,3.9318256327243257,True,False,20.222889047685324
0,2.0,4.0,3,47,89.0,1,1,5.993961427306569,False,False,1.962710672486393
0,1.0,1.0,2,14,99.0,0,1,5.298317366548036,False,False,2.157543615208614
0,1.0,3.0,3,3,100.0,1,3,4.9344739331306915,False,False,14.935594423438863
1,2.0,4.0,3,1,100.0,0,2,5.278114659230517,False,False,8.577767635277665
1,1.0,1.0,1,14,99.0,1,2,3.871201010907891,True,False,13.722978468043344
0,2.0,2.0,2,17,96.0,0,1,4.795790545596741,False,False,3.8334739385405046
0,1.0,1.0,2,11,95.0,0,5,4.61512051684126,True,False,16.75057273215108
1,1.0,1.0,3,57,99.0,0,5,5.111987788356544,False,False,0.8672610012289919
0,1.0,1.0,1,6,92.0,1,1,4.110873864173311,True,False,0.7422126699719636
1,2.0,2.0,3,29,97.0,1,14,5.424950017481403,False,False,3.7248200793480275
0,1.0,3.0,1,7,97.0,1,6,5.017279836814924,False,False,0.3778281198713344
1,1.0,1.0,2,55,96.0,1,1,4.700480365792417,False,False,3.7848921144913197
0,2.0,3.0,1,33,93.0,1,1,5.424950017481403,False,False,13.278561355309852
0,1.0,1.0,5,22,97.0,0,1,4.663439094112067,False,False,4.045658733137926
0,1.0,1.0,3,16,98.0,1,1,4.795790545596741,False,False,4.576212347244059
1,2.0,3.0,1,21,91.0,0,7,5.857933154483459,False,False,35.63647422069654
1,1.0,1.0,1,26,98.0,0,1,4.574710978503383,True,False,4.553994848189292
0,1.0,5.0,2,6,93.0,1,15,5.003946305945459,False,False,14.692457122056203
0,2.0,2.0,3,3,93.0,1,6,5.638354669333745,False,False,19.283623865254466
0,1.0,1.0,2,2,100.0,1,1,3.58351893845611,True,False,2.9969210739168393
1,1.0,1.0,1,40,99.0,1,1,4.330733340286331,True,False,1.110390142017835
0,1.0,1.0,1,1,100.0,0,2,3.6375861597263857,True,False,11.69014032502373
0,1.0,2.0,1,1,100.0,1,1,4.795790545596741,False,False,6.131855783568891
1,1.0,1.0,3,6,100.0,0,2,3.8501476017100584,True,False,28.68569113731171
0,1.0,1.0,3,10,96.0,0,1,4.663439094112067,False,False,2.750746511564093
0,1.0,2.0,2,40,96.0,1,1,4.382026634673881,False,False,23.769372509337586
0,1.0,3.0,2,4,75.0,1,3,5.25227342804663,False,False,0.8195540272224633
1,1.0,1.0,2,28,99.0,0,1,4.795790545596741,False,False,35.009349109698135
1,1.0,3.0,2,22,93.0,1,1,5.564520407322694,False,False,1.3096916133193075
1,2.0,2.0,3,58,97.0,1,1,4.919980925828125,False,False,14.418246674858075
0,1.0,2.0,2,44,95.0,0,2,4.499809670330265,True,False,1.014129358034156
1,2.0,2.0,1,57,99.0,1,16,5.087596335232384,False,False,4.456056083332594
0,1.0,3.0,7,2,100.0,1,1,5.529429087511423,False,False,10.216432011907745
1,1.5,2.0,1,129,100.0,1,1,4.919980925828125,False,False,40.970417575058924
1,1.0,1.0,2,192,95.0,1,1,4.795790545596741,False,False,5.026054992839517
0,1.0,1.0,2,3,100.0,0,2,4.51085950651685,True,False,1.5442234452711923
0,1.0,1.0,5,8,98.0,1,21,4.875197323201151,False,False,6.439055847591313
0,2.0,1.0,3,9,89.0,1,14,3.9318256327243257,True,False,11.545049475042616
0,2.0,4.0,3,61,95.0,1,17,5.860786223465865,False,False,1.4464812227388049
0,2.0,2.0,2,11,98.0,0,1,5.393627546352362,False,False,3.0702275220649367
0,2.0,4.0,2,1,100.0,0,24,5.707110264748875,False,False,0.6853748780902351
0,0.5,1.0,3,11,87.0,0,4,3.713572066704308,True,False,26.17356638880672
0,1.0,1.0,2,1,80.0,1,1,4.919980925828125,True,False,7.088842336159554
0,1.0,3.0,1,15,99.0,0,1,4.51085950651685,True,False,7.18624553262649
0,2.0,1.0,2,1,100.0,1,2,3.7612001156935624,False,True,0.43365711807691637
0,1.0,2.0,1,9,91.0,1,27,5.087596335232384,False,False,0.8460516715748129
1,2.0,3.0,2,46,93.0,0,26,5.075173815233827,False,False,1.432809852787468
1,1.0,3.0,2,52,98.0,1,1,5.293304824724492,False,False,1.9323719457226998
1,1.5,2.0,3,50,97.0,0,50,5.529429087511423,False,False,3.486803838341389
0,1.0,1.0,2,4,100.0,0,1,5.707110264748875,False,False,2.8034890102969667
0,2.0,3.0,2,27,92.0,1,1,4.330733340286331,False,False,14.863549479702954
1,1.0,1.0,2,28,96.0,1,1,4.51085950651685,False,False,6.243910184395009
0,1.0,1.0,1,1,80.0,1,1,3.9889840465642745,True,False,4.868276467623766
0,1.0,2.0,1,14,96.0,1,1,5.176149732573829,False,False,1.4854472876551448
0,1.0,1.0,1,2,100.0,1,1,6.68586094706836,False,False,0.2122298094024433
0,2.0,2.0,4,25,93.0,0,2,4.948759890378168,False,False,1.9235458202639195
0,1.0,2.0,1,1,80.0,1,1,3.9318256327243257,False,True,1.0789961974235578
0,1.0,1.0,2,53,99.0,1,1,5.017279836814924,False,False,0.7950842313241026
1,1.5,1.0,2,52,98.0,1,3,4.110873864173311,True,False,5.871760515731423
0,1.0,1.0,2,6,97.0,1,1,4.02535169073515,True,False,6.589622805162251
1,1.0,1.0,1,33,97.0,1,3,4.948759890378168,False,False,49.599790515711156
1,1.0,2.0,1,104,97.0,1,3,4.836281906951478,False,False,0.5469609967513569
0,1.0,1.0,2,3,90.0,0,1,3.8501476017100584,True,False,9.103815870489896
0,1.0,5.0,2,71,89.0,1,1,4.836281906951478,False,False,1.561926699235028
1,1.0,1.0,1,44,98.0,1,5,4.382026634673881,False,False,1.0270422373163552
1,1.0,1.0,1,19,96.0,1,18,4.110873864173311,True,False,0.5767171297451364
1,1.0,2.0,1,15,89.0,1,5,4.02535169073515,True,False,1.136685360256787
0,1.0,1.0,2,34,94.0,1,1,4.394449154672439,False,False,2.8422055906830552
0,1.0,3.0,2,45,97.0,0,3,4.700480365792417,False,False,5.974086846529659
0,2.0,2.0,2,80,95.0,0,50,5.298317366548036,False,False,1.7809222980686357
0,1.0,2.0,28,50,98.0,1,3,4.189654742026425,False,False,5.43082137315288
0,2.0,2.0,2,1,80.0,1,1,5.529429087511423,False,False,1.5405236841470282
1,1.0,3.0,2,162,94.0,1,2,5.099866427824199,False,False,0.27796954883417985
1,1.5,3.0,2,14,99.0,0,1,4.983606621708336,False,False,10.238777879048005
1,1.0,3.0,2,84,99.0,0,1,4.948759890378168,False,False,28.853055224648262
1,1.0,1.0,3,2,100.0,0,2,4.700480365792417,False,False,2.6328647920729393
1,1.0,2.0,3,26,100.0,1,1,5.981414211254481,False,False,5.860454530802871
0,1.0,2.0,2,2,80.0,0,1,5.087596335232384,False,False,2.5109893199596582
0,1.0,1.0,3,12,87.0,1,10,4.6913478822291435,False,False,1.1247618224451321
0,1.0,1.0,1,1,100.0,1,1,4.394449154672439,True,False,22.25997506734593
0,1.0,1.0,7,2,100.0,0,1,5.14166355650266,False,False,4.511865921642163
0,1.0,1.0,2,9,100.0,0,1,4.394449154672439,False,False,5.253213188519677
0,1.0,2.0,1,5,92.0,0,2,4.394449154672439,False,False,5.48408503878919
1,1.0,2.0,1,27,96.0,1,8,4.836281906951478,True,False,17.031269417505378
1,1.0,1.0,7,59,96.0,1,2,4.330733340286331,True,False,3.9576711863940557
1,1.0,1.0,2,104,96.0,1,34,4.795790545596741,False,False,0.361067722585902
0,1.0,1.0,2,17,100.0,1,2,5.3981627015177525,False,False,54.009848295229894
0,1.0,2.0,3,1,80.0,0,28,5.288267030694535,False,False,1.2369538351822162
1,1.0,2.0,6,3,100.0,0,9,5.017279836814924,False,False,4.063839262652299
0,1.0,1.0,4,1,100.0,1,1,5.402677381872279,False,False,0.3347090423688931
1,1.0,1.0,2,21,99.0,1,1,4.23410650459726,True,False,1.2128362514394293
0,1.0,2.0,3,4,90.0,0,1,4.875197323201151,False,False,4.344678557191551
0,1.5,1.0,5,2,100.0,0,1,3.8918202981106265,False,False,10.563387288854713
0,1.0,2.0,1,48,95.0,1,4,4.836281906951478,False,False,1.968851639204633
1,1.0,1.0,2,2,90.0,0,3,4.795790545596741,True,False,1.3389716055556018
0,1.0,1.0,2,8,90.0,0,1,3.4965075614664802,True,False,2.814813577937796
1,1.0,1.0,2,3,100.0,0,27,5.14166355650266,False,False,6.107194972007187
1,1.0,1.0,1,15,95.0,1,1,4.02535169073515,True,False,18.22346448606223
1,1.0,2.0,1,96,98.0,1,3,5.111987788356544,False,False,0.7427141747591816
0,2.0,2.0,2,6,87.0,1,15,5.049856007249537,False,False,1.986461931998395
0,1.5,1.0,5,4,90.0,1,1,4.189654742026425,True,False,0.48265355005443233
0,2.0,8.0,2,7,89.0,1,26,5.662960480135946,False,False,20.90042876880353
0,1.0,1.0,1,67,98.0,1,1,4.727387818712341,True,False,0.6811070320815545
1,1.0,1.0,2,65,95.0,1,1,4.61512051684126,False,False,0.9896067805695485
0,1.0,1.0,1,2,100.0,1,13,4.700480365792417,False,False,2.027306009097255
0,1.0,1.0,1,3,100.0,0,2,3.6109179126442243,True,False,19.78344486648046
0,1.5,1.0,1,7,93.0,0,1,4.795790545596741,True,False,1.5203933237864058
1,1.0,2.0,2,1,100.0,1,2,5.19295685089021,False,False,0.3692397391370474
0,1.0,2.0,2,8,100.0,0,2,4.51085950651685,False,False,7.978960932082812
1,1.0,1.0,1,26,98.0,1,1,3.58351893845611,True,False,14.986681981519204
0,1.0,2.0,3,46,93.0,0,1,4.875197323201151,False,False,8.03159900535085
0,1.0,1.0,2,31,96.0,0,2,4.110873864173311,True,False,16.78924542993969
0,1.0,2.0,2,36,94.0,0,1,4.61512051684126,False,False,6.017997591083212
0,1.5,5.0,1,7,100.0,0,1,5.278114659230517,False,False,5.436148372868387
1,1.0,2.0,2,83,98.0,0,1,4.7535901911063645,False,False,6.5628234588955054
1,2.0,8.0,1,13,98.0,0,1,6.423246963533519,False,False,0.948000169066772
1,1.0,1.0,3,16,100.0,0,1,5.017279836814924,True,False,4.234569124920169
1,2.5,2.0,3,112,98.0,0,1,5.327876168789581,False,False,5.8638913225590015
0,1.0,3.0,1,30,90.0,0,1,5.993961427306569,False,False,0.35564972911967807
0,1.5,1.0,2,12,100.0,0,1,4.110873864173311,True,False,6.261539415894429
1,1.0,2.0,2,77,97.0,0,1,4.787491742782046,False,False,0.6812995758284126
0,1.0,3.0,1,4,85.0,1,2,3.4339872044851463,False,True,0.5962624868178608
0,1.0,2.0,3,25,94.0,0,1,4.330733340286331,False,False,2.018179588143998
0,1.0,1.0,1,56,93.0,0,2,4.499809670330265,True,False,7.149070338812998
0,1.0,1.0,2,9,100.0,0,1,4.110873864173311,False,False,4.877830026699601
0,1.0,2.0,1,5,76.0,1,1,4.110873864173311,True,False,17.190219603507277
1,2.0,4.0,2,119,96.0,0,1,5.860786223465865,False,False,5.255678242451629
1,1.0,2.0,1,65,96.0,0,4,5.017279836814924,False,False,0.6236093531679849
0,2.5,5.0,2,14,99.0,0,1,6.396929655216146,False,False,6.7224771809816
0,1.0,1.0,1,5,100.0,1,2,3.7612001156935624,True,False,11.281479879713649
0,1.0,1.0,4,4,95.0,0,6,3.9318256327243257,False,True,0.8108223360180667
0,2.0,2.0,1,42,96.0,0,2,4.110873864173311,True,False,12.6071195137532
1,2.0,2.0,2,24,97.0,1,1,5.087596335232384,False,False,18.977124674033217
0,1.0,3.0,2,3,70.0,0,1,4.110873864173311,False,False,40.80843662171437
0,1.0,3.0,1,71,87.0,1,26,4.919980925828125,False,False,0.4784532962026171
1,2.0,2.0,3,2,100.0,1,10,5.993961427306569,False,False,3.876051367880804
0,2.0,3.0,7,10,98.0,0,1,5.351858133476067,False,False,2.9690600349717773
0,1.0,2.0,1,150,95.0,1,50,4.90527477843843,False,False,0.9840553010799613
0,1.0,1.0,2,9,100.0,0,1,5.860786223465865,False,False,5.326766238186017
0,1.0,1.0,2,16,93.0,1,1,4.442651256490317,True,False,3.587723704636299
0,1.0,1.0,1,6,93.0,1,29,4.61512051684126,False,False,0.835927522403817
0,1.0,3.0,1,2,100.0,1,13,4.634728988229636,False,False,0.9523833090894995
0,1.5,3.0,1,6,100.0,0,2,5.860786223465865,False,False,15.66726482142627
0,1.0,1.0,1,2,100.0,0,1,4.276666119016055,True,False,36.19675177085469
0,1.0,1.0,2,4,95.0,0,1,3.8501476017100584,True,False,1.5155717839454437
0,1.0,2.0,3,73,90.0,1,2,4.442651256490317,False,False,6.204266856290607
1,1.0,2.0,3,19,88.0,0,10,5.087596335232384,False,False,1.7842050239211733
1,1.0,2.0,1,5,100.0,0,4,5.087596335232384,True,False,36.348201663688286
1,1.0,1.0,2,200,96.0,0,1,4.61512051684126,False,False,0.8652788975002047
0,1.0,2.0,2,34,92.0,0,1,5.278114659230517,False,False,4.533734269013498
0,1.0,3.0,1,7,86.0,1,11,4.836281906951478,False,False,0.6290228333033728
0,1.5,3.0,6,2,100.0,0,2,4.61512051684126,False,False,2.0833831483199496
0,1.0,1.0,1,1,100.0,0,2,3.4965075614664802,True,False,7.809135595380827
0,1.0,1.0,1,4,100.0,0,1,4.143134726391533,True,False,3.509322110677393
0,1.0,3.0,1,35,93.0,1,33,5.241747015059643,False,False,1.6267197413563144
0,1.0,1.0,1,77,95.0,0,1,4.276666119016055,True,False,3.0845232694789506
0,1.0,1.0,2,49,87.0,1,12,4.948759890378168,False,False,0.8157579127930316
0,1.0,2.0,5,2,100.0,0,1,4.852030263919617,False,False,2.5148200323579313
1,1.5,1.0,2,15,100.0,0,4,4.330733340286331,True,False,4.174428196484158
0,1.0,2.0,1,7,100.0,1,3,4.9344739331306915,False,False,0.7009079874417703
1,1.0,1.0,1,17,95.0,1,2,4.61512051684126,True,False,15.05253354666244
1,1.0,1.0,7,29,93.0,1,1,4.248495242049359,False,False,8.199467302273973
1,1.5,1.0,3,39,98.0,1,2,3.9318256327243257,True,False,4.985211346798664
1,1.0,1.0,3,2,100.0,0,3,4.477336814478207,False,False,4.553856463518653
0,4.0,5.0,2,8,100.0,0,4,6.68586094706836,False,False,43.0606887896812
0,1.0,1.0,7,12,98.0,0,1,4.700480365792417,False,False,0.18147862006567866
0,1.0,1.0,1,5,96.0,0,1,4.248495242049359,True,False,16.196846552830284
0,1.0,2.0,2,165,96.0,1,1,4.7535901911063645,False,False,3.794972245924975
0,1.0,2.0,2,5,100.0,0,1,4.927253685157205,False,False,9.54747647151202
0,1.0,1.0,3,9,98.0,1,1,5.278114659230517,False,False,4.968486428047842
0,2.0,4.0,1,55,95.0,1,50,5.19295685089021,False,False,0.6498055829048919
1,1.0,2.0,5,24,100.0,1,5,4.330733340286331,False,False,3.441989520136139
0,2.0,6.0,1,1,60.0,0,5,5.017279836814924,False,False,22.157732508755007
0,1.0,2.0,3,29,94.0,0,1,4.61512051684126,False,False,6.5647891670470395
0,1.0,1.0,1,5,92.0,1,1,4.867534450455582,False,False,1.999282279078489
0,1.0,3.0,1,4,100.0,0,3,5.111987788356544,False,False,3.8924191599399762
0,2.0,7.0,2,38,94.0,0,33,5.049856007249537,False,False,10.811112163424552
0,1.0,1.0,2,36,88.0,0,1,4.02535169073515,True,False,0.7400567273251437
0,3.0,3.0,1,57,91.0,1,3,5.8888779583328805,False,False,2.491474366998544
0,1.0,1.0,5,1,100.0,0,1,3.258096538021482,True,False,5.883588108129433
0,2.0,2.0,2,12,100.0,0,1,5.198497031265826,False,False,4.191641151950736
0,1.0,1.0,1,10,100.0,0,2,3.58351893845611,True,False,12.589074870582262
0,1.5,1.0,1,5,92.0,0,1,3.9318256327243257,True,False,5.355477459735673
0,1.0,2.0,14,2,90.0,0,1,3.58351893845611,True,False,10.030793614260242
0,2.0,2.0,1,1,100.0,0,11,5.638354669333745,False,False,2.0259626968562223
0,1.0,1.0,3,1,100.0,0,1,4.330733340286331,False,False,0.9057740576888416
0,1.0,2.0,4,57,89.0,0,2,4.574710978503383,False,False,7.698021244933582
0,2.0,2.0,2,23,93.0,1,30,4.795790545596741,False,False,5.040771765706362
0,1.0,1.0,2,3,87.0,0,2,4.61512051684126,True,False,5.117144918641102
0,1.0,2.0,2,2,70.0,1,12,4.852030263919617,False,False,0.48606414310875345
1,1.0,3.0,5,6,93.0,0,50,5.62040086571715,False,False,13.819366152308268
0,1.0,1.0,2,6,100.0,0,1,4.59511985013459,False,False,4.807917225957854
0,2.0,2.0,1,39,92.0,0,1,3.8501476017100584,True,False,15.11767975502954
1,2.5,1.0,1,22,97.0,1,2,4.110873864173311,True,False,33.335360287960704
0,2.0,4.0,2,1,100.0,0,1,4.919980925828125,False,False,14.900845573026594
0,2.0,3.0,1,4,100.0,1,7,5.087596335232384,False,False,3.4565534250328995
0,1.0,1.0,1,7,77.0,1,1,3.258096538021482,True,False,23.36530571032454
0,1.0,1.0,7,1,100.0,0,50,4.276666119016055,True,False,1.9816109436074885
1,1.0,2.0,28,67,95.0,1,4,4.07753744390572,True,False,5.575492985295777
0,1.0,4.0,2,7,100.0,1,1,4.77912349311153,False,False,35.96723854286338
0,1.0,1.0,2,2,100.0,1,1,4.59511985013459,True,False,1.9578168754986396
0,2.0,2.0,3,18,94.0,0,3,5.529429087511423,False,False,0.5001900967185942
0,1.0,1.0,2,6,92.0,0,1,4.61512051684126,False,False,5.6666957971652945
0,1.0,2.0,1,1,80.0,1,1,4.442651256490317,True,False,0.7309144469123318
0,2.0,3.0,1,141,94.0,1,5,6.68586094706836,False,False,0.749456744055949
0,1.0,1.0,2,19,98.0,0,2,4.394449154672439,True,False,6.4034538824198535
1,4.0,8.0,2,30,97.0,1,1,5.991464547107982,False,False,12.835931194980718
0,1.0,1.0,2,1,100.0,0,1,3.9318256327243257,True,False,7.211067750202059
0,2.0,2.0,2,67,93.0,1,47,5.262690188904886,False,False,4.024642084497386
0,2.0,5.0,2,6,95.0,0,1,5.14166355650266,False,False,25.86206365010707
0,1.0,1.0,1,1,100.0,0,4,4.948759890378168,False,False,0.5913177116656855
0,2.0,6.0,6,1,100.0,1,1,5.159055299214529,False,False,7.210088715563959
0,1.0,3.0,1,92,96.0,0,4,5.087596335232384,False,False,4.81302430354008
0,1.0,1.0,2,8,98.0,0,1,4.948759890378168,False,False,0.6201564704272436
0,0.5,1.0,2,1,100.0,1,1,3.871201010907891,True,False,1.4909732340801007
0,1.0,1.0,3,7,97.0,0,1,3.4339872044851463,True,False,9.953728308788348
1,1.0,5.0,2,30,93.0,1,1,5.393627546352362,False,False,2.865251251821073
0,2.0,2.0,1,1,60.0,1,9,4.927253685157205,False,False,0.712721336940094
0,3.0,8.0,2,12,90.0,1,26,5.638354669333745,False,False,14.974279716527596
0,1.0,2.0,3,4,87.0,0,2,4.795790545596741,False,False,7.238536110102966
0,1.0,6.0,1,3,100.0,1,2,5.017279836814924,True,False,13.62109763209538
0,2.5,3.0,1,6,88.0,0,1,4.330733340286331,True,False,33.58757678842323
0,1.0,1.0,3,3,100.0,0,1,5.087596335232384,False,False,0.8303046488081025
0,1.0,1.0,2,17,91.0,1,1,4.110873864173311,True,False,0.5376900177926075
0,2.0,2.0,2,2,100.0,0,1,4.718498871295094,False,False,4.967684556830595
0,1.0,1.0,1,1,100.0,1,2,5.198497031265826,False,False,51.662245395278234
0,1.5,4.0,5,2,100.0,0,2,5.198497031265826,False,False,4.250160365038419
0,2.0,3.0,1,1,80.0,1,14,6.396929655216146,False,False,2.01160305596645
0,1.0,1.0,2,2,100.0,1,1,3.9318256327243257,True,False,1.9859324896330004
0,2.0,5.0,1,17,95.0,0,2,5.529429087511423,False,False,5.145149064421648
0,1.0,2.0,1,76,93.0,1,50,5.298317366548036,False,False,0.757207567904827
0,1.0,1.0,7,4,93.0,1,1,4.3694478524670215,False,False,8.83800885900459
1,1.0,1.0,5,22,99.0,0,3,5.017279836814924,False,False,3.5210602660260153
0,2.0,2.0,2,2,80.0,1,1,5.3981627015177525,False,False,2.7517305135345627
1,1.0,5.0,1,109,95.0,1,29,5.111987788356544,False,False,0.659717645926444
0,2.0,5.0,1,150,93.0,1,4,5.529429087511423,False,False,1.2708899601083279
0,1.0,3.0,2,1,100.0,1,6,4.983606621708336,False,False,0.8513949079455232
0,2.0,6.0,7,4,95.0,0,1,5.993961427306569,False,False,2.986390918778667
0,1.0,1.0,1,21,84.0,1,4,4.700480365792417,False,False,1.0127720863115215
1,1.0,2.0,2,30,100.0,0,1,4.02535169073515,True,False,6.9646969941879515
0,1.0,1.0,1,5,100.0,1,1,3.58351893845611,True,False,7.302911611671327
0,1.0,2.0,5,3,100.0,0,1,4.382026634673881,False,False,11.461520820226264
1,1.0,1.0,1,17,99.0,0,2,3.8501476017100584,True,False,15.68011258765576
0,1.0,1.0,3,1,100.0,0,1,5.14166355650266,False,False,0.1396172420401984
0,1.0,2.0,1,7,94.0,1,2,3.58351893845611,True,False,15.058214486121239
1,1.5,2.0,3,13,100.0,1,1,5.3981627015177525,False,False,5.47318144856098
0,1.0,1.0,1,1,100.0,1,3,4.442651256490317,True,False,0.7686195106490353
0,1.0,2.0,2,61,92.0,1,7,4.852030263919617,False,False,0.9024909527694107
0,1.0,2.0,1,24,97.0,1,1,4.394449154672439,True,False,44.4477650702065
1,1.0,1.0,1,36,100.0,0,1,3.8918202981106265,True,False,9.859329188389875
0,1.0,1.0,1,10,100.0,0,4,3.6375861597263857,True,False,19.89469598725827
0,2.0,4.0,1,99,93.0,1,7,4.983606621708336,False,False,0.82782056237387
0,1.0,1.0,1,5,95.0,1,1,5.278114659230517,False,False,3.6854773295955594
0,2.0,2.0,2,28,94.0,0,1,4.442651256490317,True,False,10.545010555631015
0,1.0,1.0,30,31,100.0,0,1,3.4339872044851463,True,False,20.980873795762474
0,1.0,1.0,1,3,87.0,1,8,5.017279836814924,True,False,7.889321376423856
0,1.0,2.0,1,1,100.0,1,4,5.921578419643816,False,False,0.42242839771561075
0,2.0,2.0,2,4,80.0,0,2,5.017279836814924,False,False,4.723778751878224
0,2.5,3.0,3,24,97.0,0,1,4.948759890378168,False,False,18.623681768328723
0,2.0,2.0,1,1,100.0,1,7,4.9344739331306915,False,False,4.591525147619243
0,1.0,1.0,2,6,88.0,0,1,4.59511985013459,False,False,19.037417242951513
1,1.0,1.0,1,2,100.0,0,2,4.110873864173311,True,False,10.378993208913807
1,1.0,1.0,1,37,100.0,1,1,5.1647859739235145,False,False,2.9061691833009036
0,1.0,1.0,3,35,92.0,1,2,4.7535901911063645,False,False,0.7954387300652705
0,2.0,4.0,1,160,89.0,1,40,5.111987788356544,False,False,0.9423683827617272
1,1.0,1.0,2,66,97.0,1,41,4.795790545596741,False,False,0.3593296781528924
1,1.0,1.0,2,11,96.0,1,3,4.02535169073515,True,False,2.9332110139928154
0,2.0,3.0,3,22,83.0,1,1,4.7535901911063645,False,False,2.061343783819351
0,1.5,1.0,2,4,93.0,0,1,4.700480365792417,False,False,0.6562107236532035
1,1.0,1.0,7,24,98.0,0,1,4.948759890378168,False,False,2.899243685504844
1,1.0,1.0,3,7,97.0,1,1,5.298317366548036,False,False,4.376716519063679
0,3.0,8.0,3,41,95.0,0,2,5.860786223465865,False,False,6.028345999269008
0,1.0,2.0,2,15,91.0,1,2,4.700480365792417,False,False,0.5726270778175057
0,1.0,2.0,2,11,92.0,0,2,3.9318256327243257,True,False,17.63955988024042
1,1.0,2.0,1,43,98.0,0,2,4.875197323201151,False,False,0.6208397602422926
1,1.0,1.0,1,22,99.0,1,1,4.51085950651685,False,False,20.669469011416925
1,1.0,1.0,1,143,100.0,0,1,4.875197323201151,False,False,49.799497254408465
1,1.0,3.0,2,76,96.0,1,1,4.919980925828125,False,False,6.347009163850824
0,1.0,4.0,15,20,94.0,0,2,5.087596335232384,False,False,4.481903584437276
0,1.0,1.0,1,1,100.0,0,1,4.499809670330265,True,False,4.017723206026309
1,1.0,1.0,4,14,100.0,0,1,5.66988092298052,False,False,1.831525390412211
0,1.0,5.0,1,177,93.0,0,11,5.135798437050262,False,False,1.45976395413734
1,2.0,3.0,4,73,92.0,0,13,5.529429087511423,False,False,1.4310428676024172
1,2.0,3.0,3,4,100.0,1,2,5.236441962829949,False,False,0.6873713827401909
1,1.0,2.0,2,73,91.0,1,1,4.51085950651685,False,False,8.868652860221912
1,1.0,1.0,2,143,96.0,1,4,4.875197323201151,False,False,0.4092388500370054
0,1.0,3.0,4,51,81.0,0,1,4.7535901911063645,False,False,8.285405077589813
1,1.0,1.0,1,32,98.0,0,1,4.189654742026425,True,False,1.8976880389370694
0,1.0,1.0,1,2,100.0,0,1,4.276666119016055,True,False,0.4966447483988551
1,1.0,2.0,2,53,99.0,0,1,5.298317366548036,False,False,1.3800861124288508
0,1.0,1.0,6,11,100.0,0,1,4.948759890378168,False,False,5.3218880461114315
0,1.5,4.0,4,4,100.0,0,1,5.707110264748875,False,False,26.457171793368442
1,1.5,1.0,1,35,97.0,0,1,4.3694478524670215,True,False,3.301823025776712
1,1.0,2.0,1,2,100.0,0,3,4.394449154672439,True,False,20.42069804169307
0,1.0,2.0,2,4,87.0,1,1,4.875197323201151,False,False,8.097113599112763
0,1.0,2.0,1,48,91.0,1,2,5.707110264748875,False,False,35.22531303573739
0,1.0,1.0,2,3,100.0,0,1,4.795790545596741,False,False,0.8948010961506115
1,1.0,1.0,2,115,98.0,0,1,4.574710978503383,False,False,1.868584896957775
0,1.0,1.0,7,8,100.0,1,17,4.795790545596741,False,False,4.544286753262263
1,1.0,1.0,1,71,96.0,0,1,4.574710978503383,False,False,24.84504015344519
0,2.0,1.0,3,1,80.0,1,1,3.713572066704308,True,False,5.320767657519028
0,1.0,1.0,2,3,90.0,1,1,3.9318256327243257,True,False,6.435622360396535
1,1.0,3.0,1,57,97.0,0,1,5.14166355650266,False,False,25.070199096446338
0,1.0,1.0,1,2,100.0,1,27,4.875197323201151,False,False,0.8995503221425557
0,1.0,1.0,1,9,88.0,0,1,4.7535901911063645,True,False,0.4119481041056854
1,1.0,2.0,2,14,96.0,1,50,4.700480365792417,False,False,1.522466730259571
0,1.0,1.0,2,104,91.0,1,17,4.7535901911063645,False,False,1.6999506090889192
0,1.0,2.0,7,1,100.0,0,2,4.204692619390966,False,False,7.2542907308708795
0,1.0,1.0,4,1,100.0,0,1,4.61512051684126,False,False,2.1500147516151435
1,1.0,6.0,2,4,90.0,1,12,5.3981627015177525,False,False,64.7142400712204
1,1.0,1.0,1,50,96.0,1,1,4.663439094112067,False,False,1.4197586337412904
0,1.0,2.0,1,13,86.0,0,2,3.58351893845611,True,False,10.278707691786186
0,2.0,1.0,1,4,95.0,0,4,3.713572066704308,True,False,13.278433827451595
0,1.0,2.0,1,9,87.0,1,19,4.61512051684126,True,False,2.5282028636476737
0,1.0,3.0,3,34,98.0,1,50,4.836281906951478,False,False,0.3018053442449713
0,2.0,4.0,1,43,96.0,1,29,5.572154032177765,False,False,0.7650759522240677
0,1.0,1.0,1,10,94.0,1,1,3.6888794541139363,True,False,1.3893025522528202
1,1.0,1.0,1,37,99.0,1,5,5.3981627015177525,True,False,38.13852222007322
1,1.5,1.0,3,47,95.0,0,10,4.948759890378168,False,False,4.7739571352284065
1,1.0,2.0,1,17,95.0,1,41,4.795790545596741,False,False,0.8188141894008709
1,1.0,2.0,3,22,97.0,0,10,4.983606621708336,False,False,3.924318432124073
1,1.0,4.0,1,6,97.0,1,41,4.9344739331306915,False,False,0.4323173327163305
0,1.0,1.0,7,3,87.0,0,1,5.703782474656201,False,False,5.1307418464515315
0,2.0,2.0,2,57,97.0,1,1,5.14166355650266,False,False,52.554359899537985
0,1.0,2.0,1,2,100.0,1,1,5.993961427306569,True,False,3.6835226342568
0,2.0,2.0,1,2,60.0,0,2,5.198497031265826,False,False,0.7992458015862903
1,1.5,1.0,1,84,96.0,0,1,4.127134385045092,True,False,2.644929996767975
1,1.0,4.0,5,5,84.0,0,1,5.231108616854587,False,False,4.257395231155552
1,1.0,5.0,2,31,96.0,0,9,5.198497031265826,False,False,1.7919423014749565
0,1.0,2.0,1,1,100.0,1,16,5.19295685089021,False,False,0.6130892545237571
0,1.0,1.0,1,7,100.0,0,1,3.4339872044851463,True,False,12.511317813723785
1,1.5,1.0,3,60,100.0,0,2,3.4339872044851463,True,False,21.514882877481323
0,1.0,1.0,1,2,60.0,1,4,5.638354669333745,False,False,0.7063315280612231
1,1.0,1.0,1,91,97.0,1,2,4.948759890378168,False,False,0.6377968499446615
0,1.0,1.0,2,8,100.0,1,1,4.7535901911063645,False,False,5.034266781326515
1,1.0,2.0,1,1,100.0,1,4,4.465908118654584,True,False,0.8777444767220258
0,1.0,1.0,1,51,87.0,0,12,3.6888794541139363,True,False,12.577220928668455
0,1.0,1.0,1,14,90.0,0,3,4.189654742026425,True,False,6.698605497515267
1,1.5,2.0,2,1,100.0,1,2,5.655991810819852,False,False,53.50444058977906
0,1.0,1.0,2,2,90.0,1,3,4.919980925828125,True,False,2.9340682572557095
0,1.0,1.0,1,25,94.0,1,2,3.58351893845611,True,False,11.566881282283333
0,1.0,1.0,7,1,100.0,0,1,5.017279836814924,False,False,0.8807953302137921
0,1.0,6.0,7,5,88.0,0,25,3.58351893845611,False,True,0.7339776373901087
0,1.0,1.0,3,1,60.0,1,1,3.9318256327243257,True,False,0.8237478301443566
0,2.0,1.0,1,1,100.0,0,1,3.8501476017100584,True,False,26.11827911058856
0,1.0,1.0,1,4,100.0,1,1,4.330733340286331,True,False,6.009835100362243
0,1.0,1.0,1,26,91.0,0,1,4.382026634673881,False,False,4.779174757046024
0,1.0,2.0,2,12,98.0,1,1,4.787491742782046,False,False,1.065038317634504
0,1.0,2.0,2,8,100.0,0,2,4.795790545596741,True,False,2.217140878119939
0,2.0,1.0,1,9,89.0,0,1,4.110873864173311,True,False,4.940254806749042
0,1.0,1.0,1,24,98.0,1,1,3.8501476017100584,True,False,17.133116192359473
0,1.0,1.0,4,2,90.0,1,1,4.276666119016055,False,False,3.9403627613217043
1,1.0,2.0,1,58,96.0,1,1,5.017279836814924,False,False,6.1461304282942315
0,2.0,2.0,2,13,91.0,1,10,5.075173815233827,False,False,0.7743361843796788
1,1.0,1.0,1,200,99.0,1,2,5.017279836814924,False,False,0.45510461780365874
0,1.0,2.0,3,6,77.0,1,50,5.017279836814924,False,False,1.2240852786252279
0,2.0,2.0,3,1,100.0,1,3,5.521460917862246,False,False,1.516816430839449
0,2.0,3.0,3,7,97.0,1,35,5.1647859739235145,False,False,9.157652623502697
0,2.0,5.0,4,1,100.0,1,1,5.993961427306569,False,False,4.168223868293382
0,4.0,1.0,7,1,100.0,0,50,3.9318256327243257,True,False,4.98680148781243
0,1.0,2.0,10,8,95.0,0,1,4.394449154672439,False,False,7.485202507481655
0,2.0,2.0,2,30,99.0,0,2,5.442417710521793,False,False,2.330875322272174
1,1.0,2.0,1,31,97.0,1,1,4.343805421853684,False,False,6.781572911044354
1,1.0,1.0,1,2,100.0,0,2,3.8066624897703196,True,False,8.003426697465379
0,1.0,1.0,14,4,95.0,0,1,4.61512051684126,False,False,8.144059985449626
1,1.0,1.0,1,54,96.0,0,2,4.499809670330265,True,False,4.906939259615753
0,1.0,3.0,2,1,100.0,1,13,5.707110264748875,False,False,43.62602562664704
1,1.0,2.0,3,1,100.0,0,1,4.499809670330265,False,False,4.035107199587812
0,1.0,1.0,1,4,95.0,0,1,3.9318256327243257,True,False,8.769194775046126
0,1.0,1.0,1,1,100.0,0,1,4.189654742026425,True,False,1.994003101570993
0,1.0,1.0,1,4,90.0,0,2,5.017279836814924,True,False,1.4078978560815354
0,2.0,3.0,2,5,100.0,1,3,5.135798437050262,False,False,0.8983514103858308
0,1.0,2.0,1,85,94.0,1,33,4.948759890378168,False,False,1.5584329373275014
1,1.0,1.0,1,1,100.0,0,2,4.110873864173311,True,False,17.767873369590212
0,1.0,1.0,1,8,90.0,1,2,5.017279836814924,False,False,13.813492506736237
1,1.0,2.0,1,147,98.0,1,1,4.382026634673881,False,False,20.866482273504907
1,2.0,2.0,3,1,100.0,1,14,5.25227342804663,False,False,4.072720045248217
0,1.0,1.0,6,1,100.0,0,1,4.110873864173311,True,False,17.133245072025108
0,2.0,6.0,2,5,96.0,0,12,5.993961427306569,False,False,5.208957324166051
0,1.0,2.0,1,26,86.0,1,1,4.61512051684126,False,False,0.6783776698701672
0,2.0,3.0,3,18,94.0,0,23,5.25227342804663,False,False,2.232909141085643
0,1.0,1.0,2,2,100.0,0,1,4.02535169073515,True,False,5.7687282893846215
1,1.0,2.0,2,22,95.0,0,5,5.087596335232384,False,False,52.56007121466299
0,1.0,2.0,2,79,99.0,1,1,5.198497031265826,False,False,2.177027771926639
1,1.0,2.0,4,39,98.0,0,2,4.77912349311153,False,False,7.238687904235506
0,1.0,1.0,2,1,100.0,1,1,5.442417710521793,False,False,48.86720790963148
1,2.0,8.0,2,52,97.0,1,1,5.983936280687191,False,False,5.763709909553858
0,1.0,3.0,3,82,94.0,1,50,4.955827057601261,False,False,0.5173016934467457
0,1.0,1.0,1,5,96.0,1,1,3.4339872044851463,True,False,12.477900087095822
0,1.0,2.0,1,21,94.0,0,1,3.258096538021482,True,False,53.38667682662784
0,1.0,1.0,1,2,80.0,0,2,4.189654742026425,True,False,1.3663843960947881
0,2.5,8.0,2,2,100.0,1,26,5.631211781821365,False,False,21.710111628445027
0,2.0,8.0,2,57,93.0,0,28,5.638354669333745,False,False,51.31147188181089
0,1.0,1.0,2,15,96.0,1,1,3.58351893845611,True,False,31.96037866614727
1,1.0,2.0,2,107,95.0,0,2,4.787491742782046,False,False,22.82749238022741
0,1.0,3.0,7,2,100.0,1,1,4.61512051684126,True,False,10.102875273351284
0,5.0,7.0,1,14,90.0,1,31,5.529429087511423,False,False,14.191051676432606
0,1.0,1.0,2,5,90.0,1,2,4.394449154672439,False,False,14.046723060560216
0,1.0,1.0,3,10,100.0,0,1,4.68213122712422,False,False,7.192293270192518
0,1.0,1.0,3,1,100.0,0,1,4.787491742782046,False,False,4.114058709673219
0,1.0,2.0,2,16,90.0,1,30,4.919980925828125,False,False,0.7673382016985285
1,1.0,1.0,2,67,99.0,0,1,5.003946305945459,False,False,25.42154941510117
1,1.0,2.0,5,33,100.0,0,2,4.919980925828125,False,False,15.646955898437543
0,1.0,1.0,2,3,100.0,1,1,3.8501476017100584,True,False,12.813006654044163
1,3.5,7.0,3,85,99.0,0,2,6.040254711277414,False,False,2.4183566147306004
1,1.0,1.0,2,57,99.0,1,1,4.795790545596741,True,False,1.4510996721086407
1,1.5,3.0,2,14,99.0,0,2,5.198497031265826,False,False,34.802848849000675
1,1.0,2.0,4,38,96.0,1,1,4.852030263919617,False,False,4.44182759389384
0,1.0,1.0,3,1,100.0,0,1,4.700480365792417,False,False,3.9262435955348365
0,1.0,1.0,1,1,100.0,1,5,3.713572066704308,True,False,9.135787401109923
1,1.0,2.0,1,71,99.0,1,2,4.418840607796598,False,False,2.0602759782748743
0,1.0,2.0,2,11,98.0,0,1,4.762173934797756,False,False,1.089387148682221
0,1.0,1.0,2,4,100.0,0,1,4.700480365792417,False,False,2.574570679416806
0,1.0,1.0,1,2,80.0,1,1,4.02535169073515,True,False,11.345889266940942
1,1.0,1.0,2,78,96.0,0,2,5.135798437050262,False,False,61.04200293004396
0,1.0,1.0,2,23,100.0,0,1,4.948759890378168,False,False,5.158657047232033
1,1.0,1.0,2,85,99.0,1,1,4.574710978503383,False,False,4.891868633536255
0,1.0,1.0,1,7,97.0,1,8,4.9344739331306915,False,False,2.25734993823246
0,1.0,1.0,1,6,96.0,1,1,4.51085950651685,False,False,4.112856004544143
0,1.0,2.0,1,37,94.0,1,1,4.700480365792417,False,False,2.070956140514428
0,1.0,1.0,1,41,88.0,1,26,4.663439094112067,False,False,0.42345316137556216
1,1.0,3.0,5,1,80.0,1,50,5.723585101952381,False,False,3.213371063721282
1,3.0,5.0,2,19,98.0,0,3,6.133398042996649,False,False,33.69904099878658
0,2.0,1.0,5,18,80.0,1,2,4.02535169073515,True,False,5.55767570334035
1,1.0,2.0,3,123,99.0,0,1,4.574710978503383,False,False,3.7172842307567593
0,1.0,4.0,3,16,94.0,1,1,4.875197323201151,False,False,7.533955195312629
0,2.0,4.0,2,33,97.0,0,1,5.62040086571715,False,False,11.891585744886081
0,1.0,2.0,1,9,89.0,1,47,4.875197323201151,False,False,2.344903048633724
1,1.0,3.0,2,2,100.0,0,5,5.049856007249537,False,False,0.2988125009474523
0,2.5,7.0,2,4,80.0,0,1,5.638354669333745,False,False,14.410991748393053
1,1.0,2.0,2,200,96.0,0,1,4.7535901911063645,False,False,52.820936874265115
1,2.0,2.0,2,49,94.0,0,2,5.703782474656201,False,False,1.7739105722940898
1,1.0,1.0,3,2,100.0,1,1,3.713572066704308,True,False,6.261326813304752
0,1.0,1.0,4,6,93.0,0,1,4.110873864173311,False,False,5.962395558554143
0,1.0,1.0,1,72,98.0,0,2,4.330733340286331,True,False,1.070143562499711
0,1.0,1.0,2,6,97.0,0,2,5.3981627015177525,True,False,49.784846631182226
1,3.0,4.0,1,33,94.0,0,9,5.298317366548036,True,False,4.172143301392729
1,2.0,2.0,1,32,100.0,0,1,5.298317366548036,False,False,1.448780730196998
0,1.0,1.0,2,2,100.0,0,1,4.189654742026425,True,False,3.2901921982214155
0,2.0,4.0,3,7,94.0,0,1,5.564520407322694,False,False,12.67550072260507
1,1.0,1.0,2,2,100.0,1,4,4.276666119016055,True,False,2.1647324246009876
0,1.0,2.0,2,10,100.0,1,9,5.1647859739235145,False,False,2.1151822094444035
0,1.0,2.0,2,158,95.0,1,6,4.890349128221754,False,False,0.42385332692240896
0,1.0,2.0,1,19,98.0,1,3,4.59511985013459,True,False,14.974371247583093
1,1.0,1.0,3,4,85.0,0,13,4.634728988229636,True,False,0.9826662647015574
1,2.0,3.0,3,6,97.0,1,3,5.1647859739235145,False,False,0.8283698479202559
1,1.0,1.0,1,105,99.0,0,1,4.663439094112067,False,False,57.24258862781596
0,3.0,2.0,2,24,88.0,0,4,4.290459441148391,True,False,13.200657879263835
0,1.0,1.0,1,13,91.0,0,1,4.663439094112067,True,False,6.940794923117173
1,2.0,4.0,2,3,93.0,1,7,5.799092654460526,False,False,3.6872105621207973
0,2.0,8.0,1,59,92.0,1,19,5.598421958998375,False,False,0.7031317388962477
1,2.0,1.0,4,50,95.0,1,1,4.276666119016055,True,False,2.1033824842497144
1,1.0,3.0,3,38,97.0,0,17,5.25227342804663,False,False,5.959090007873036
1,1.0,4.0,2,38,97.0,0,1,4.867534450455582,False,False,3.9401885247060124
0,1.0,8.0,1,1,100.0,1,8,3.4011973816621555,False,True,0.7193158083121551
0,1.0,1.0,2,3,100.0,0,2,4.110873864173311,True,False,3.6285902003844144
0,1.0,1.0,1,95,94.0,1,50,4.74493212836325,False,False,0.8377157469388489
0,1.0,5.0,1,200,93.0,1,1,5.135798437050262,False,False,5.1719693103957125
0,1.0,5.0,2,23,97.0,0,1,4.795790545596741,False,False,6.099633945123457
0,1.0,2.0,2,2,60.0,0,23,4.836281906951478,False,False,14.434434156617401
0,1.0,1.0,2,1,100.0,0,1,3.713572066704308,True,False,6.149658624151128
0,1.0,4.0,4,2,100.0,0,1,5.198497031265826,False,False,13.89963597316782
0,1.5,2.0,2,5,96.0,0,1,5.14166355650266,False,False,5.919129069812199
0,1.0,1.0,2,25,94.0,0,2,3.58351893845611,True,False,10.862914145078685
0,1.0,4.0,3,10,96.0,0,1,4.787491742782046,False,False,7.019743916917161
0,1.0,2.0,1,8,94.0,0,1,4.61512051684126,False,False,0.7531768779728332
0,1.0,3.0,1,10,96.0,1,1,4.836281906951478,False,False,9.220462080127604
0,1.0,2.0,3,3,100.0,1,1,5.087596335232384,False,False,3.5439004820302853
0,1.0,1.0,1,13,98.0,0,1,4.330733340286331,True,False,5.5605713981658145
0,1.0,1.0,2,8,88.0,1,2,4.110873864173311,True,False,23.669956744657924
0,1.0,1.0,7,1,100.0,0,1,3.9318256327243257,True,False,0.6331373023612722
0,1.0,3.0,1,60,94.0,1,1,4.6913478822291435,False,False,1.43384478539994
1,2.0,2.0,2,1,100.0,0,3,5.298317366548036,False,False,11.213072071394661
0,1.0,2.0,2,1,100.0,0,1,4.276666119016055,True,False,9.996240560128964
1,2.0,3.0,1,14,87.0,1,35,5.241747015059643,False,False,0.8213833953452259
1,2.0,4.0,2,34,98.0,0,1,5.3981627015177525,False,False,1.1580685118415819
1,1.0,1.0,2,79,98.0,0,1,4.30406509320417,True,False,1.8278787484961896
1,1.0,1.0,1,4,100.0,0,2,4.330733340286331,True,False,1.4309487752080525
0,1.0,1.0,9,3,90.0,0,1,4.543294782270004,False,False,2.8138422866693014
0,1.5,1.0,1,1,100.0,0,1,3.9318256327243257,True,False,9.531453025777877
0,1.5,3.0,3,2,100.0,0,1,5.480638923341991,False,False,5.720067152213604
0,1.0,2.0,4,6,100.0,1,1,5.278114659230517,False,False,3.589865072008451
0,1.0,5.0,2,5,72.0,1,1,4.836281906951478,False,False,7.232932954968511
0,1.0,3.0,2,2,100.0,1,3,5.049856007249537,False,False,0.43812194506813895
0,1.0,3.0,1,12,90.0,1,2,4.110873864173311,True,False,1.8362826621913613
0,1.0,2.0,1,17,100.0,1,10,4.574710978503383,True,False,2.658943207517566
0,1.0,2.0,5,2,90.0,1,50,4.68213122712422,False,False,0.4257186835591406
1,2.0,5.0,1,9,93.0,0,18,5.564520407322694,False,False,1.1368584677607654
0,2.0,5.0,1,8,93.0,0,5,5.736572297479192,False,False,0.9799717579557086
1,1.0,1.0,1,101,93.0,1,1,4.110873864173311,False,False,5.517422950378104
0,1.0,1.0,1,34,91.0,0,1,4.204692619390966,False,False,3.893123832057947
0,1.0,1.0,20,1,100.0,0,1,3.4339872044851463,True,False,5.5650604594286035
0,1.0,1.0,2,2,100.0,0,1,3.8918202981106265,True,False,11.804392247499315
0,1.0,2.0,1,15,96.0,1,10,4.394449154672439,True,False,2.8162771060361944
1,1.0,3.0,3,83,98.0,0,1,5.017279836814924,False,False,9.96821293542499
1,2.5,2.0,1,16,100.0,1,2,5.480638923341991,False,False,51.13204896202925
1,2.0,5.0,2,17,99.0,1,29,4.61512051684126,False,False,0.7863670758461355
0,1.5,1.0,2,8,98.0,0,1,4.394449154672439,False,False,5.620035169234433
0,3.0,5.0,7,1,100.0,0,1,6.68586094706836,False,False,14.995235470446795
0,1.5,1.0,1,77,96.0,1,6,4.02535169073515,True,False,11.288256622332671
0,1.0,2.0,1,1,80.0,1,4,4.919980925828125,False,False,1.161100386299825
0,1.0,1.0,2,23,97.0,0,1,4.394449154672439,True,False,10.495472532522635
0,1.0,1.0,2,4,95.0,0,1,4.442651256490317,True,False,11.62373907317054
0,1.0,1.0,1,13,86.0,1,31,4.02535169073515,True,False,14.21742518753581
0,2.0,3.0,1,80,85.0,1,22,5.278114659230517,False,False,0.9097568983054369
0,1.0,1.0,1,4,93.0,1,2,4.276666119016055,True,False,1.1662736324428196
1,1.0,2.0,1,56,99.0,0,2,5.135798437050262,False,False,1.8071772759656364
0,1.5,1.0,1,15,100.0,0,1,4.143134726391533,True,False,6.345838826740939
0,2.0,3.0,2,6,100.0,0,1,5.860786223465865,False,False,53.606780690864305
1,2.0,1.0,1,45,99.0,0,5,4.442651256490317,True,False,1.3548936907185258
1,1.0,2.0,2,151,100.0,1,1,5.298317366548036,False,False,51.04118092399272
1,1.0,1.0,1,41,100.0,0,1,3.784189633918261,True,False,4.3807296664214
0,1.0,1.0,1,19,99.0,0,2,4.7535901911063645,True,False,1.9917311193008993
0,1.0,4.0,4,34,99.0,0,1,4.634728988229636,False,False,19.213681047074605
0,1.0,1.0,1,12,88.0,1,1,4.290459441148391,True,False,1.0621800324672563
0,1.0,1.0,2,55,96.0,1,15,4.77912349311153,False,False,0.5187904113604037
0,1.0,1.0,1,1,100.0,0,2,3.9318256327243257,True,False,3.901794930832142
0,1.0,1.0,1,3,100.0,0,2,4.330733340286331,True,False,13.789736297658973
1,1.5,1.0,1,23,99.0,0,1,4.394449154672439,True,False,3.479741781570212
0,2.0,2.0,3,2,100.0,1,10,5.991464547107982,False,False,3.455387996446405
0,1.0,1.0,2,55,96.0,0,1,4.795790545596741,False,False,5.254429300609681
0,1.0,3.0,2,17,94.0,1,15,4.955827057601261,False,False,23.751903600697712
1,1.0,2.0,1,131,97.0,0,1,4.700480365792417,False,False,27.444475464536133
0,2.0,1.0,1,3,100.0,0,2,4.394449154672439,True,False,8.166712877536872
0,2.5,3.0,2,4,100.0,0,1,5.1647859739235145,False,False,4.539114975373335
0,1.0,3.0,2,23,95.0,0,5,5.736572297479192,False,False,2.558753595795204
0,1.0,1.0,2,7,100.0,0,1,3.8501476017100584,True,False,25.672391240757367
1,2.0,6.0,3,77,99.0,0,2,5.278114659230517,False,False,5.824791954256423
0,1.0,1.0,1,6,88.0,1,2,5.017279836814924,True,False,1.3417557807069873
0,1.0,2.0,1,19,99.0,0,1,4.499809670330265,False,False,3.0628827478464666
0,1.0,1.0,2,5,80.0,1,3,3.784189633918261,True,False,25.646363176676573
0,1.0,1.0,2,9,100.0,0,1,4.204692619390966,True,False,1.2067678553159613
0,1.0,2.0,1,9,100.0,0,1,4.700480365792417,False,False,0.705354307233454
0,1.0,2.0,2,1,100.0,0,2,4.74493212836325,False,False,28.30870168320186
0,1.0,2.0,4,4,93.0,0,5,5.017279836814924,False,False,31.520286474225568
1,2.0,3.0,1,73,95.0,0,1,4.948759890378168,False,False,0.5398810044727113
1,1.0,2.0,1,102,97.0,1,9,4.61512051684126,False,False,5.695587458840238
0,3.0,2.0,2,8,90.0,1,3,4.382026634673881,False,False,11.263837393108915
0,1.0,1.0,3,3,100.0,1,3,4.189654742026425,True,False,17.232028723000607
0,1.0,1.0,2,2,90.0,1,6,4.61512051684126,True,False,0.4665250172085876
0,1.0,1.0,2,66,94.0,1,1,4.700480365792417,False,False,4.039905955103085
0,1.0,1.0,3,5,90.0,1,1,4.204692619390966,False,False,8.007437191825005
0,1.0,1.0,1,3,100.0,1,3,3.4339872044851463,True,False,14.228106589110206
1,1.0,1.0,3,37,95.0,0,1,4.189654742026425,True,False,12.819165989256126
0,1.0,2.0,4,29,96.0,0,1,5.442417710521793,False,False,6.467590371784298
0,1.0,2.0,1,89,88.0,1,33,5.087596335232384,False,False,1.0035184792892733
0,1.0,2.0,1,32,89.0,1,50,4.787491742782046,False,False,0.7450963091616952
0,1.0,3.0,1,22,95.0,1,50,5.017279836814924,False,False,0.7737320484131508
0,1.0,1.0,2,3,73.0,1,7,4.189654742026425,True,False,1.1438653797631348
0,1.0,2.0,2,5,100.0,0,1,4.394449154672439,False,False,30.480938843747367
0,1.0,3.0,1,3,90.0,0,7,4.382026634673881,False,False,5.330114396762012
0,1.0,2.0,5,8,95.0,0,20,4.61512051684126,False,False,0.8240390374326101
0,1.0,1.0,4,3,87.0,0,1,3.9318256327243257,True,False,4.388926090534091
1,2.5,4.0,2,45,99.0,1,1,5.723585101952381,False,False,2.092141539984348
0,1.0,1.0,1,1,100.0,1,1,4.663439094112067,False,False,0.779681510456062
0,2.0,1.0,2,1,60.0,1,2,3.713572066704308,True,False,13.631184295734487
1,1.0,1.0,2,107,98.0,1,1,3.8066624897703196,False,False,11.766102692833805
0,1.0,1.0,13,2,90.0,0,4,4.59511985013459,False,False,8.548762585739986
0,1.0,2.0,1,1,100.0,1,2,4.976733742420574,True,False,5.973830249085442
0,1.0,1.0,1,1,100.0,0,1,4.51085950651685,False,False,5.0177278524739926
1,1.5,1.0,1,200,98.0,1,1,4.174387269895637,True,False,0.5331747998054644
0,1.0,1.0,1,5,88.0,1,10,4.700480365792417,False,False,2.115628659735301
0,2.0,1.0,1,6,67.0,0,3,3.8918202981106265,True,False,18.129258619585507
0,2.5,6.0,5,9,100.0,0,1,6.68586094706836,False,False,14.316231127656481
0,1.0,1.0,1,8,97.0,0,1,4.51085950651685,True,False,22.356570769471297
0,1.0,1.0,2,3,93.0,0,1,4.276666119016055,False,False,4.656140801946543
0,1.0,1.0,1,9,71.0,0,2,4.795790545596741,True,False,5.465120763953435
0,1.5,1.0,1,16,96.0,1,1,3.713572066704308,True,False,5.499749584121135
0,2.5,1.0,2,22,95.0,0,1,4.189654742026425,True,False,9.926028870154527
1,1.0,1.0,2,97,100.0,1,1,5.198497031265826,False,False,1.918997001123194
0,1.0,1.0,2,2,90.0,0,1,4.23410650459726,True,False,6.802984595973802
0,1.5,1.0,2,24,97.0,0,1,4.248495242049359,True,False,5.7843443654885265
0,1.0,1.0,1,5,70.0,1,1,4.189654742026425,True,False,1.1775898607129323
0,1.5,1.0,1,8,98.0,0,1,4.394449154672439,True,False,6.453851878055162
0,1.0,1.0,1,3,73.0,0,1,6.68586094706836,False,False,1.8599493667783025
1,1.0,1.0,2,151,97.0,1,2,4.276666119016055,True,False,1.836318795144581
0,1.0,1.0,3,7,100.0,0,2,3.8501476017100584,True,False,28.940925920717067
0,1.5,1.0,1,3,87.0,1,1,4.61512051684126,True,False,5.608210848078491
0,1.0,1.0,1,1,100.0,1,3,4.61512051684126,True,False,1.706343887856013
1,1.0,2.0,2,52,95.0,0,26,5.087596335232384,False,False,1.1865762705321536
1,1.0,2.0,2,53,96.0,0,1,4.61512051684126,False,False,0.960559039527279
1,2.0,2.0,2,19,97.0,0,1,5.860786223465865,False,False,1.7297331297222622
0,1.0,8.0,1,21,90.0,1,12,4.955827057601261,False,False,11.205960045787698
0,1.0,2.0,2,105,96.0,0,11,5.017279836814924,False,False,0.36929972455268156
0,1.0,1.0,2,2,100.0,0,11,5.703782474656201,True,False,0.8348795267022403
0,1.0,2.0,3,11,96.0,1,50,4.919980925828125,False,False,0.44624124331131887
0,1.0,3.0,2,20,95.0,0,1,4.795790545596741,False,False,64.78800464985672
1,1.0,3.0,2,16,98.0,0,3,5.017279836814924,False,False,3.708662514087619
1,1.0,2.0,1,117,93.0,1,12,4.442651256490317,False,False,2.4039210797345296
1,1.0,1.0,2,26,98.0,0,2,4.30406509320417,True,False,1.7233016869380982
1,1.0,1.0,4,35,96.0,0,4,5.135798437050262,False,False,2.954159703695601
1,2.0,2.0,1,12,92.0,1,16,5.298317366548036,False,False,1.731688429163597
0,1.0,2.0,2,121,95.0,0,1,4.59511985013459,True,False,4.991922083778853
1,1.0,2.0,1,47,97.0,1,3,4.430816798843313,False,False,6.059277025256444
1,1.0,1.0,3,18,100.0,0,3,4.61512051684126,False,False,2.060096120630129
1,2.0,3.0,2,60,97.0,0,1,5.198497031265826,False,False,5.2263593542772515
1,1.0,1.0,3,31,100.0,0,1,4.574710978503383,False,False,1.7356095742977917
0,2.0,5.0,2,83,89.0,1,1,5.703782474656201,False,False,2.6277895651382686
1,2.0,2.0,2,22,100.0,0,1,5.529429087511423,False,False,5.271020211270039
0,1.0,2.0,1,26,93.0,0,5,3.8918202981106265,True,False,21.445529280918123
0,1.0,2.0,2,15,100.0,0,1,4.61512051684126,True,False,1.2326300301791746
0,1.5,2.0,5,4,100.0,1,1,4.7535901911063645,False,False,5.815282535246117
0,2.0,2.0,2,11,92.0,1,1,4.9344739331306915,False,False,0.5597337505992032
1,1.0,2.0,1,1,100.0,1,38,6.396929655216146,False,False,0.5827236955744376
0,1.0,1.0,2,5,100.0,1,1,4.110873864173311,True,False,21.3971848898553
1,1.0,2.0,3,29,97.0,0,1,5.111987788356544,False,False,1.5812179405169353
0,1.0,3.0,2,25,88.0,0,1,3.8501476017100584,True,False,1.8951456231988948
0,1.0,1.0,1,12,98.0,1,1,4.276666119016055,True,False,3.2237594665743825
1,1.0,4.0,2,12,100.0,0,2,5.298317366548036,False,False,52.214521775888976
1,2.0,2.0,1,124,96.0,1,2,3.9318256327243257,True,False,1.4706354305897373
0,1.0,1.0,1,4,100.0,0,1,4.330733340286331,True,False,36.970425015940144
1,1.5,1.0,1,2,100.0,0,3,3.9318256327243257,True,False,12.353807675278935
0,1.0,2.0,3,2,100.0,0,2,5.25227342804663,False,False,1.5758562082793122
0,2.0,2.0,2,2,90.0,1,19,5.214935757608986,False,False,14.379257328922316
0,1.5,1.0,1,8,91.0,0,4,4.204692619390966,True,False,12.621208379574307
0,1.0,3.0,1,10,96.0,0,1,5.298317366548036,False,False,4.26852482915374
0,1.5,1.0,1,11,91.0,0,2,3.6888794541139363,True,False,5.7712207228910515
0,2.0,6.0,3,91,94.0,1,17,5.993961427306569,False,False,1.4862739237512372
0,1.0,1.0,1,2,100.0,0,1,4.61512051684126,True,False,15.541316329703143
0,1.0,2.0,2,14,96.0,0,1,3.4339872044851463,True,False,43.22138376940088
0,1.0,1.0,1,13,98.0,0,1,4.442651256490317,True,False,5.1504208120253665
0,1.0,2.0,7,23,96.0,1,17,4.983606621708336,False,False,2.3593628634184864
0,1.0,1.0,2,7,96.0,0,1,4.574710978503383,False,False,4.1495833903344534
0,1.0,1.0,1,2,100.0,1,1,5.017279836814924,False,False,6.451141022557444
0,2.5,3.0,1,31,100.0,0,1,5.480638923341991,False,False,51.023012611299
0,1.0,1.0,2,5,92.0,1,1,4.442651256490317,False,False,2.691554508556411
1,1.0,1.0,1,25,94.0,0,2,4.276666119016055,True,False,5.667278560956149
0,2.0,3.0,1,5,100.0,0,1,4.110873864173311,True,False,11.488720731233332
0,1.0,6.0,1,175,93.0,1,7,4.330733340286331,False,False,1.8579322083529355
0,1.0,2.0,5,6,90.0,1,1,4.248495242049359,False,False,2.415979957972748
0,1.0,1.0,2,4,100.0,1,1,4.110873864173311,True,False,4.852116430198645
0,1.0,1.0,1,1,100.0,0,1,4.394449154672439,False,False,4.258615273988293
0,1.0,2.0,1,21,97.0,1,24,5.017279836814924,False,False,0.649553158506549
1,1.0,1.0,2,200,98.0,0,3,4.852030263919617,False,False,0.639376525412692
0,1.5,1.0,2,8,100.0,0,1,4.394449154672439,True,False,1.9391067992514428
0,1.0,1.0,2,8,100.0,1,1,4.61512051684126,False,False,5.2355820667409265
0,1.0,1.0,3,5,100.0,1,1,4.394449154672439,False,False,2.8158183086150665
0,1.0,1.0,5,8,93.0,1,1,4.276666119016055,False,False,10.724932347976523
0,1.0,1.0,1,1,100.0,0,1,4.394449154672439,True,False,4.821129206061927
0,2.0,5.0,2,7,89.0,1,29,6.018593214496234,False,False,34.11263557497561
0,1.5,1.0,2,28,99.0,0,1,4.30406509320417,True,False,3.576512984744908
0,1.0,1.0,7,12,98.0,0,1,4.795790545596741,False,False,5.2885311936862465
1,1.0,2.0,2,77,100.0,0,1,4.983606621708336,False,False,3.844304611183325
0,1.0,2.0,3,40,95.0,0,1,4.634728988229636,False,False,6.180446795783438
0,1.0,1.0,3,6,90.0,1,1,4.189654742026425,False,True,0.8114454408032812
0,1.0,1.0,1,1,80.0,1,1,4.02535169073515,True,False,9.452049153330737
1,2.0,5.0,2,58,99.0,0,2,5.4638318050256105,False,False,25.20701114971811
0,2.0,1.0,1,1,100.0,0,1,4.700480365792417,True,False,1.4207081986634607
0,1.0,1.0,2,1,100.0,0,1,4.574710978503383,False,False,8.18114146711576
1,1.0,1.0,1,78,99.0,0,1,4.795790545596741,False,False,51.241827729791645
0,1.0,3.0,3,23,93.0,0,50,4.890349128221754,False,False,0.807786245753927
0,2.5,4.0,5,7,100.0,0,1,5.564520407322694,False,False,8.187819622227323
0,1.0,2.0,1,14,95.0,0,2,5.25227342804663,False,False,6.610390535220061
0,1.0,3.0,2,35,93.0,1,2,5.529429087511423,False,False,17.815351462342417
1,1.0,2.0,2,41,99.0,0,5,4.919980925828125,False,False,2.076406176150011
0,1.0,1.0,3,3,80.0,0,1,3.6109179126442243,True,False,10.933587254697551
0,1.0,2.0,1,6,100.0,0,3,3.713572066704308,True,False,20.02973230958075
0,1.0,2.0,1,122,93.0,0,1,4.983606621708336,False,False,0.5424382698651866
0,1.0,1.0,1,26,94.0,1,9,4.499809670330265,False,False,1.0616956229686954
1,1.0,1.0,2,42,95.0,1,1,3.713572066704308,True,False,4.215403981078437
0,2.0,2.0,2,3,100.0,1,10,4.6913478822291435,False,False,15.134760897405124
1,1.5,2.0,2,92,97.0,0,2,4.875197323201151,False,False,0.7651791769541703
0,1.0,2.0,3,1,100.0,0,1,4.795790545596741,False,False,3.4615486464849634
1,1.0,2.0,1,65,98.0,0,1,4.61512051684126,False,False,4.5396841393192435
0,1.0,1.0,3,1,100.0,1,1,4.795790545596741,True,False,4.205488950398095
0,1.0,1.0,30,6,97.0,1,1,3.4339872044851463,True,False,12.134315990820966
0,1.0,1.0,30,3,80.0,0,6,3.2188758248682006,True,False,12.818287012558727
0,1.0,1.0,1,27,100.0,0,1,4.394449154672439,True,False,10.324594412164025
1,2.0,2.0,2,22,96.0,1,5,4.61512051684126,False,False,1.4829092441551783
0,1.0,2.0,2,49,94.0,1,7,4.700480365792417,False,False,1.2498545014798135
1,2.5,4.0,2,1,100.0,0,9,4.330733340286331,True,False,9.180770748305587
0,1.0,1.0,2,23,97.0,0,1,3.8918202981106265,True,False,7.933494624789089
0,2.0,3.0,2,26,94.0,0,2,5.707110264748875,False,False,34.1051487169894
1,1.0,1.0,1,90,97.0,1,2,4.663439094112067,False,False,3.681111912421292
0,1.0,1.0,2,6,100.0,1,1,5.135798437050262,True,False,2.5918352151590347
1,1.0,3.0,2,81,98.0,1,1,5.298317366548036,False,False,5.335866944830353
0,1.0,1.0,1,4,100.0,0,1,4.330733340286331,False,False,7.305320798947104
1,1.0,1.0,2,12,98.0,0,2,3.9889840465642745,True,False,7.590388710665345
0,2.0,2.0,1,4,85.0,0,21,5.25227342804663,False,False,1.8935489160971153
0,1.0,1.0,3,1,100.0,0,1,4.204692619390966,True,False,14.405612402475954
0,1.0,1.0,1,6,80.0,1,1,3.295836866004329,False,True,0.7983566982068189
0,1.0,2.0,5,10,56.0,1,3,4.836281906951478,False,False,0.260917468748484
1,2.0,2.0,1,1,100.0,1,38,5.075173815233827,False,False,0.5273664652307044
0,1.0,2.0,2,4,100.0,0,1,3.58351893845611,True,False,24.20923448439019
1,2.0,2.0,2,63,99.0,1,1,4.836281906951478,False,False,6.84265380834819
1,1.0,3.0,2,18,100.0,1,2,4.983606621708336,False,False,5.221056976651815
0,1.0,2.0,2,49,90.0,0,1,4.700480365792417,False,False,7.52938358848698
1,1.0,1.0,2,119,96.0,1,1,3.8918202981106265,True,False,7.388580606509085
0,1.5,1.0,2,21,90.0,0,4,4.189654742026425,True,False,1.716251988668063
0,1.0,2.0,1,11,88.0,1,1,4.418840607796598,False,False,39.32089562241843
1,1.0,1.0,2,6,100.0,0,1,4.3694478524670215,False,False,3.34365407468955
0,1.0,2.0,3,3,93.0,0,1,4.61512051684126,False,False,6.807070238713091
1,1.0,1.0,1,200,99.0,1,4,4.700480365792417,True,False,36.2179607718214
0,3.5,3.0,14,1,100.0,0,1,5.25227342804663,False,False,7.639157455533047
0,1.0,2.0,2,5,100.0,1,1,5.087596335232384,False,False,1.8556613710099663
0,2.0,2.0,3,1,100.0,0,1,4.23410650459726,False,False,22.530905711118155
1,1.0,1.0,1,13,94.0,1,3,3.4965075614664802,True,False,20.5374736307354
0,1.0,2.0,1,51,92.0,0,1,4.248495242049359,False,False,5.273195988135445
0,1.0,1.0,1,27,94.0,1,1,3.784189633918261,False,False,17.3329545244791
0,1.0,1.0,1,2,100.0,0,1,4.394449154672439,True,False,1.4172455313891983
0,1.0,2.0,2,14,95.0,0,1,5.298317366548036,False,False,5.519678342924955
1,2.0,1.0,2,9,100.0,0,2,4.51085950651685,False,False,2.107431693503135
0,2.0,6.0,2,19,94.0,0,2,4.663439094112067,False,False,21.979901828775407
0,1.5,1.0,5,2,100.0,0,1,5.017279836814924,False,False,2.2219742247071537
0,1.0,5.0,1,3,73.0,1,5,5.075173815233827,False,False,0.4139002556237173
0,1.0,1.0,1,1,100.0,1,1,3.9318256327243257,True,False,3.0776200274598216
1,1.0,1.0,1,35,99.0,0,1,4.02535169073515,True,False,9.257405708788518
1,1.0,1.0,2,30,97.0,0,1,4.51085950651685,False,False,7.076666580398631
0,1.0,1.0,1,21,99.0,0,2,4.30406509320417,True,False,6.139590050068794
1,1.0,1.0,2,142,99.0,1,2,4.948759890378168,False,False,2.347364068550951
1,1.0,1.0,1,50,98.0,1,1,4.574710978503383,False,False,49.578029900124875
1,2.0,7.0,2,31,95.0,1,7,5.393627546352362,False,False,1.9566900452287097
0,1.5,1.0,7,1,80.0,1,1,4.174387269895637,False,False,15.815011809341556
0,1.0,3.0,2,9,91.0,0,1,5.298317366548036,False,False,4.667288716202907
0,1.0,1.0,2,2,80.0,1,1,5.25227342804663,True,False,5.341321758731656
0,1.0,1.0,1,5,88.0,1,1,3.713572066704308,True,False,2.034051334630072
1,1.0,2.0,1,13,100.0,1,2,5.529429087511423,False,False,33.63941784939157
1,2.0,8.0,1,43,95.0,0,18,6.186208623900494,False,False,1.0191810149877125
1,1.0,1.0,2,1,100.0,1,2,4.61512051684126,False,False,29.082681574375318
0,2.0,2.0,1,12,98.0,1,2,4.9344739331306915,False,False,1.2112454457893698
0,1.0,1.0,1,1,100.0,1,4,3.7612001156935624,True,False,20.88327751030495
0,1.0,2.0,3,10,96.0,0,1,4.795790545596741,False,False,1.3011534695672238
0,1.0,1.0,1,5,100.0,1,1,5.298317366548036,False,False,1.5189532995375539
0,1.0,2.0,2,3,100.0,1,1,4.61512051684126,False,False,4.7210930686725145
0,1.0,1.0,2,5,88.0,1,1,5.017279836814924,True,False,4.612182528900297
0,1.0,3.0,3,3,100.0,1,2,3.713572066704308,False,False,6.598604274702121
0,1.0,3.0,2,30,97.0,0,2,4.61512051684126,False,False,27.818483314738735
1,1.0,1.0,2,8,98.0,0,3,5.25227342804663,False,False,42.996876766302364
0,2.0,2.0,1,120,93.0,0,2,5.111987788356544,False,False,2.286985898212631
0,1.0,1.0,1,2,70.0,1,1,4.110873864173311,True,False,4.726751592640483
1,1.0,2.0,2,13,94.0,1,1,4.290459441148391,False,False,1.4340900301931239
0,1.0,1.0,2,51,98.0,0,1,4.330733340286331,True,False,5.4313224602148855
0,1.0,2.0,1,80,92.0,0,5,4.394449154672439,True,False,0.772270024497078
0,2.0,1.0,2,3,87.0,0,2,3.6109179126442243,True,False,23.1529028805214
0,1.0,2.0,1,20,97.0,1,4,4.867534450455582,False,False,2.3818019551015017
0,1.0,2.0,1,10,98.0,0,2,5.049856007249537,False,False,2.362117325912068
0,2.5,1.0,4,8,90.0,1,1,3.713572066704308,True,False,1.7419590535431078
0,1.0,1.0,2,16,95.0,0,1,5.198497031265826,False,False,1.1645802835937253
0,1.0,1.0,5,2,100.0,0,1,3.4965075614664802,True,False,18.851137144792816
0,1.0,1.0,4,2,100.0,0,1,4.61512051684126,True,False,1.6489917011298862
0,1.0,1.0,2,66,98.0,0,1,4.382026634673881,True,False,3.5449627556492844
0,1.5,2.0,2,2,60.0,1,1,4.700480365792417,False,False,8.287489022697542
0,1.0,2.0,1,2,90.0,1,8,5.017279836814924,False,False,2.1017165962562947
0,1.5,1.0,1,17,99.0,0,1,3.9318256327243257,True,False,32.393131368772295
1,2.0,2.0,1,24,97.0,1,24,6.2166061010848646,False,False,0.7171764186319671
0,1.0,2.0,1,51,85.0,1,33,5.241747015059643,False,False,0.5165722310717329
0,1.0,1.0,1,4,90.0,0,3,3.784189633918261,True,False,20.206367735014563
0,1.0,5.0,2,9,96.0,0,33,5.198497031265826,False,False,7.085532429795852
0,1.0,2.0,2,28,93.0,0,24,4.7535901911063645,False,False,2.933831606017741
0,1.0,1.0,2,1,100.0,0,1,4.499809670330265,True,False,20.065941128967733
1,1.0,1.0,5,45,97.0,0,2,4.110873864173311,True,False,1.814131638422125
1,1.0,1.0,2,9,87.0,1,6,4.189654742026425,True,False,1.0714880283543486
0,1.0,2.0,2,11,91.0,1,11,5.327876168789581,False,False,0.9340837972806074
0,2.0,1.0,14,1,100.0,1,1,4.276666119016055,False,False,7.03578604900844
0,2.5,6.0,30,2,100.0,0,1,6.111467339502679,False,False,7.8864177990499025
1,1.0,1.0,3,30,98.0,0,1,4.189654742026425,True,False,2.1146257394190973
1,1.0,1.0,1,36,97.0,0,2,4.795790545596741,False,False,2.269544606397033
1,1.5,1.0,1,54,100.0,0,1,4.02535169073515,True,False,12.723980209949369
0,1.0,1.0,1,43,95.0,1,1,4.61512051684126,False,False,0.6094712717825594
0,1.0,1.0,1,15,88.0,1,1,3.58351893845611,True,False,1.019429723912571
0,1.0,2.0,2,9,100.0,0,4,4.948759890378168,False,False,40.22943401045552
0,1.0,1.0,1,39,99.0,1,1,4.189654742026425,True,False,55.231308683153934
1,1.0,1.0,3,154,98.0,0,2,5.017279836814924,False,False,0.20895442501523812
0,1.0,1.0,2,5,100.0,0,1,4.61512051684126,False,False,3.7134146225207516
0,2.0,3.0,3,12,92.0,1,3,5.298317366548036,False,False,16.579314346373284
0,1.0,1.0,1,12,93.0,1,3,4.919980925828125,True,False,1.922173855607191
0,1.0,1.0,2,6,97.0,0,1,4.3694478524670215,True,False,0.8153224424156441
0,1.5,1.0,3,1,100.0,1,1,5.017279836814924,False,False,6.409044676651581
0,1.0,3.0,2,5,100.0,1,1,5.707110264748875,False,False,50.888409203887946
0,1.5,1.0,1,12,82.0,1,7,3.713572066704308,True,False,18.072656172938242
0,2.0,2.0,1,2,100.0,1,12,5.529429087511423,False,False,0.9631792640742396
1,1.0,2.0,4,15,97.0,1,6,4.290459441148391,True,False,1.15755364153568
0,1.0,1.0,3,14,92.0,0,4,3.58351893845611,True,False,15.237584381081628
0,1.0,3.0,1,45,92.0,1,5,3.8501476017100584,True,False,6.123618304446996
1,1.0,1.0,2,109,97.0,1,1,4.430816798843313,False,False,22.874064080079165
0,1.0,1.0,3,4,90.0,0,1,5.017279836814924,False,False,0.5319068606614314
0,1.0,1.0,2,16,93.0,1,3,4.700480365792417,False,False,0.9090334478819831
0,1.0,3.0,30,3,100.0,0,1,4.852030263919617,False,False,2.976989740317289
1,1.0,2.0,2,31,98.0,1,1,5.153291594497779,False,False,4.639365368479359
0,1.0,1.0,1,2,80.0,0,1,3.295836866004329,True,False,7.183798066592739
0,1.0,1.0,1,2,100.0,1,1,3.713572066704308,True,False,4.435921961915455
1,1.0,1.0,2,200,98.0,0,3,4.61512051684126,False,False,1.4954142411519427
1,3.0,4.0,2,69,98.0,1,1,5.799092654460526,False,False,51.01123466326315
0,2.5,1.0,1,8,90.0,1,16,3.4339872044851463,True,False,2.858893882870253
0,1.0,2.0,1,7,94.0,0,4,4.30406509320417,True,False,0.5273798632608105
0,1.0,2.0,3,1,100.0,1,10,5.703782474656201,False,False,3.787601831084601
0,1.0,1.0,7,15,99.0,0,1,5.1647859739235145,False,False,7.728635625676523
1,1.0,2.0,1,19,98.0,1,1,5.017279836814924,False,False,1.9461532302681692
1,2.0,2.0,2,34,96.0,0,2,5.017279836814924,False,False,1.4405247490080904
0,2.0,3.0,2,2,90.0,1,47,4.795790545596741,False,False,0.8774560059595431
0,1.0,1.0,4,3,100.0,0,1,4.61512051684126,False,False,4.409054781475031
1,1.0,1.0,1,30,99.0,1,1,4.110873864173311,True,False,1.541316216814054
1,2.5,5.0,3,33,98.0,0,3,6.040254711277414,False,False,10.270267903237219
0,1.0,1.0,1,10,96.0,0,1,3.871201010907891,True,False,4.039620529019767
1,1.0,1.0,2,9,100.0,1,3,3.6888794541139363,True,False,23.310875453218426
0,1.0,1.0,2,8,95.0,1,2,3.7612001156935624,True,False,2.677402253935559
0,1.0,1.0,1,91,95.0,1,29,4.61512051684126,False,False,0.8479450653412851
1,1.0,3.0,1,10,92.0,1,7,5.25227342804663,False,False,0.6230808881323264
0,1.0,1.0,2,3,100.0,0,1,4.51085950651685,False,False,5.235595568650891
0,1.0,6.0,2,39,96.0,1,1,4.983606621708336,False,False,19.298257914640125
0,1.0,1.0,1,1,100.0,1,1,3.6375861597263857,True,False,14.249055274146025
0,1.0,2.0,1,143,95.0,1,50,4.74493212836325,False,False,0.8994168539658978
0,1.0,3.0,2,43,96.0,0,2,5.25227342804663,False,False,36.997665546890424
0,2.0,1.0,10,1,100.0,0,1,3.713572066704308,True,False,1.6331440862794047
1,1.0,1.0,2,77,99.0,0,1,4.663439094112067,False,False,65.90826288244332
0,1.0,1.0,1,2,90.0,1,47,5.030437921392435,False,False,1.012018186716174
1,1.0,1.0,2,18,100.0,0,1,4.394449154672439,False,False,9.431084166205782
0,2.0,1.0,3,43,90.0,1,14,3.713572066704308,True,False,11.567334298206678
0,1.0,1.0,1,15,92.0,0,7,3.9889840465642745,True,False,1.4839275805440837
0,1.0,2.0,1,2,100.0,0,2,4.875197323201151,False,False,0.5764443724505114
1,2.0,1.0,2,52,98.0,1,2,4.189654742026425,True,False,6.027463443877635
0,1.0,1.0,5,18,92.0,1,50,4.795790545596741,False,False,0.7296361647101889
1,1.0,1.0,2,73,99.0,0,1,4.7535901911063645,False,False,6.945175826903683
0,1.0,2.0,1,2,90.0,1,10,5.017279836814924,False,False,2.140939249371613
0,1.0,2.0,1,4,100.0,0,1,4.5217885770490405,False,False,1.9751537600123128
0,2.0,6.0,3,13,91.0,0,4,5.707110264748875,False,False,0.29216363295696796
0,1.0,3.0,3,33,99.0,0,50,4.77912349311153,False,False,0.7528044772523852
0,1.0,1.0,1,4,100.0,0,4,4.02535169073515,True,False,30.902204902863684
1,1.0,1.0,1,62,98.0,1,2,4.189654742026425,True,False,8.640958035431312
0,1.0,1.0,30,17,89.0,0,1,3.9318256327243257,True,False,6.136675563368825
0,1.0,1.0,2,32,90.0,0,2,4.7535901911063645,False,False,0.6814724942995026
0,1.0,1.0,8,1,100.0,0,2,3.6375861597263857,True,False,18.763272366643292
0,1.0,5.0,3,2,100.0,0,3,5.25227342804663,False,False,7.696272325054016
0,2.0,4.0,3,8,100.0,0,1,5.860786223465865,False,False,3.7337931000480324
0,1.0,3.0,14,9,95.0,0,5,4.919980925828125,False,False,0.508070186562017
0,1.0,2.0,1,15,85.0,1,38,5.117993812416755,False,False,13.399701321964983
0,1.0,3.0,1,5,84.0,1,5,4.787491742782046,False,False,0.3400723120076774
1,3.0,7.0,3,13,98.0,1,26,6.597145701886651,False,False,11.396987464917661
0,1.0,1.0,2,1,60.0,1,1,4.276666119016055,True,False,7.816369389584487
1,1.0,2.0,2,101,96.0,1,50,4.61512051684126,False,False,0.8417024835522997
0,2.0,5.0,1,200,91.0,1,40,5.135798437050262,False,False,0.9516139459543622
0,2.0,3.0,3,5,87.0,1,35,5.1647859739235145,False,False,6.7180455837837565
0,1.5,3.0,2,55,95.0,0,1,4.700480365792417,False,False,3.6486364040160675
1,1.0,3.0,3,8,93.0,0,26,5.017279836814924,False,False,1.1887182721128946
0,1.0,2.0,1,2,100.0,1,1,3.6375861597263857,True,False,3.7578443282340235
0,1.0,5.0,2,34,91.0,0,33,4.919980925828125,False,False,6.88865133638677
0,2.0,3.0,1,44,95.0,1,8,5.521460917862246,False,False,23.704726954809505
0,2.0,4.0,2,3,87.0,0,24,5.564520407322694,False,False,2.501859929775365
0,1.0,1.0,3,82,88.0,1,6,4.9344739331306915,False,False,0.8051363772034604
0,1.0,1.0,5,14,99.0,0,1,4.276666119016055,True,False,4.786781064892632
1,2.0,6.0,5,2,100.0,1,11,6.39024066706535,False,False,0.9554776922368825
0,1.0,2.0,3,1,100.0,0,1,5.707110264748875,False,False,6.521238221344516
1,2.0,5.0,2,43,98.0,0,2,5.564520407322694,False,False,2.110801928414104
1,1.5,4.0,2,18,97.0,1,1,4.836281906951478,False,False,7.842319055859244
0,0.5,1.0,1,5,85.0,1,2,4.07753744390572,True,False,20.547843043264194
1,1.0,2.0,2,12,98.0,1,1,5.529429087511423,False,False,2.552622816815661
0,1.0,4.0,7,6,88.0,0,1,5.529429087511423,False,False,14.805665963424785
0,1.0,1.0,30,6,97.0,0,1,4.02535169073515,True,False,12.167584384670343
0,2.0,4.0,2,8,100.0,0,1,5.087596335232384,False,False,26.086000259557327
1,2.0,2.0,2,115,96.0,1,4,5.198497031265826,False,False,0.36882837419768194
0,1.0,1.0,1,7,94.0,1,1,4.330733340286331,True,False,1.733546187276598
0,2.0,4.0,2,16,88.0,1,13,5.25227342804663,False,False,0.7607600438741826
0,1.0,1.0,1,1,100.0,0,1,4.584967478670572,True,False,4.196829702631905
0,1.0,2.0,5,2,100.0,1,50,4.976733742420574,False,False,0.7197343805540022
0,1.0,4.0,2,54,97.0,1,5,5.783825182329737,False,False,0.9504584451749294
0,1.5,5.0,2,8,100.0,0,33,5.529429087511423,False,False,7.090086949291654
0,2.0,3.0,1,3,93.0,1,14,4.875197323201151,False,False,1.8757999643430479
0,1.0,8.0,1,1,100.0,1,8,3.4339872044851463,False,True,0.7439655759483681
0,1.0,2.0,1,35,93.0,0,5,4.836281906951478,False,False,0.7186256497645002
0,1.0,1.0,3,4,80.0,0,4,3.6375861597263857,True,False,24.482085525343397
0,1.0,2.0,2,6,100.0,0,1,4.787491742782046,False,False,6.6238404265114506
0,1.0,1.0,4,2,90.0,1,1,4.189654742026425,True,False,0.5829460549819515
0,1.0,1.0,1,73,94.0,1,11,3.258096538021482,True,False,19.456923248072865
0,1.0,1.0,4,84,94.0,1,3,3.58351893845611,True,False,0.797363088455169
1,1.0,1.0,1,45,96.0,0,2,3.8501476017100584,True,False,34.76075272645303
0,1.0,2.0,2,2,100.0,0,1,5.017279836814924,False,False,2.281979671764944
1,1.0,1.0,3,66,99.0,0,1,4.189654742026425,True,False,6.452746484187094
1,1.0,1.0,3,179,97.0,0,1,4.795790545596741,False,False,2.1161101108778286
0,1.0,2.0,1,4,95.0,1,3,4.276666119016055,True,False,16.939203316460894
1,2.0,4.0,1,4,100.0,1,7,4.61512051684126,False,False,1.6197229052281885
0,1.0,6.0,1,11,76.0,1,7,4.852030263919617,False,False,0.9102442615564029
0,1.0,1.0,2,39,93.0,0,1,4.574710978503383,False,False,4.531357034498168
1,1.0,3.0,2,14,100.0,0,12,5.480638923341991,False,False,52.920545967452334
0,1.0,1.0,1,1,60.0,1,31,4.976733742420574,False,False,1.366408744476907
1,2.0,2.0,4,38,100.0,0,1,5.69035945432406,False,False,3.6450108841114286
0,1.0,1.0,2,73,98.0,0,11,4.394449154672439,False,False,4.719449730535318
0,1.0,4.0,3,26,97.0,1,1,4.700480365792417,False,False,9.31760486035842
0,2.5,3.0,3,2,100.0,0,5,4.983606621708336,False,False,15.170781103473567
0,1.0,2.0,1,11,95.0,1,3,5.017279836814924,False,False,0.9008705930212937
1,1.5,2.0,1,9,98.0,1,3,4.795790545596741,False,False,37.76600712748933
0,1.0,1.0,1,1,80.0,0,1,4.330733340286331,True,False,5.344141719448355
1,2.0,2.0,2,23,100.0,1,2,4.795790545596741,False,False,1.8969048390715335
0,1.0,1.0,1,16,91.0,1,31,3.9318256327243257,True,False,14.21022279798422
0,1.0,2.0,1,5,100.0,0,2,4.394449154672439,True,False,29.201756358264607
1,2.0,8.0,3,43,99.0,1,1,5.579729825986222,False,False,18.080912345078623
0,1.0,1.0,1,1,100.0,0,1,4.477336814478207,False,False,7.354877271239273
0,1.0,2.0,2,3,87.0,0,2,4.74493212836325,False,False,2.008060002880023
1,1.0,1.0,1,31,99.0,0,1,3.8501476017100584,True,False,5.50300877488466
0,1.0,1.0,20,1,100.0,0,1,3.8501476017100584,True,False,1.192017488183513
0,2.5,6.0,4,5,92.0,0,1,5.968707559985366,False,False,8.618533926502213
0,1.0,1.0,3,3,100.0,0,1,3.713572066704308,True,False,12.95429782503943
0,1.0,1.0,1,7,86.0,1,15,4.77912349311153,False,False,2.4929668536020237
1,1.0,2.0,4,8,100.0,1,2,5.111987788356544,False,False,3.0423341390823606
0,1.0,2.0,1,190,96.0,1,1,4.983606621708336,False,False,2.5031823609423474
1,1.0,1.0,1,137,99.0,0,1,4.330733340286331,False,False,3.6036889513734964
0,1.0,1.0,3,3,100.0,1,1,3.4339872044851463,True,False,5.4464955050213995
1,1.0,2.0,1,3,100.0,1,7,4.51085950651685,False,False,1.6264548918265327
0,1.0,1.0,2,5,95.0,1,1,5.017279836814924,False,False,7.25228376595288
1,1.0,1.0,2,31,95.0,0,3,4.276666119016055,True,False,1.679148117039293
0,2.5,2.0,3,14,98.0,0,1,6.2166061010848646,False,False,5.44689171906177
0,2.5,6.0,2,2,100.0,0,1,5.771441123130016,False,False,6.230986490636913
1,1.0,2.0,1,1,100.0,1,38,6.396929655216146,False,False,0.6697091049735199
0,2.0,2.0,1,1,100.0,0,1,4.836281906951478,True,False,20.870556579837686
0,1.0,2.0,1,46,93.0,1,3,3.8918202981106265,True,False,3.683505217912595
0,1.0,1.0,5,2,100.0,0,1,5.198497031265826,False,False,1.0344480171081545
1,1.0,1.0,3,31,94.0,1,3,3.8501476017100584,True,False,14.81435496481542
0,1.0,1.0,2,3,100.0,1,1,4.110873864173311,True,False,4.777284826733187
0,1.0,2.0,1,18,82.0,1,36,4.700480365792417,False,False,13.53500314764005
0,1.0,2.0,2,7,90.0,0,1,5.298317366548036,False,False,3.630308198116971
0,2.0,4.0,3,16,99.0,0,1,5.993961427306569,False,False,0.8928085676552914
0,1.0,3.0,2,24,83.0,1,1,5.5053315359323625,False,False,4.123237102633303
0,1.0,1.0,4,58,94.0,0,1,4.499809670330265,False,False,4.999411408789073
0,1.0,1.0,14,6,100.0,0,1,4.394449154672439,True,False,0.5007992357172092
0,1.0,3.0,1,5,100.0,0,1,4.51085950651685,True,False,3.716289494261009
0,1.0,1.0,3,9,93.0,1,1,4.51085950651685,True,False,8.776705040208643
0,1.0,1.0,3,4,100.0,1,1,4.61512051684126,False,False,4.195930844123365
1,1.0,1.0,1,60,98.0,0,2,4.394449154672439,True,False,3.571657139700349
0,1.0,4.0,1,4,90.0,1,5,5.278114659230517,False,False,5.270398196934899
1,1.0,1.0,1,147,98.0,0,2,4.07753744390572,True,False,6.027312415590566
1,2.5,2.0,3,19,100.0,1,3,5.19295685089021,False,False,1.3790536325058678
0,1.0,1.0,2,26,100.0,0,1,4.394449154672439,True,False,4.965545340446586
0,1.0,1.0,2,16,97.0,0,1,4.795790545596741,False,False,6.6665042173907745
0,2.5,5.0,7,1,100.0,0,1,5.860786223465865,False,False,19.435856145457006
0,2.0,1.0,2,4,90.0,1,6,4.394449154672439,True,False,1.0751950045656664
0,3.5,4.0,2,20,98.0,0,1,5.298317366548036,False,False,24.587934285718013
0,1.0,1.0,30,1,100.0,1,1,4.276666119016055,False,False,3.2801938504965884
1,1.0,1.0,1,37,96.0,0,1,4.983606621708336,True,False,1.9902916070457415
0,1.0,1.0,2,12,95.0,0,11,4.948759890378168,False,False,5.787296478033552
0,2.0,2.0,1,59,98.0,0,1,5.351858133476067,False,False,61.43185534707299
1,1.0,1.0,3,17,98.0,1,1,4.110873864173311,True,False,1.9927989245648108
1,1.0,1.0,3,200,97.0,1,1,4.499809670330265,False,False,4.223208821706901
0,1.0,2.0,2,4,90.0,1,5,3.9318256327243257,True,False,26.240910245884297
0,4.5,4.0,2,8,97.0,1,1,5.69035945432406,False,False,19.102321547793668
0,2.0,3.0,1,87,96.0,1,29,5.572154032177765,False,False,0.8694683440917615
0,1.0,1.0,1,129,95.0,1,9,4.948759890378168,False,False,1.7711924129455412
0,1.0,1.0,2,4,100.0,0,2,3.9318256327243257,True,False,19.100062240815966
1,1.0,1.0,1,57,98.0,0,1,3.784189633918261,True,False,4.837905082137218
0,4.0,1.0,7,2,90.0,0,50,3.9318256327243257,True,False,5.443815754724905
0,2.0,3.0,2,1,100.0,0,1,5.529429087511423,False,False,3.335125485282552
0,1.0,2.0,7,8,90.0,0,20,4.61512051684126,False,False,0.7052906521230607
1,2.5,2.0,2,46,88.0,1,20,5.017279836814924,False,False,0.21852034576315751
0,1.0,2.0,2,1,100.0,0,1,4.110873864173311,True,False,8.71413650747092
1,1.0,1.0,1,200,97.0,1,3,4.499809670330265,True,False,0.8424256003458374
1,2.0,2.0,5,23,100.0,0,2,5.991464547107982,False,False,3.465871042573591
0,1.0,2.0,2,68,96.0,0,2,4.51085950651685,False,False,22.097308762818336
1,2.0,6.0,1,131,97.0,1,1,6.040254711277414,False,False,51.481477247842854
0,1.0,1.0,2,7,90.0,0,2,4.836281906951478,False,False,6.253423001211085
0,1.0,1.0,1,2,100.0,1,4,3.8501476017100584,True,False,19.57418444859549
1,1.0,1.0,1,121,97.0,1,1,4.248495242049359,True,False,2.608843601085581
1,1.0,2.0,2,34,99.0,1,3,5.017279836814924,False,False,36.248509380996346
0,1.5,1.0,2,3,100.0,0,1,4.477336814478207,False,False,4.839724839761945
0,2.0,3.0,2,16,96.0,0,1,5.198497031265826,False,False,8.778584861465111
0,2.5,5.0,2,6,97.0,1,1,5.5053315359323625,False,False,13.422619464381658
1,3.0,7.0,3,43,95.0,0,1,6.396929655216146,False,False,4.942268984737585
0,1.0,1.0,1,2,80.0,1,27,4.875197323201151,False,False,0.44115193322785823
0,1.0,2.0,2,83,97.0,1,1,5.135798437050262,False,False,4.6285679693812
0,1.0,3.0,2,53,95.0,1,1,4.700480365792417,False,False,1.1426321829937365
0,2.0,3.0,2,7,80.0,0,2,5.14166355650266,True,False,12.554503356765007
0,1.0,2.0,2,1,80.0,0,1,4.442651256490317,True,False,5.686460492985676
0,1.0,2.0,1,1,60.0,0,2,4.442651256490317,True,False,1.5271086874074962
1,2.0,6.0,1,34,99.0,1,2,6.16541785423142,False,False,51.916623480806315
0,1.0,1.0,1,1,100.0,1,3,4.499809670330265,False,False,10.027703643350465
0,2.0,2.0,2,68,95.0,1,1,3.871201010907891,True,False,7.103536597121583
1,2.0,3.0,5,3,100.0,0,2,5.786897381366708,False,False,4.4194945979714735
0,2.0,3.0,30,57,93.0,1,30,5.298317366548036,False,False,3.7885320668973743
0,2.0,2.0,2,13,100.0,0,2,4.663439094112067,False,False,7.565519811229468
0,1.0,1.0,1,8,73.0,1,36,5.017279836814924,False,False,1.4755684439066494
0,1.5,2.0,3,28,94.0,1,1,4.919980925828125,False,False,2.126445401867256
0,1.0,1.0,1,8,95.0,1,31,4.110873864173311,True,False,14.093060177668866
0,1.0,2.0,2,5,100.0,0,1,4.7535901911063645,False,False,2.5054380258248563
0,1.0,1.0,2,67,85.0,1,3,4.51085950651685,True,False,0.43502029773139955
0,1.0,1.0,1,4,100.0,0,1,4.02535169073515,True,False,5.412554416606358
1,1.0,2.0,5,4,100.0,1,50,5.786897381366708,False,False,1.2572325427346989
0,1.0,1.0,1,7,87.0,1,1,3.58351893845611,True,False,14.844797566851483
0,1.0,1.0,3,1,100.0,1,1,4.394449154672439,True,False,1.1936682140281945
1,1.0,1.0,1,37,98.0,1,1,4.948759890378168,False,False,4.731069769667319
1,1.0,1.0,2,168,97.0,1,1,4.59511985013459,False,False,16.372719564445735
0,1.5,3.0,2,1,100.0,1,1,4.948759890378168,False,False,2.1942471811972966
1,1.0,2.0,2,11,98.0,0,1,4.700480365792417,False,False,8.130830681686028
0,2.5,4.0,3,4,100.0,0,2,5.564520407322694,False,False,3.309177809815153
0,1.0,1.0,2,17,99.0,0,1,3.8918202981106265,True,False,7.434554749832915
0,1.5,1.0,1,19,96.0,1,6,3.5263605246161616,True,False,14.560016281660399
0,1.0,2.0,4,53,94.0,1,1,5.424950017481403,False,False,2.3855854912670686
0,1.0,1.0,1,4,100.0,1,1,3.9318256327243257,True,False,14.562495903584558
0,1.0,1.0,1,2,100.0,1,1,4.248495242049359,True,False,14.667461504201873
0,2.0,2.0,2,4,90.0,1,2,5.017279836814924,False,False,37.733719815966964
0,1.0,1.0,1,1,80.0,0,1,2.995732273553991,False,True,1.6185284408022056
0,2.0,2.0,10,3,100.0,0,2,5.602118820879701,False,False,1.5219469212667365
0,1.0,1.0,2,7,100.0,0,1,4.663439094112067,False,False,3.587688855636065
0,1.0,1.0,7,2,100.0,0,1,4.875197323201151,False,False,1.8356434936296429
0,1.0,1.0,2,3,87.0,0,1,4.330733340286331,True,False,0.945234736575618
0,1.0,1.0,2,8,97.0,0,1,4.394449154672439,True,False,7.687204680341487
0,1.0,2.0,3,8,93.0,0,5,4.787491742782046,False,False,0.9214776326029563
0,1.0,2.0,1,1,100.0,1,22,5.003946305945459,False,False,0.9032327860021688
0,1.0,1.0,1,3,100.0,0,1,4.060443010546419,True,False,18.09955242619058
1,1.0,2.0,2,49,96.0,0,1,5.075173815233827,False,False,0.41201238386033734
0,1.5,2.0,1,15,91.0,0,1,4.59511985013459,False,False,4.877845436685268
0,1.0,2.0,1,2,80.0,1,15,4.77912349311153,False,False,0.6413589246176029
1,1.0,1.0,3,33,99.0,0,10,4.948759890378168,False,False,4.562844522442928
1,1.0,1.0,2,53,94.0,0,2,4.727387818712341,False,False,4.942907662294523
0,1.0,2.0,2,9,98.0,0,1,4.919980925828125,False,False,7.317729229166021
0,1.0,5.0,1,19,97.0,1,12,5.017279836814924,False,False,0.5503512508733682
1,1.0,1.0,2,59,98.0,0,1,4.127134385045092,True,False,4.418608324714447
0,1.0,1.0,2,4,90.0,0,1,4.574710978503383,False,False,5.144582265966953
1,1.0,2.0,2,54,96.0,1,34,4.795790545596741,False,False,0.32807292243903974
0,1.0,1.0,1,1,80.0,1,4,4.61512051684126,True,False,32.248084921588884
1,1.0,1.0,1,54,97.0,0,1,3.784189633918261,True,False,3.911552160217647
0,2.0,2.0,3,1,100.0,0,1,4.836281906951478,False,False,12.08935162017738
1,2.0,2.0,2,17,98.0,0,1,5.707110264748875,False,False,0.9198372145305346
0,1.0,2.0,3,12,90.0,0,1,4.663439094112067,False,False,1.36889788494839
0,2.0,3.0,7,4,100.0,0,17,5.111987788356544,False,False,3.769793684708386
1,1.5,3.0,2,39,96.0,0,2,4.574710978503383,False,False,22.974881477371962
0,2.0,4.0,2,3,90.0,0,1,5.707110264748875,False,False,20.49975538442607
0,2.5,5.0,3,8,95.0,1,1,4.330733340286331,True,False,25.98207387815312
0,1.5,5.0,2,6,87.0,0,33,5.529429087511423,False,False,7.139782974851448
0,1.0,1.0,2,13,96.0,0,1,4.330733340286331,True,False,0.6007179487544237
1,1.0,3.0,2,29,98.0,0,2,5.1298987149230735,False,False,13.488373035656888
0,1.0,1.0,3,2,100.0,1,1,3.258096538021482,False,True,6.8122758017476395
0,1.0,1.0,1,1,100.0,1,1,4.442651256490317,True,False,28.274888876907784
0,1.0,2.0,2,12,88.0,0,2,4.890349128221754,False,False,2.1553201238978508
0,1.0,1.0,1,2,100.0,0,1,4.499809670330265,True,False,4.4976584093846705
0,1.0,1.0,2,191,90.0,0,14,4.948759890378168,False,False,5.650262865933929
0,2.0,6.0,2,14,97.0,1,50,5.631211781821365,False,False,0.9624944495954711
0,1.0,1.0,14,2,90.0,0,1,4.143134726391533,True,False,2.0918481111911906
0,1.0,2.0,1,3,100.0,0,1,4.61512051684126,True,False,13.447317576490347
0,1.5,1.0,20,1,100.0,0,1,5.278114659230517,False,False,6.199130925531768
1,1.0,3.0,1,142,95.0,1,1,5.135798437050262,False,False,4.494095720840159
0,1.0,6.0,2,21,98.0,1,1,5.707110264748875,False,False,7.235432958087504
1,3.0,1.0,1,5,92.0,0,1,3.713572066704308,True,False,9.178508098298373
0,2.0,4.0,2,6,97.0,0,1,5.3981627015177525,False,False,7.966443961475425
1,1.0,2.0,1,36,94.0,1,35,4.9344739331306915,False,False,0.8861376169636349
0,1.0,2.0,1,17,93.0,1,38,5.117993812416755,False,False,13.54541960137099
0,1.0,6.0,1,1,100.0,1,2,4.59511985013459,True,False,13.619318789486993
1,1.0,1.0,1,69,98.0,0,3,4.276666119016055,True,False,19.561965054261485
0,1.0,2.0,2,2,80.0,0,1,4.795790545596741,False,False,1.872650691371984
0,1.0,2.0,3,12,95.0,0,1,4.948759890378168,False,False,8.010344518833273
0,1.0,1.0,1,3,93.0,1,11,4.07753744390572,True,False,0.8655212045020354
0,1.0,1.0,1,5,100.0,0,1,4.189654742026425,True,False,18.78730459497392
0,1.0,1.0,1,7,94.0,1,1,4.110873864173311,True,False,7.184362768567457
1,1.0,1.0,1,13,89.0,1,41,4.795790545596741,False,False,0.9612724074789907
0,1.0,1.0,7,1,100.0,0,1,3.9318256327243257,True,False,17.426087847038197
0,1.5,1.0,1,76,92.0,0,1,4.110873864173311,True,False,36.71568643185589
0,1.0,2.0,2,1,80.0,0,8,5.241747015059643,False,False,0.4440181882986985
0,1.0,1.0,2,3,87.0,1,50,4.795790545596741,False,False,3.8546540829379174
0,1.0,1.0,7,3,80.0,1,1,3.9318256327243257,True,False,1.7226623679418605
0,1.0,1.0,2,4,100.0,0,1,4.51085950651685,False,False,3.56597004204399
1,1.0,4.0,1,11,96.0,1,13,4.852030263919617,False,False,0.8836355731174055
0,1.0,1.0,1,3,93.0,0,1,4.61512051684126,True,False,3.3838198997209146
0,1.0,1.0,1,8,98.0,0,1,3.713572066704308,True,False,8.632902400549774
0,5.0,8.0,1,1,100.0,0,3,5.293304824724492,False,False,15.619582964866172
1,1.0,2.0,2,16,93.0,1,5,4.9344739331306915,False,False,1.471688718398782
1,1.5,1.0,3,18,91.0,0,3,3.4339872044851463,False,True,1.4773727726437236
1,2.5,1.0,1,10,90.0,0,8,4.61512051684126,True,False,7.0998265716507065
0,1.0,1.0,2,29,95.0,0,1,4.189654742026425,False,False,19.495657432457307
1,2.0,3.0,1,17,99.0,1,2,5.087596335232384,False,False,1.0716914992252398
0,1.0,2.0,2,2,90.0,0,1,4.795790545596741,False,False,3.378694347331218
0,1.0,1.0,7,16,91.0,0,1,3.9318256327243257,True,False,3.2019784088798784
0,1.0,1.0,1,6,92.0,1,1,3.8501476017100584,True,False,9.598351058708937
0,1.0,3.0,2,31,99.0,1,2,4.762173934797756,False,False,3.9211024985780214
0,1.0,1.0,2,20,94.0,1,7,4.919980925828125,False,False,3.68983573244077
0,2.5,4.0,3,5,68.0,1,14,3.4339872044851463,False,True,21.61340955462927
0,1.0,2.0,2,1,100.0,0,1,5.707110264748875,False,False,5.359322237866387
0,1.0,2.0,4,2,100.0,1,1,4.700480365792417,False,False,18.934642562938933
1,1.0,2.0,3,79,94.0,1,1,4.7535901911063645,False,False,6.254460641684614
0,2.0,4.0,7,1,100.0,1,1,6.311734809152915,False,False,9.143207678485071
0,1.0,1.0,1,1,100.0,0,1,3.8501476017100584,True,False,3.370896906736567
0,1.0,1.0,5,1,100.0,0,3,3.713572066704308,True,False,33.6764386696915
0,1.0,3.0,1,38,83.0,1,4,4.948759890378168,False,False,0.6926773737123436
0,1.0,2.0,1,2,100.0,1,8,4.919980925828125,True,False,8.128053600974495
0,2.0,4.0,2,73,97.0,1,47,6.472346294500901,False,False,1.1900083967076718
1,5.0,1.0,3,9,80.0,1,5,4.3694478524670215,True,False,0.9341081874742022
0,1.5,3.0,1,3,73.0,0,7,5.075173815233827,False,False,0.8819085125597858
1,1.0,2.0,2,50,97.0,0,1,4.7535901911063645,False,False,3.6434754802449314
0,1.0,2.0,1,6,92.0,0,1,5.049856007249537,False,False,7.209050459921173
1,1.0,1.0,1,50,96.0,0,1,4.02535169073515,True,False,2.302939189333069
0,1.5,3.0,3,74,90.0,1,10,5.111987788356544,False,False,2.768712134958747
0,1.0,2.0,2,138,97.0,0,1,5.3981627015177525,False,False,64.63368917802902
1,1.5,3.0,2,16,95.0,0,5,5.480638923341991,False,False,52.060577034921145
0,2.5,5.0,2,15,84.0,1,3,5.991464547107982,False,False,1.873878568420569
1,1.5,3.0,2,57,98.0,0,26,5.087596335232384,False,False,1.2214521079555734
0,1.0,1.0,1,30,91.0,0,1,4.663439094112067,False,False,6.056522711619564
1,1.0,2.0,2,8,90.0,1,41,4.762173934797756,False,False,1.8084815141901098
1,1.0,4.0,2,32,95.0,1,6,4.867534450455582,False,False,1.5309979240688842
1,1.0,5.0,3,118,99.0,1,1,5.241747015059643,False,False,0.9708277222837576
1,1.0,3.0,1,91,97.0,1,1,5.017279836814924,False,False,1.4287189811048921
0,1.5,3.0,1,4,100.0,0,1,4.189654742026425,True,False,5.499586676061861
0,1.0,2.0,1,33,87.0,1,50,4.875197323201151,False,False,1.0413842922443293
0,1.0,2.0,2,4,95.0,0,1,5.25227342804663,False,False,0.7958019303727397
0,1.0,1.0,3,3,100.0,1,1,4.110873864173311,True,False,1.9960081683637407
0,1.0,1.0,2,1,100.0,1,1,4.382026634673881,False,False,10.731995559832399
1,1.0,2.0,2,6,93.0,0,20,5.017279836814924,False,False,0.9444100773588456
0,1.0,2.0,1,2,100.0,1,50,4.700480365792417,False,False,0.5307567878433849
1,2.0,4.0,1,31,97.0,1,4,5.111987788356544,False,False,0.7490331795376493
0,1.0,1.0,2,3,100.0,0,1,4.574710978503383,False,False,4.424698906411876
0,2.0,6.0,2,4,95.0,0,24,5.529429087511423,False,False,1.759678923173015
0,2.0,1.0,2,2,100.0,0,1,4.499809670330265,True,False,1.3655298849477928
0,1.5,1.0,1,14,93.0,0,5,3.6375861597263857,True,False,26.486105478641935
0,1.0,1.0,14,1,100.0,0,1,4.442651256490317,False,False,5.687051070760778
0,2.0,4.0,2,54,87.0,0,22,5.017279836814924,False,False,4.043356588870174
0,1.0,2.0,2,27,93.0,1,1,4.795790545596741,False,False,8.20872069701499
0,1.0,1.0,2,16,100.0,1,1,5.298317366548036,False,False,3.176253142249712
1,2.0,4.0,2,15,100.0,1,1,6.175867270105761,False,False,51.51345346768675
0,1.0,2.0,3,5,85.0,1,2,4.584967478670572,False,False,0.5706468073688145
1,2.0,2.0,3,4,95.0,1,2,5.003946305945459,False,False,0.9795360850862055
0,1.0,1.0,3,2,100.0,1,8,3.713572066704308,True,False,4.761392908073139
1,1.0,1.0,2,35,97.0,1,1,4.74493212836325,False,False,4.435300712083786
0,2.5,6.0,7,15,97.0,0,1,5.017279836814924,False,False,35.80596272336744
0,1.0,1.0,1,5,100.0,0,1,4.61512051684126,True,False,0.9742268101099345
0,1.0,1.0,1,1,100.0,0,1,5.017279836814924,True,False,1.7176282138365542
0,1.0,2.0,2,9,93.0,1,6,4.919980925828125,False,False,1.6921225110601334
0,2.0,3.0,3,9,98.0,1,1,5.298317366548036,False,False,16.86009573125185
0,2.0,6.0,1,52,93.0,1,12,5.017279836814924,False,False,0.8546008964299442
0,1.0,1.0,2,10,100.0,0,1,5.111987788356544,False,False,4.810768722191777
0,1.0,1.0,3,3,90.0,1,2,4.343805421853684,True,False,29.194963574913572
0,1.0,1.0,2,25,100.0,0,1,4.663439094112067,False,False,4.612707277582749
0,1.5,2.0,2,38,92.0,1,1,4.983606621708336,False,False,9.446350458888528
0,1.0,2.0,1,5,92.0,1,31,5.181783550292085,False,False,1.6716375331312259
0,1.0,1.0,2,11,87.0,1,1,4.330733340286331,True,False,11.466315265918658
0,1.0,2.0,3,5,96.0,1,1,5.298317366548036,False,False,6.597455218930309
0,1.0,2.0,2,1,80.0,0,1,4.418840607796598,True,False,4.756170515722079
0,1.5,2.0,3,2,100.0,0,1,5.017279836814924,False,False,1.1393117476736234
0,2.0,3.0,30,5,95.0,0,1,5.19295685089021,False,False,4.02566043863331
0,1.5,3.0,5,19,89.0,1,21,5.214935757608986,False,False,6.391972262812385
0,1.0,1.0,2,3,100.0,1,1,4.02535169073515,True,False,5.763273575125827
1,1.0,1.0,5,38,96.0,0,1,4.61512051684126,False,False,4.216608854277798
1,1.0,1.0,3,3,100.0,0,2,4.700480365792417,False,False,9.001041260672979
0,2.0,4.0,3,33,95.0,0,1,5.4638318050256105,False,False,23.586260857556834
1,1.0,1.0,2,145,98.0,0,1,4.110873864173311,True,False,0.9748947427778192
1,2.0,1.0,2,51,100.0,0,1,3.367295829986474,True,False,18.30959438627584
0,1.0,2.0,2,1,100.0,0,1,5.298317366548036,False,False,6.727261800031447
0,1.0,3.0,3,11,100.0,0,1,5.703782474656201,False,False,3.7631059191654463
0,2.0,3.0,4,2,90.0,0,22,5.560681631015528,False,False,2.536665118333324
0,1.0,2.0,3,6,87.0,1,1,5.017279836814924,False,False,5.354118345243508
1,1.0,1.0,2,113,98.0,0,23,4.852030263919617,False,False,0.9465315707464755
0,1.0,4.0,3,12,91.0,0,1,5.135798437050262,False,False,5.157623669891084
0,2.0,7.0,2,15,93.0,0,33,5.198497031265826,False,False,6.558874419724771
0,1.0,1.0,2,2,100.0,1,2,4.189654742026425,True,False,0.8595707133018027
0,1.0,1.0,2,60,93.0,0,1,4.700480365792417,False,False,1.8795694856305523
1,1.0,2.0,1,29,99.0,1,1,5.017279836814924,False,False,32.89649114039166
1,1.0,1.0,2,25,99.0,0,27,5.087596335232384,False,False,6.200407364728067
0,1.0,3.0,2,88,94.0,0,1,5.087596335232384,False,False,1.7035568486940598
0,1.0,1.0,1,6,97.0,0,1,3.8066624897703196,True,False,12.75104354846825
0,2.0,4.0,3,3,90.0,1,1,5.198497031265826,False,False,10.637910773162028
0,1.0,3.0,5,4,100.0,1,1,6.111467339502679,False,False,1.2279234840570512
0,1.0,1.0,1,19,96.0,1,1,4.189654742026425,True,False,5.750084996267362
0,1.0,1.0,1,25,90.0,1,8,5.075173815233827,False,False,0.5402372951086336
1,1.5,2.0,2,30,98.0,1,1,5.017279836814924,False,False,17.836670920515076
0,1.5,5.0,2,15,95.0,0,2,5.602118820879701,False,False,8.572276263662003
0,1.5,1.0,1,61,94.0,0,1,4.700480365792417,False,False,2.841165754497308
0,1.0,1.0,2,25,90.0,1,2,4.624972813284271,False,False,12.200406828724562
0,1.0,1.0,4,5,92.0,0,2,3.8501476017100584,True,False,3.9638351334194954
1,1.0,1.0,1,18,93.0,0,2,3.8918202981106265,True,False,16.551298547043768
0,1.0,3.0,2,2,80.0,0,3,5.298317366548036,False,False,0.399969791246608
0,1.0,2.0,1,1,100.0,1,1,4.836281906951478,False,False,4.500044411052769
0,1.0,1.0,1,5,100.0,0,2,3.4339872044851463,True,False,24.26233341415399
1,1.0,1.0,2,9,100.0,0,1,5.017279836814924,False,False,3.693432850756746
0,1.0,1.0,2,12,83.0,1,1,4.584967478670572,False,False,0.18707930621736296
1,2.5,5.0,2,29,99.0,0,2,5.638354669333745,False,False,13.577088017390277
0,1.0,2.0,2,3,100.0,1,1,5.402677381872279,False,False,10.953829126940548
0,1.0,2.0,2,11,94.0,0,1,5.25227342804663,False,False,1.8372991765366338
0,1.0,1.0,5,13,93.0,1,1,3.8501476017100584,True,False,5.529413301836724
0,1.0,1.0,3,9,98.0,0,1,5.1647859739235145,False,False,0.42511726837854585
0,1.0,1.0,3,10,96.0,0,1,4.875197323201151,False,False,5.8865998261741215
0,1.0,4.0,4,48,85.0,0,22,5.075173815233827,False,False,3.8503238780094557
1,3.5,8.0,2,26,94.0,0,8,5.579729825986222,False,False,15.888361535825531
0,2.0,4.0,1,3,100.0,1,7,5.298317366548036,False,False,0.6302587157974836
0,1.0,1.0,2,39,99.0,1,2,4.02535169073515,True,False,13.913132639576578
0,1.0,3.0,1,5,92.0,1,1,5.017279836814924,False,False,24.943830903532124
1,1.0,1.0,1,19,98.0,0,4,4.61512051684126,True,False,22.262933883425507
0,1.0,2.0,2,28,92.0,1,1,4.795790545596741,False,False,1.3887272688874037
1,1.0,2.0,2,25,98.0,0,1,5.017279836814924,False,False,3.111723848595281
0,1.0,3.0,5,1,80.0,0,3,4.634728988229636,False,False,21.959942235295138
0,1.0,2.0,1,13,97.0,0,2,5.14166355650266,False,False,3.136662728420352
0,2.0,5.0,3,14,94.0,0,8,4.795790545596741,False,False,15.903042625585798
0,2.0,1.0,4,5,100.0,0,1,4.51085950651685,False,False,8.095957717872517
1,1.5,2.0,2,41,100.0,0,2,3.8501476017100584,True,False,22.771766524670415
1,1.0,1.0,1,11,91.0,1,1,4.276666119016055,True,False,50.87722528297655
1,1.0,1.0,3,14,99.0,1,4,4.394449154672439,True,False,1.7356465423458705
0,1.5,2.0,1,5,80.0,0,4,4.51085950651685,True,False,43.16890398118259
1,1.0,1.0,2,7,100.0,1,2,3.871201010907891,False,False,15.35854506277273
0,1.0,1.0,7,1,100.0,0,1,4.61512051684126,False,False,3.360251587521061
0,1.0,2.0,1,141,94.0,0,1,4.700480365792417,False,False,5.126832406067791
1,1.0,1.0,2,19,86.0,0,5,5.017279836814924,False,False,52.13380220272041
0,1.0,1.0,5,1,80.0,1,1,4.51085950651685,False,False,0.23181809648103188
0,3.0,5.0,5,10,94.0,0,2,6.156978985585555,False,False,7.42087431135716
0,1.0,2.0,1,125,94.0,1,40,4.820281565605037,False,False,0.7995172036324413
1,2.0,2.0,1,38,93.0,1,41,5.049856007249537,False,False,0.8680729576623362
0,1.0,2.0,1,3,80.0,1,1,5.25227342804663,False,False,0.3551673221502727
0,1.0,1.0,5,3,93.0,1,50,4.61512051684126,False,False,0.18231661473563374
1,1.0,1.0,2,3,100.0,1,2,4.442651256490317,True,False,8.29239328849545
0,2.0,3.0,1,1,80.0,0,2,5.3981627015177525,False,False,2.1731058309035807
0,1.0,3.0,3,6,100.0,1,6,5.087596335232384,False,False,10.910718781905892
0,1.0,3.0,1,1,60.0,1,2,4.6913478822291435,True,False,10.759537574407664
0,2.0,2.0,1,4,90.0,1,5,6.212606095751519,False,False,0.9474266579320673
1,1.0,3.0,2,10,100.0,1,2,5.25227342804663,False,False,0.22486166100724497
0,1.0,6.0,1,3,100.0,1,2,4.867534450455582,False,False,1.2181971357704213
1,2.0,4.0,2,26,99.0,0,2,6.156978985585555,False,False,3.7052321827785013
0,1.0,1.0,2,1,100.0,0,1,4.330733340286331,False,False,6.124663316220386
0,1.0,1.0,1,1,100.0,1,5,5.991464547107982,False,False,14.44240398840344
1,1.5,1.0,2,43,97.0,1,3,4.007333185232471,True,False,2.9266509645013805
1,2.0,6.0,2,4,100.0,0,1,5.017279836814924,False,False,8.049485691153341
0,1.0,2.0,1,2,100.0,0,1,3.713572066704308,True,False,9.113669942709507
0,1.0,1.0,2,40,98.0,0,2,3.9318256327243257,True,False,22.604717795587202
0,1.0,1.0,3,4,80.0,0,28,5.056245805348308,False,False,1.1901754194053427
0,1.0,3.0,1,90,85.0,0,3,4.574710978503383,False,False,16.087346200187607
0,1.5,5.0,4,1,80.0,0,4,4.700480365792417,False,False,7.244215895786918
0,1.0,1.0,1,3,80.0,0,1,4.248495242049359,True,False,0.4904853994992046
0,1.0,1.0,2,23,96.0,0,50,4.61512051684126,False,False,5.30333724045184
1,2.0,3.0,2,29,98.0,1,1,5.017279836814924,False,False,7.674665177248071
0,1.0,1.0,1,3,93.0,0,2,4.382026634673881,True,False,9.116163441486458
0,1.5,1.0,1,2,70.0,0,1,4.02535169073515,True,False,0.7401582303823954
1,1.0,2.0,2,5,100.0,0,2,4.574710978503383,False,False,6.717101055854547
1,1.0,1.0,1,35,96.0,1,1,4.248495242049359,False,False,12.273327489276147
0,1.0,1.0,1,18,96.0,1,1,3.9318256327243257,True,False,25.79032803430781
1,1.0,2.0,4,43,100.0,0,1,4.948759890378168,False,False,2.9132469708099817
1,1.0,1.0,2,21,100.0,0,1,3.9318256327243257,True,False,14.410768204957138
0,1.0,3.0,1,4,80.0,1,12,4.787491742782046,False,False,0.49898270575743564
0,1.0,1.0,1,1,100.0,1,2,4.23410650459726,True,False,0.7704019837330948
0,1.0,4.0,3,3,73.0,1,1,5.529429087511423,False,False,2.160382642660984
0,1.0,2.0,1,15,92.0,0,1,3.8501476017100584,True,False,40.93264763738215
0,1.0,3.0,1,7,66.0,0,2,4.110873864173311,True,False,12.692626247428835
0,2.5,2.0,3,1,100.0,0,1,4.795790545596741,True,False,25.23557338250722
0,1.0,2.0,1,5,80.0,0,1,3.58351893845611,False,True,0.9102872634742645
1,1.0,1.0,2,62,96.0,0,3,4.574710978503383,False,False,4.460039247362554
0,1.5,1.0,1,4,80.0,1,9,3.6888794541139363,True,False,14.000645261716391
0,2.0,2.0,3,1,80.0,0,2,5.442417710521793,False,False,11.0223019957929
0,1.0,2.0,1,4,85.0,0,23,5.198497031265826,False,False,14.319995587791022
0,2.0,7.0,1,2,100.0,0,1,5.278114659230517,False,False,39.88758848334391
1,1.0,2.0,2,60,98.0,0,23,5.017279836814924,False,False,0.46095957495979384
0,2.0,2.0,3,8,100.0,1,2,4.6913478822291435,False,False,7.569351563082169
1,2.0,3.0,7,4,100.0,0,50,5.955837369464831,False,False,2.591232867753234
0,2.0,2.0,1,5,95.0,1,1,5.857933154483459,False,False,0.8673269286375193
0,2.0,4.0,3,15,91.0,0,1,5.638354669333745,False,False,2.9468735440748555
0,1.0,7.0,2,33,93.0,0,1,5.442417710521793,False,False,0.7202987010628679
0,1.0,2.0,1,27,96.0,0,1,5.707110264748875,False,False,3.8299772181189966
1,2.5,5.0,3,11,98.0,0,1,5.963579343618446,False,False,5.524924985729954
0,1.0,1.0,1,4,90.0,1,1,4.51085950651685,True,False,1.9429202802618497
0,1.0,3.0,1,27,86.0,0,1,4.584967478670572,True,False,16.159698092733834
0,1.0,1.0,1,1,80.0,0,1,3.9318256327243257,True,False,3.84406968021346
0,2.0,2.0,4,4,100.0,0,1,5.017279836814924,False,False,3.347522728849851
0,1.0,1.0,10,4,100.0,0,3,4.795790545596741,True,False,1.4506482012572213
1,1.0,4.0,1,152,95.0,1,1,4.61512051684126,False,False,0.4565323266836068
1,1.0,2.0,2,70,98.0,0,3,4.983606621708336,False,False,2.5875038824230248
1,1.0,1.0,2,17,93.0,1,1,4.442651256490317,True,False,1.2862530167817456
1,1.0,1.0,3,21,99.0,0,1,3.8501476017100584,True,False,5.86466990716438
0,1.0,4.0,1,4,90.0,0,3,4.634728988229636,False,False,21.294139401819162
1,1.0,1.0,6,14,99.0,0,1,4.110873864173311,True,False,0.6007509293679499
0,1.0,2.0,1,34,91.0,1,50,4.700480365792417,False,False,4.384154424779803
0,1.0,2.0,5,14,97.0,1,1,4.330733340286331,False,False,0.9323522071792436
0,2.0,3.0,3,34,86.0,0,1,4.875197323201151,False,False,2.4838001901646396
0,1.0,4.0,1,7,86.0,0,36,4.948759890378168,False,False,1.5503191218023595
0,1.0,2.0,3,15,89.0,1,50,4.700480365792417,False,False,0.8269531835319529
0,1.0,4.0,2,13,83.0,1,2,4.68213122712422,False,False,6.346019451369078
0,1.0,6.0,3,32,96.0,1,2,5.442417710521793,False,False,3.0411570862072663
1,2.0,2.0,1,10,96.0,1,38,5.075173815233827,False,False,0.6736006001674144
0,2.5,7.0,2,12,87.0,0,2,3.9318256327243257,False,False,17.936147170390562
0,1.0,1.0,1,127,94.0,1,1,5.056245805348308,False,False,53.432101088308464
0,1.0,2.0,1,8,93.0,1,50,4.61512051684126,False,False,2.58953231130238
1,1.0,1.0,1,23,93.0,0,2,4.574710978503383,False,False,1.5786547157073072
0,1.0,1.0,2,20,97.0,0,1,4.727387818712341,False,False,1.7286404484422335
1,1.0,2.0,2,84,96.0,0,13,4.875197323201151,False,False,1.305568867226279
1,2.0,2.0,2,21,94.0,1,1,4.787491742782046,False,False,0.6992829697453148
1,2.0,2.0,2,54,100.0,0,3,5.293304824724492,False,False,0.8013570974208443
0,1.0,1.0,7,1,100.0,0,1,3.9318256327243257,False,False,5.569681377150527
0,1.5,6.0,2,2,90.0,0,2,4.948759890378168,False,False,7.23180649199899
0,1.0,4.0,2,10,94.0,0,33,5.351858133476067,False,False,7.201823011871871
0,1.0,3.0,1,30,93.0,1,33,5.198497031265826,False,False,1.2850561713937394
1,1.0,1.0,2,31,95.0,0,3,4.795790545596741,True,False,1.7663391303056573
1,1.0,1.0,2,40,100.0,0,1,5.1647859739235145,False,False,2.875579828593757
0,1.0,2.0,1,1,100.0,1,4,4.897839799950911,False,False,0.11396123296827856
0,1.0,1.0,1,13,98.0,1,1,5.298317366548036,False,False,2.1450216998500395
0,1.0,1.0,3,3,93.0,0,1,4.718498871295094,False,False,9.94283353607487
0,1.0,1.0,1,18,98.0,0,2,4.276666119016055,True,False,1.248104601285158
1,1.0,1.0,1,2,70.0,1,7,5.66988092298052,False,False,35.55721220750693
0,1.0,1.0,1,6,93.0,1,1,3.9512437185814275,True,False,3.130933676308391
0,1.0,4.0,2,21,84.0,0,3,3.9318256327243257,True,False,13.8562277337334
0,2.0,3.0,2,5,92.0,0,38,5.087596335232384,False,False,13.822560208064576
0,1.0,3.0,1,15,76.0,1,13,6.018593214496234,False,False,0.893536466248329
0,1.0,3.0,1,11,94.0,1,2,3.9318256327243257,False,False,2.027565852381082
0,1.0,3.0,2,5,88.0,1,6,4.983606621708336,False,False,0.8322209514488378
1,2.0,3.0,2,5,96.0,1,5,5.298317366548036,False,False,0.7154551495022158
0,1.0,1.0,1,2,80.0,0,1,3.9318256327243257,True,False,3.4154036035532513
0,1.0,1.0,2,19,97.0,0,1,4.718498871295094,False,False,2.8899895735652845
0,1.0,1.0,1,18,92.0,0,2,3.9318256327243257,True,False,8.59738746568522
0,1.0,1.0,1,6,100.0,0,1,4.276666119016055,True,False,1.7618313581298792
1,2.0,4.0,3,13,98.0,1,13,6.396929655216146,False,False,0.8396652391182953
0,2.0,8.0,1,8,93.0,1,50,5.66988092298052,False,False,0.8417723847883425
1,2.0,4.0,2,18,99.0,1,1,5.017279836814924,False,False,44.16294373923411
0,1.0,1.0,7,8,98.0,0,5,3.58351893845611,True,False,5.099443607544343
0,2.5,3.0,3,3,100.0,0,1,5.916202062607435,False,False,6.339456625593619
0,2.5,5.0,2,9,89.0,1,2,5.384495062789089,False,False,14.383166212160527
1,1.0,3.0,1,112,97.0,0,1,4.59511985013459,False,False,42.695118663363225
0,2.0,2.0,1,2,90.0,1,47,5.375278407684165,False,False,1.8736251581743237
0,2.0,2.0,3,1,100.0,0,28,5.327876168789581,False,False,1.3515878850470813
0,1.0,3.0,3,8,78.0,0,25,3.258096538021482,False,True,14.23133573201516
1,1.0,1.0,2,29,93.0,1,1,4.477336814478207,False,False,5.523482642339988
1,1.0,1.0,1,21,95.0,1,1,3.7612001156935624,True,False,41.139237729579555
1,1.0,1.0,2,137,94.0,0,1,4.795790545596741,True,False,0.9391431991515983
0,1.0,1.0,1,1,60.0,1,3,3.4965075614664802,True,False,4.925728964971794
0,1.0,1.0,1,29,98.0,0,3,4.61512051684126,True,False,7.978740461365564
1,1.0,1.0,2,3,93.0,1,5,4.007333185232471,True,False,0.7120433307647632
0,1.0,2.0,7,6,83.0,0,1,4.394449154672439,False,False,9.148883216604345
1,1.0,1.0,1,2,90.0,1,3,4.394449154672439,True,False,7.113019038692154
0,2.5,5.0,2,6,95.0,1,1,6.2166061010848646,False,False,2.8658630686061066
0,2.0,3.0,3,20,97.0,0,1,5.3471075307174685,False,False,3.009734992452102
1,1.0,1.0,1,42,99.0,1,1,4.51085950651685,True,False,0.5755567107679191
0,2.0,3.0,2,12,87.0,1,12,4.948759890378168,False,False,1.7118171717495814
1,1.0,1.0,1,20,100.0,0,2,3.8501476017100584,True,False,15.64482330548514
0,1.0,1.0,1,34,88.0,1,3,3.9318256327243257,True,False,0.5497403931734137
1,1.0,2.0,2,47,99.0,1,34,5.087596335232384,False,False,0.7556408143896115
0,1.0,1.0,3,2,100.0,1,4,3.8501476017100584,True,False,17.77175668643761
0,1.0,5.0,2,82,86.0,0,22,5.135798437050262,False,False,2.6671384862404572
0,1.0,1.0,2,5,100.0,0,2,4.653960350157523,False,False,40.70211538931223
0,1.0,1.0,10,1,100.0,0,1,4.875197323201151,False,False,7.343384214489256
0,1.0,1.0,4,15,88.0,0,15,4.762173934797756,False,False,1.1512140244726439
0,1.0,2.0,3,7,80.0,0,1,4.61512051684126,False,False,6.889390098699223
1,1.0,2.0,1,11,94.0,1,1,4.61512051684126,False,False,0.7378820969255215
0,1.0,1.0,2,10,94.0,0,1,5.017279836814924,False,False,3.860942018031491
1,1.0,1.0,1,19,97.0,1,2,4.110873864173311,True,False,0.5674075152473552
0,1.0,3.0,5,4,95.0,0,1,5.017279836814924,False,False,6.680930012630034
0,1.0,2.0,2,11,88.0,1,2,4.465908118654584,False,False,7.18789554399719
0,1.0,1.0,1,2,100.0,1,13,5.62040086571715,False,False,35.73755228429029
0,1.0,1.0,1,1,100.0,1,2,3.713572066704308,True,False,7.46727509774788
0,1.0,3.0,5,1,100.0,0,2,5.298317366548036,False,False,1.4939540088061125
0,1.5,1.0,3,19,95.0,0,4,4.875197323201151,False,False,1.019195471686826
0,1.0,1.0,1,4,100.0,1,2,4.499809670330265,True,False,16.556079828647565
1,2.0,2.0,3,16,99.0,0,2,5.198497031265826,False,False,15.005324804708827
0,2.5,5.0,2,5,92.0,0,2,5.075173815233827,False,False,20.396360270249662
0,1.0,2.0,1,4,95.0,1,2,4.330733340286331,True,False,0.8789673183995866
1,3.0,5.0,2,32,99.0,0,2,6.3818160174060985,False,False,51.74599833669923
0,1.0,2.0,2,30,94.0,1,2,4.875197323201151,False,False,3.017788457212255
0,2.0,2.0,2,52,98.0,1,1,5.424950017481403,False,False,1.5567703803407833
0,2.0,2.0,2,8,95.0,0,1,5.017279836814924,False,False,3.4561197422219148
0,2.0,4.0,1,28,91.0,0,4,4.9344739331306915,False,False,19.69680759574202
0,1.0,2.0,1,2,90.0,0,1,5.278114659230517,False,False,2.7001307346685324
0,1.0,1.0,1,91,94.0,1,22,4.9344739331306915,False,False,0.7296801991678502
0,1.0,1.0,1,42,96.0,1,3,4.499809670330265,True,False,4.738982335953392
0,1.0,3.0,3,2,100.0,0,1,5.493061443340548,False,False,6.02327719682412
0,1.0,1.0,2,1,100.0,0,1,4.343805421853684,True,False,13.175910320476364
0,2.0,4.0,3,28,91.0,0,2,4.875197323201151,False,False,26.192134262463878
1,1.0,2.0,1,79,98.0,0,2,5.198497031265826,False,False,4.826480111578664
1,1.0,2.0,1,20,92.0,0,1,4.543294782270004,False,False,1.0747701971525514
0,2.0,2.0,5,3,60.0,1,2,3.9318256327243257,False,True,0.6068396535954504
0,1.0,1.0,1,3,100.0,0,2,5.198497031265826,True,False,4.656501663342764
0,1.0,1.0,1,2,80.0,0,5,4.30406509320417,True,False,21.515377163678725
0,1.0,3.0,1,102,92.0,1,1,5.111987788356544,False,False,5.2224273570348485
0,1.0,1.0,2,35,93.0,0,1,3.713572066704308,True,False,6.493783652397915
1,1.0,1.0,2,103,96.0,0,2,4.624972813284271,False,False,1.8731662648128395
1,2.0,3.0,1,84,97.0,1,2,5.1647859739235145,False,False,2.1476360306138162
1,1.0,2.0,1,44,97.0,1,41,4.983606621708336,False,False,0.7660738364395211
0,1.0,1.0,1,9,98.0,1,1,3.8918202981106265,True,False,5.956480914053395
0,1.0,1.0,4,5,100.0,1,2,3.713572066704308,True,False,6.254223035592559
0,1.0,1.0,7,2,100.0,1,1,4.624972813284271,False,False,3.089821002681633
0,2.0,3.0,2,10,98.0,1,28,5.765191102784844,False,False,3.4347076236464154
0,1.0,2.0,2,5,96.0,0,42,4.700480365792417,False,False,5.26248243856044
0,1.0,1.0,1,7,97.0,0,1,4.51085950651685,True,False,14.738891749082896
1,1.0,1.0,1,4,95.0,0,3,4.787491742782046,False,False,4.952056727101274
0,1.5,1.0,1,11,100.0,1,1,3.8501476017100584,True,False,43.866309014557814
1,1.0,1.0,2,51,94.0,0,1,3.8501476017100584,True,False,7.515320574453578
0,1.0,4.0,1,8,85.0,1,38,5.075173815233827,False,False,7.5374300663087155
0,1.0,1.0,2,26,97.0,0,1,4.795790545596741,True,False,2.7314531840563934
1,2.0,4.0,5,6,100.0,0,50,6.054439346269371,False,False,3.9753564497309855
0,1.0,2.0,3,15,87.0,0,1,5.087596335232384,False,False,14.135534326840116
1,2.0,3.0,2,33,92.0,1,26,5.075173815233827,False,False,1.3952302717637328
1,2.5,7.0,1,11,93.0,0,12,5.298317366548036,False,False,23.645371193297088
0,1.0,1.0,1,3,80.0,1,4,4.204692619390966,True,False,32.542103977901135
0,1.0,1.0,3,2,100.0,1,1,3.713572066704308,True,False,9.995858564878569
0,1.0,1.0,2,28,97.0,0,1,3.9318256327243257,True,False,4.73018944341193
0,1.0,1.0,7,8,100.0,0,1,4.330733340286331,True,False,12.050444143084466
0,1.0,3.0,3,2,100.0,0,1,5.087596335232384,False,False,6.22432998070058
1,1.5,1.0,2,62,97.0,0,2,4.02535169073515,True,False,13.889416466871964
0,1.0,2.0,2,6,93.0,1,11,5.14166355650266,False,False,1.6193116302011235
0,1.0,1.0,1,5,100.0,0,1,4.499809670330265,True,False,5.378174899035459
1,1.0,3.0,2,7,97.0,1,2,5.69035945432406,False,False,36.4714207343875
1,1.0,1.0,2,81,98.0,0,2,4.060443010546419,True,False,2.146175422751743
1,1.0,1.0,1,13,98.0,1,2,5.786897381366708,False,False,53.25255667662308
1,1.0,3.0,2,21,100.0,0,1,4.983606621708336,False,False,37.61910732010681
1,1.0,2.0,4,30,96.0,1,7,5.017279836814924,False,False,0.6297996952061624
0,1.0,1.0,1,1,100.0,0,1,3.6888794541139363,True,False,19.723922851513617
0,1.0,1.0,2,13,100.0,0,1,4.700480365792417,False,False,5.151842842248233
0,2.5,3.0,7,4,100.0,0,1,5.231108616854587,False,False,11.45632620024326
1,1.0,1.0,3,7,100.0,1,2,4.189654742026425,True,False,18.109048114344862
0,1.0,2.0,2,13,88.0,0,6,5.424950017481403,False,False,7.43551597996242
1,1.5,4.0,5,10,86.0,1,50,5.723585101952381,False,False,2.986409165002285
0,2.0,2.0,2,26,93.0,0,1,4.787491742782046,False,False,1.3194698985249105
1,2.0,1.0,1,23,97.0,0,1,4.02535169073515,True,False,5.044074902708052
0,1.0,1.0,1,3,100.0,1,1,4.61512051684126,False,False,0.5967400733534268
0,1.0,1.0,2,80,95.0,0,1,4.700480365792417,False,False,5.1435591094018145
0,1.0,4.0,5,1,100.0,0,1,5.529429087511423,False,False,4.559062788065896
0,1.0,1.0,1,9,82.0,0,36,4.663439094112067,False,False,1.1549394516378155
1,1.0,2.0,4,45,98.0,0,1,4.700480365792417,False,False,0.9613880962054798
0,2.0,1.0,1,2,100.0,1,2,3.8501476017100584,True,False,17.96824127349265
0,1.0,5.0,1,105,92.0,1,4,5.135798437050262,False,False,0.9511392264997226
0,1.0,2.0,1,7,94.0,1,1,4.543294782270004,True,False,0.7384567628364158
0,1.0,1.0,1,21,91.0,1,9,4.499809670330265,False,False,1.012855763457286
1,1.0,2.0,2,11,96.0,1,1,5.017279836814924,False,False,6.693010645064892
1,2.0,3.0,2,77,98.0,0,23,4.836281906951478,False,False,0.8610411832395541
0,1.0,1.0,3,1,100.0,1,1,4.836281906951478,False,False,6.044464999437617
0,1.0,1.0,1,4,95.0,0,8,3.4011973816621555,True,False,23.905835812144044
0,1.0,2.0,1,62,94.0,0,1,3.58351893845611,True,False,13.845918788538391
0,1.0,1.0,2,85,94.0,0,1,4.61512051684126,False,False,5.138521303136732
1,2.0,5.0,2,136,98.0,0,26,5.521460917862246,False,False,0.7616554572172232
0,1.0,2.0,1,5,96.0,0,1,4.61512051684126,False,False,3.6074430608760886
1,1.0,1.0,2,17,99.0,0,1,4.61512051684126,False,False,2.9015265349197525
0,1.0,3.0,2,38,94.0,0,42,5.198497031265826,False,False,2.6381337699468848
1,1.0,1.0,2,49,98.0,0,1,4.330733340286331,True,False,6.1145291552892065
0,1.0,1.0,3,8,95.0,0,1,4.276666119016055,True,False,3.9113650225963346
0,1.0,4.0,1,41,94.0,1,7,5.017279836814924,False,False,0.5717288084354515
0,2.0,1.0,4,2,100.0,1,1,3.8918202981106265,True,False,2.034175737755015
0,1.0,2.0,24,1,100.0,1,1,3.9889840465642745,False,False,0.8542900098047455
1,2.0,2.0,1,157,99.0,1,2,5.075173815233827,False,False,2.0016592940782427
0,1.0,2.0,1,3,87.0,1,1,4.394449154672439,True,False,0.3660437213340039
1,1.0,1.0,4,95,95.0,0,1,4.919980925828125,False,False,4.994038068392591
0,1.0,1.0,3,1,100.0,0,1,4.700480365792417,False,False,1.2348160571497862
1,1.0,2.0,2,8,90.0,0,2,3.8918202981106265,True,False,19.441032970192957
0,2.0,4.0,2,3,67.0,1,1,5.198497031265826,False,False,0.8350504193840668
0,2.0,5.0,2,30,99.0,0,42,5.480638923341991,False,False,4.534727778257955
0,1.0,3.0,3,21,92.0,0,50,4.727387818712341,False,False,0.6734287889351526
0,2.0,1.0,2,3,93.0,0,1,5.375278407684165,False,False,0.8125420439070852
0,1.0,1.0,1,31,95.0,0,1,4.574710978503383,True,False,3.8409781774103067
0,1.0,2.0,2,2,100.0,0,1,5.638354669333745,False,False,51.180355869148165
0,2.0,3.0,3,2,100.0,0,1,6.311734809152915,False,False,3.396721904891245
0,1.0,1.0,1,17,99.0,1,4,4.276666119016055,True,False,41.36409184793348
0,1.0,1.0,5,37,94.0,0,1,4.51085950651685,False,False,14.081985884482881
0,1.0,3.0,2,16,94.0,1,1,4.875197323201151,False,False,20.749321180782477
0,1.0,2.0,2,5,80.0,0,1,4.290459441148391,False,False,6.426608224715681
1,1.0,2.0,4,49,100.0,0,2,5.198497031265826,False,False,4.702730968397384
0,1.0,1.0,2,4,100.0,0,1,4.61512051684126,True,False,0.973129381317436
0,1.0,1.0,2,34,96.0,0,1,4.110873864173311,True,False,10.805520440371884
0,1.0,4.0,1,135,90.0,1,22,5.25227342804663,False,False,1.3044985760336107
1,1.5,1.0,3,1,100.0,0,9,4.919980925828125,False,False,0.9983905228438087
1,1.0,2.0,2,80,93.0,1,1,4.394449154672439,False,False,19.14302123878629
1,1.0,1.0,1,11,100.0,1,1,4.836281906951478,True,False,41.08276942867592
0,1.0,1.0,4,5,92.0,0,1,4.51085950651685,False,False,5.719113596591152
0,1.0,2.0,1,20,99.0,0,1,4.51085950651685,True,False,3.8068875962361357
0,2.0,2.0,5,7,93.0,0,1,4.948759890378168,False,False,14.62549395972674
0,1.5,3.0,1,13,98.0,1,6,4.875197323201151,True,False,19.626893347792826
1,1.0,1.0,2,89,97.0,0,1,4.997212273764115,False,False,3.441338704521161
0,1.0,1.0,2,31,100.0,0,1,4.442651256490317,True,False,2.2701744419560064
0,1.0,1.0,1,1,80.0,0,1,4.330733340286331,True,False,2.7654162599473344
0,2.0,6.0,2,21,93.0,1,1,5.298317366548036,False,False,25.025368272659154
0,2.0,2.0,3,4,90.0,0,28,5.327876168789581,False,False,1.3760457021212242
1,1.0,2.0,10,55,93.0,1,2,4.204692619390966,False,False,1.024428177347265
0,1.0,1.0,2,53,95.0,1,1,4.060443010546419,True,False,5.22844172995568
1,2.0,1.0,2,36,99.0,1,1,4.248495242049359,True,False,1.9074578701351776
0,1.0,1.0,2,5,100.0,0,2,3.7612001156935624,True,False,30.652709837858673
1,1.5,1.0,2,27,99.0,0,2,3.4011973816621555,True,False,30.997168453348795
1,1.0,3.0,1,52,99.0,1,1,4.68213122712422,False,False,0.6164544006835105
1,1.0,1.0,3,34,97.0,1,1,4.875197323201151,False,False,2.610709082968996
1,1.0,4.0,3,61,94.0,0,1,4.836281906951478,False,False,14.686424513125791
1,1.0,4.0,1,72,99.0,0,1,4.700480365792417,False,False,11.89960286036797
0,1.0,2.0,2,3,93.0,1,12,4.844187086458591,False,False,1.857914979298389
0,1.0,4.0,1,2,100.0,0,1,5.204006687076795,False,False,6.869512452951587
0,1.0,1.0,1,1,100.0,0,1,3.713572066704308,True,False,4.731814830153105
0,1.0,1.0,2,1,100.0,1,1,5.017279836814924,False,False,2.9698317060089496
0,1.0,1.0,1,17,89.0,0,1,3.4339872044851463,True,False,12.948616273913641
0,2.0,2.0,3,1,100.0,1,6,5.638354669333745,False,False,19.153223299077297
0,1.0,1.0,2,13,100.0,0,1,3.8066624897703196,True,False,3.8629335311278408
0,2.5,6.0,2,16,92.0,0,1,6.212606095751519,False,False,2.804908007629163
0,1.0,3.0,1,9,93.0,1,3,4.867534450455582,False,False,0.8738876108627613
1,1.5,1.0,1,7,100.0,0,4,3.6375861597263857,True,False,5.921720715776464
1,1.0,1.0,5,1,100.0,1,50,5.579729825986222,False,False,4.756850949909316
0,2.0,5.0,2,12,91.0,0,1,5.198497031265826,False,False,13.798998987824698
1,1.0,1.0,1,67,100.0,1,1,4.9344739331306915,False,False,1.1594115374488918
0,2.0,4.0,2,4,100.0,0,1,4.997212273764115,False,False,2.3541412929770327
0,1.5,2.0,4,14,97.0,1,1,4.276666119016055,True,False,9.412396095578897
0,1.0,1.0,1,1,100.0,1,5,3.58351893845611,True,False,9.07527551121643
0,1.0,3.0,2,1,100.0,0,1,5.529429087511423,False,False,3.5276407845128053
0,1.0,2.0,2,5,96.0,1,50,5.087596335232384,False,False,6.085598840447922
0,1.0,1.0,2,2,100.0,0,1,5.14166355650266,False,False,2.9577143461577307
0,1.0,1.0,2,38,94.0,1,1,5.198497031265826,False,False,4.292738431111093
0,2.5,4.0,3,3,100.0,0,1,6.2166061010848646,False,False,12.117816470011524
0,2.0,5.0,1,4,100.0,1,13,5.564520407322694,False,False,0.8789449425170607
0,1.0,1.0,1,50,97.0,1,29,4.61512051684126,False,False,0.880563065233912
0,1.0,1.0,1,3,90.0,1,1,3.8501476017100584,True,False,9.84453254678683
0,1.0,1.0,1,4,95.0,0,1,3.784189633918261,True,False,4.887262236330076
0,1.0,2.0,3,3,100.0,0,1,5.14166355650266,False,False,3.074362426104404
0,1.5,3.0,1,3,80.0,0,2,4.700480365792417,False,False,7.275541234639291
0,1.0,1.0,1,90,95.0,0,7,3.8501476017100584,True,False,16.12681639689115
0,1.0,4.0,3,5,92.0,0,25,3.58351893845611,False,True,0.8271462004637542
0,1.0,1.0,1,18,100.0,1,1,2.9444389791664403,False,False,40.02390193712145
0,1.0,1.0,7,3,80.0,1,1,4.394449154672439,False,False,3.875872230755001
1,1.0,1.0,3,95,98.0,1,6,5.25227342804663,False,False,0.6427786532096798
0,1.5,6.0,2,69,84.0,0,1,5.198497031265826,False,False,3.306107368163854
0,2.0,2.0,4,1,100.0,1,4,4.060443010546419,True,False,18.16595837934134
0,1.0,1.0,2,1,100.0,1,1,3.8918202981106265,True,False,1.0440040487358455
1,1.0,2.0,2,12,95.0,0,1,4.700480365792417,False,False,2.163776116691438
0,1.0,1.0,2,3,100.0,0,1,4.51085950651685,False,False,4.664089336533089
0,1.0,1.0,1,43,95.0,0,5,4.51085950651685,True,False,0.650208605730239
1,1.0,1.0,1,44,99.0,0,4,4.02535169073515,True,False,10.796236324582727
0,1.0,1.0,7,4,95.0,0,20,4.61512051684126,False,False,0.6302179600276067
1,2.0,2.0,1,35,99.0,0,1,4.875197323201151,False,False,3.9611443232319377
0,1.0,2.0,3,16,96.0,0,1,4.574710978503383,False,False,7.233146558740673
1,1.0,1.0,5,30,97.0,0,1,4.343805421853684,True,False,5.461549550741764
0,1.0,1.0,7,6,100.0,0,2,5.198497031265826,False,False,4.582445945442191
0,1.0,1.0,1,7,100.0,1,1,4.276666119016055,True,False,1.744355874060478
1,1.0,1.0,2,23,97.0,0,1,4.189654742026425,True,False,0.4589930561636569
0,1.0,2.0,20,24,100.0,1,4,4.574710978503383,False,False,3.311896703381213
0,1.0,1.0,3,6,80.0,1,3,4.110873864173311,True,False,2.6060125183514646
1,2.0,6.0,1,35,99.0,1,1,5.860786223465865,True,False,42.89270290399821
1,1.5,3.0,2,31,97.0,1,1,5.598421958998375,False,False,5.765980455680188
1,1.0,2.0,3,48,99.0,1,1,4.836281906951478,False,False,0.4163257881667421
1,1.0,1.0,1,108,98.0,1,2,4.7535901911063645,False,False,0.4482541959958537
0,3.0,4.0,1,9,93.0,1,50,5.521460917862246,False,False,2.474792798645877
0,1.0,1.0,1,38,97.0,1,1,4.330733340286331,False,False,32.630703798235494
1,1.0,1.0,2,63,97.0,1,1,4.61512051684126,False,False,1.56875884149043
0,1.0,1.0,2,7,94.0,1,1,4.02535169073515,True,False,0.5654335090919803
1,1.0,2.0,1,78,95.0,1,3,4.61512051684126,False,False,0.7456009271691091
0,1.0,1.0,2,86,87.0,0,5,4.110873864173311,True,False,2.263090996504541
0,3.0,4.0,1,4,95.0,0,1,5.638354669333745,False,False,24.95351615043831
0,1.5,1.0,2,28,94.0,1,11,4.07753744390572,True,False,24.507378606263725
1,1.0,1.0,1,2,100.0,0,2,3.9318256327243257,True,False,14.18410970017242
0,1.0,1.0,3,1,100.0,1,1,4.189654742026425,False,False,5.326695036082916
0,1.0,2.0,3,21,96.0,0,1,5.099866427824199,False,False,14.240675365236136
0,2.0,6.0,3,98,93.0,0,2,5.278114659230517,False,False,8.0663841847117
0,2.0,3.0,1,9,100.0,0,1,6.68586094706836,False,False,3.8420990351669486
0,1.0,3.0,2,4,100.0,1,50,5.298317366548036,False,False,4.451182859351267
0,2.0,1.0,3,4,80.0,1,14,3.58351893845611,True,False,13.843402433652054
0,1.0,1.0,1,5,88.0,1,3,3.8501476017100584,True,False,21.36121884307551
0,2.5,1.0,2,8,90.0,1,1,3.9889840465642745,True,False,4.3484292965945235
0,1.0,1.0,1,9,100.0,0,1,4.276666119016055,True,False,14.756795601545992
1,2.0,3.0,2,200,96.0,1,1,5.111987788356544,False,False,1.4155765423291193
0,1.0,2.0,3,73,96.0,1,1,5.087596335232384,False,False,7.14003421315959
1,1.0,1.0,2,79,99.0,0,2,4.7535901911063645,False,False,28.993417775022213
0,1.0,1.0,2,4,100.0,0,2,4.07753744390572,True,False,4.1495597297596785
0,1.0,2.0,30,7,100.0,1,1,4.77912349311153,False,False,6.622981216761792
1,2.0,5.0,1,76,97.0,0,1,4.61512051684126,False,False,1.9561835105124745
1,1.0,1.0,1,29,99.0,1,2,4.820281565605037,False,False,1.478782851400046
0,1.0,1.0,7,7,94.0,0,5,3.6109179126442243,True,False,5.006785280075517
0,1.0,3.0,1,27,87.0,1,1,5.579729825986222,True,False,12.27445732399186
1,1.0,2.0,2,43,93.0,0,1,4.499809670330265,False,False,18.409903950420794
1,1.0,2.0,2,60,94.0,1,9,4.499809670330265,False,False,1.8619491770978696
0,1.0,1.0,1,7,97.0,1,1,3.4339872044851463,True,False,7.028447343752743
1,2.0,1.0,3,14,99.0,0,1,4.574710978503383,False,False,4.330969845474834
1,1.0,2.0,2,18,98.0,1,2,4.727387818712341,False,False,5.123742767581936
0,1.0,1.0,1,1,100.0,1,1,4.02535169073515,False,True,0.9442169046049614
1,1.0,2.0,1,24,98.0,1,17,5.003946305945459,False,False,1.1079108236391368
0,1.0,1.0,7,5,100.0,0,1,4.394449154672439,False,False,3.7759078892907714
0,1.0,1.0,1,37,86.0,1,2,3.713572066704308,True,False,0.9852088950487207
0,2.0,1.0,7,1,100.0,0,50,3.9889840465642745,True,False,1.3855878310482066
0,1.0,2.0,1,27,90.0,1,2,4.836281906951478,False,False,0.8782724244720553
0,1.0,3.0,3,67,89.0,1,10,5.111987788356544,False,False,2.6788650915618546
0,1.0,1.0,1,88,91.0,1,2,3.9318256327243257,False,False,2.137817606698001
0,1.0,4.0,3,3,70.0,0,2,5.3981627015177525,False,False,6.040496227010577
1,1.0,1.0,2,159,97.0,1,1,3.9318256327243257,True,False,5.6026823488888855
0,1.0,1.0,1,6,100.0,1,2,4.110873864173311,True,False,9.719584578258688
0,1.0,3.0,2,7,80.0,0,1,4.787491742782046,False,False,10.679395825975547
0,2.0,3.0,2,4,100.0,0,1,5.786897381366708,False,False,2.5773415522155845
1,1.0,1.0,3,182,96.0,1,14,4.844187086458591,False,False,4.42263913244764
0,1.0,1.0,2,88,94.0,0,3,3.8918202981106265,True,False,6.143816743402175
0,1.0,1.0,1,25,95.0,1,21,5.017279836814924,False,False,0.8699616680420468
0,2.5,4.0,2,2,60.0,0,1,5.198497031265826,False,False,17.250237470214014
0,2.5,4.0,2,2,100.0,0,29,6.493753839851686,False,False,33.55327802888457
0,1.0,1.0,1,71,97.0,0,1,4.477336814478207,True,False,3.080179632416688
0,1.0,1.0,3,30,96.0,0,1,4.787491742782046,False,False,13.201000201255265
0,2.0,2.0,1,69,96.0,1,29,4.90527477843843,False,False,0.6982657204633339
1,1.0,1.0,2,1,100.0,1,26,4.61512051684126,True,False,5.125684625611248
0,1.0,2.0,1,17,95.0,1,1,4.110873864173311,True,False,20.75062215315827
0,1.0,3.0,1,19,86.0,1,50,4.976733742420574,False,False,0.9142900263897732
1,1.0,2.0,2,40,98.0,0,20,5.231108616854587,False,False,2.45972970836668
0,1.0,1.0,2,38,88.0,1,1,4.59511985013459,False,False,4.644094175619566
0,2.0,7.0,2,3,100.0,0,28,5.25227342804663,False,False,19.975355143885647
1,1.0,2.0,2,40,98.0,0,1,5.017279836814924,False,False,3.7540185295092217
1,2.0,3.0,2,38,95.0,1,29,5.799092654460526,False,False,0.7530282342059076
0,1.0,1.0,2,2,90.0,0,1,5.017279836814924,False,False,5.760463660984295
0,1.0,1.0,3,6,100.0,1,6,3.9318256327243257,True,False,12.400948203253774
0,1.0,1.0,2,10,100.0,1,3,5.375278407684165,False,False,59.003956327172965
0,2.0,3.0,3,5,90.0,1,35,5.1647859739235145,False,False,11.015591014055518
0,1.0,1.0,10,2,100.0,1,1,4.442651256490317,False,False,5.0271312485368425
0,1.0,1.0,4,2,100.0,0,1,4.23410650459726,True,False,0.40353821059711803
0,1.0,1.0,2,2,100.0,0,3,4.795790545596741,False,False,21.928506760617697
1,1.0,3.0,1,17,99.0,1,1,4.867534450455582,False,False,1.2432321084593163
1,2.5,5.0,3,7,100.0,0,3,5.940171252720432,False,False,10.112277427821448
1,1.5,5.0,1,200,95.0,0,9,3.8501476017100584,True,False,18.45360923608652
1,2.5,7.0,2,13,100.0,0,1,6.008813185442595,False,False,22.272873002895267
1,3.0,4.0,3,79,97.0,0,1,5.886104031450156,False,False,2.5018951617453493
0,1.0,1.0,14,1,100.0,0,1,4.110873864173311,True,False,2.45528312379863
1,1.0,1.0,1,2,100.0,1,2,5.1647859739235145,False,False,4.6438988149133165
0,1.0,1.0,4,16,90.0,1,1,4.795790545596741,False,False,3.339353940429717
0,1.0,1.0,2,22,95.0,0,3,3.9318256327243257,True,False,13.873941893911795
0,1.0,1.0,1,2,80.0,0,1,3.6888794541139363,True,False,5.206201287023413
1,2.0,3.0,2,143,90.0,0,13,5.087596335232384,False,False,1.2920205427951565
0,1.0,4.0,2,6,100.0,0,1,4.795790545596741,False,False,2.469346280544053
1,1.0,1.0,1,3,100.0,1,4,5.017279836814924,False,False,4.090864942058103
1,2.0,3.0,2,164,96.0,0,1,5.476463551931511,False,False,1.1783311312122164
0,1.0,3.0,1,12,98.0,0,1,5.3981627015177525,False,False,3.9391507062930304
1,2.0,4.0,2,18,100.0,0,1,5.087596335232384,False,False,31.043835392337186
1,1.0,4.0,2,34,95.0,0,1,5.111987788356544,False,False,0.7580054955316152
1,2.5,5.0,2,18,96.0,0,9,6.111467339502679,False,False,10.095206863882298
0,1.0,1.0,1,1,100.0,1,10,4.700480365792417,False,False,1.9678831512130814
0,4.0,7.0,1,15,91.0,0,3,6.68586094706836,False,False,51.91439168130319
0,1.0,1.0,1,20,99.0,1,1,4.276666119016055,True,False,1.4625932907034467
0,2.0,2.0,1,4,95.0,0,3,5.298317366548036,True,False,12.600251980948919
0,1.5,2.0,1,3,100.0,0,1,6.68586094706836,True,False,19.605914488202654
0,1.0,1.0,3,111,90.0,1,6,4.9344739331306915,False,False,0.7898251725407953
0,2.0,7.0,5,2,70.0,0,1,6.480044561926653,False,False,4.323559995671412
0,1.0,1.0,2,1,100.0,0,2,4.442651256490317,False,False,2.862025817543105
0,1.0,2.0,1,6,84.0,0,1,4.795790545596741,False,False,3.9106079101762705
0,1.0,4.0,1,115,89.0,1,18,5.017279836814924,False,False,0.8225124385791965
0,1.0,3.0,3,2,70.0,1,1,5.099866427824199,False,False,3.8452267706462817
0,1.0,2.0,2,4,100.0,1,50,5.241747015059643,False,False,3.7788539061147284
1,1.0,2.0,2,18,100.0,1,1,5.017279836814924,False,False,2.8867851144301766
1,1.0,1.0,1,41,99.0,0,1,4.060443010546419,True,False,8.82805766718673
0,2.0,5.0,3,9,100.0,1,12,5.991464547107982,False,False,0.9967034293683442
1,1.0,1.0,1,1,100.0,1,4,5.19295685089021,True,False,4.611115710442347
1,1.0,1.0,2,100,97.0,1,2,4.442651256490317,True,False,1.4879096016989566
1,1.0,3.0,2,3,100.0,1,5,5.707110264748875,False,False,1.3956302099236637
0,1.0,1.0,1,52,92.0,0,1,4.663439094112067,False,False,6.8371181346699315
0,1.0,3.0,3,100,89.0,1,12,4.795790545596741,False,False,6.148116066059267
1,1.0,2.0,1,36,99.0,1,3,5.017279836814924,False,False,0.7800392234173893
0,1.5,1.0,1,6,100.0,1,1,4.394449154672439,False,False,6.473099756729458
0,2.0,3.0,1,1,100.0,1,2,5.1298987149230735,False,False,0.7689581378632873
1,1.0,2.0,2,62,98.0,1,50,4.61512051684126,False,False,3.2389574083413204
0,1.0,4.0,2,1,60.0,1,2,4.74493212836325,False,False,0.9030455201013217
1,1.0,1.0,1,20,100.0,1,1,4.110873864173311,True,False,27.034294246209242
0,1.0,2.0,7,1,60.0,0,50,4.174387269895637,True,False,3.965426754493803
0,2.5,6.0,4,9,93.0,0,1,6.551080335043404,False,False,5.209988965320206
0,1.0,1.0,1,2,100.0,1,1,3.6375861597263857,True,False,6.207038251524278
1,1.0,1.0,2,24,98.0,0,2,5.638354669333745,False,False,5.671987053958172
1,1.0,1.0,5,30,97.0,1,2,4.983606621708336,True,False,0.6223109860929089
0,1.5,1.0,2,6,80.0,0,6,3.258096538021482,True,False,14.224407365590865
0,1.0,1.0,1,2,100.0,0,1,4.51085950651685,True,False,3.644440042074548
0,1.0,1.0,3,21,96.0,1,2,4.174387269895637,True,False,7.6803168536230775
0,1.0,1.0,1,21,91.0,1,38,4.890349128221754,False,False,13.406351952110992
0,1.0,2.0,1,4,85.0,1,2,4.836281906951478,False,False,0.49436740474373647
0,1.0,1.0,1,3,93.0,0,1,3.9318256327243257,True,False,3.7465233942887397
1,1.0,1.0,1,71,99.0,1,1,4.23410650459726,True,False,32.59990834949391
0,2.0,2.0,2,5,100.0,1,1,5.075173815233827,True,False,20.25050505257751
0,1.0,1.0,1,2,100.0,0,1,4.276666119016055,True,False,20.239824476347497
0,1.0,1.0,1,40,99.0,0,1,4.948759890378168,True,False,37.27760518621292
1,1.0,2.0,2,31,99.0,0,1,5.351858133476067,False,False,0.9843835785289974
0,1.0,2.0,1,165,92.0,1,50,4.700480365792417,False,False,1.0035870866790697
0,1.0,1.0,1,10,78.0,0,2,4.61512051684126,True,False,0.6845136384335345
1,1.0,1.0,7,29,93.0,0,5,4.700480365792417,False,False,1.9749928400106964
0,1.0,1.0,1,5,95.0,0,1,3.9318256327243257,False,False,4.08266682891734
0,1.0,1.0,1,3,80.0,0,3,5.627621113690637,False,False,25.7057025924663
0,1.0,2.0,4,3,80.0,0,1,4.812184355372417,False,False,1.2573917980506737
0,1.0,2.0,1,98,94.0,1,22,5.25227342804663,False,False,0.5528556763126299
0,1.0,1.0,3,79,92.0,1,2,4.61512051684126,False,False,6.0529898993955245
1,1.5,3.0,3,30,98.0,0,4,3.9889840465642745,True,False,6.387757480260168
1,2.0,3.0,3,113,98.0,1,1,5.176149732573829,False,False,4.879315417993354
0,1.0,3.0,2,23,99.0,1,1,5.298317366548036,False,False,4.65872300249778
0,1.0,1.0,2,1,100.0,1,1,4.110873864173311,True,False,3.1526864019716845
1,1.0,1.0,7,59,96.0,0,4,4.442651256490317,True,False,2.815090484550154
1,1.0,2.0,1,21,100.0,1,1,4.189654742026425,True,False,36.42542037545929
0,2.0,2.0,2,2,90.0,1,1,4.948759890378168,False,False,3.1891078246130182
1,1.0,1.0,3,45,98.0,0,1,5.298317366548036,False,False,1.9145106247087411
1,2.0,6.0,3,6,87.0,1,1,6.2166061010848646,False,False,3.511353355460753
0,1.0,2.0,1,119,91.0,1,1,4.976733742420574,False,False,51.69397765656249
1,1.0,1.0,1,64,100.0,1,1,5.198497031265826,False,False,36.63232899540103
0,1.0,1.0,2,8,98.0,0,2,3.8918202981106265,True,False,21.778303573110673
1,1.0,1.0,2,39,99.0,1,1,3.8501476017100584,True,False,45.71317783431003
0,1.0,1.0,1,3,100.0,0,2,3.8501476017100584,True,False,19.298993746734865
0,1.0,1.0,5,63,94.0,0,1,3.9318256327243257,False,False,5.58966060756061
0,1.0,1.0,2,7,93.0,0,1,3.9318256327243257,True,False,7.63336832972829
0,1.0,2.0,1,2,80.0,1,24,4.836281906951478,False,False,0.6195450509269618
1,1.0,1.0,1,14,95.0,0,1,4.394449154672439,True,False,13.44422347252153
0,1.0,2.0,4,2,100.0,1,1,5.298317366548036,False,False,5.685851510905875
0,2.5,8.0,2,42,90.0,0,28,5.529429087511423,False,False,24.88567065957721
0,1.0,4.0,1,24,89.0,1,4,5.075173815233827,False,False,1.6550255285058149
0,1.0,1.0,2,3,67.0,1,1,3.8501476017100584,True,False,12.664060070409034
0,1.0,1.0,2,1,100.0,1,4,4.890349128221754,False,False,0.8519073088288006
0,3.5,6.0,1,3,93.0,1,4,5.017279836814924,True,False,14.692269341396509
0,1.0,1.0,2,65,82.0,1,1,4.248495242049359,False,False,6.4916548880981635
0,1.0,2.0,1,10,98.0,0,3,4.442651256490317,True,False,47.24447944725681
0,1.0,1.0,1,1,100.0,0,1,3.7612001156935624,True,False,4.817066818066625
0,1.0,1.0,1,3,80.0,0,17,4.143134726391533,True,False,0.7176050382429052
1,2.0,5.0,2,17,96.0,0,9,5.638354669333745,False,False,13.101435027340763
0,1.0,1.0,1,1,80.0,0,1,3.9318256327243257,True,False,5.6491280298336735
0,1.0,1.0,1,13,95.0,0,1,4.795790545596741,False,False,3.682603115308769
1,1.0,3.0,2,17,95.0,1,9,4.7535901911063645,False,False,11.759890802546128
1,1.0,2.0,2,58,95.0,1,6,4.61512051684126,False,False,0.7577928333870112
1,1.0,1.0,3,55,98.0,0,10,4.919980925828125,False,False,3.917272030463639
0,2.0,2.0,2,23,86.0,0,15,5.1647859739235145,False,False,1.9603737674791109
0,1.0,1.0,10,32,99.0,1,1,4.276666119016055,True,False,7.768982215882888
0,1.0,2.0,5,11,98.0,1,50,4.875197323201151,False,False,0.6386451985114704
1,1.0,1.0,2,101,99.0,0,2,4.787491742782046,False,False,7.401357479295222
0,1.0,1.0,3,1,100.0,0,1,3.58351893845611,True,False,5.923547864264185
1,2.0,2.0,2,40,98.0,1,1,5.017279836814924,False,False,4.139742277768658
0,2.0,2.0,3,4,100.0,0,1,6.39024066706535,False,False,1.8083870002030644
0,1.0,2.0,2,6,97.0,0,1,4.61512051684126,False,False,2.509276791239858
1,1.0,1.0,3,12,100.0,0,1,4.795790545596741,False,False,5.831359453429187
0,1.0,1.0,2,12,97.0,1,5,4.836281906951478,False,False,6.045530067696157
1,1.0,1.0,2,40,98.0,1,1,4.189654742026425,False,False,8.417696476290605
0,1.0,2.0,7,6,90.0,0,20,4.543294782270004,False,False,0.6789519332994107
0,1.0,1.0,2,1,100.0,0,1,4.248495242049359,True,False,31.390948957739027
1,2.0,2.0,1,4,100.0,1,38,5.075173815233827,False,False,0.7947626157693133
0,1.5,1.0,2,21,92.0,0,1,5.017279836814924,False,False,3.4463555599737488
0,1.0,1.0,2,21,95.0,1,1,3.713572066704308,True,False,6.244060720473866
1,1.5,5.0,1,15,99.0,0,1,5.5053315359323625,False,False,2.5724981357169483
0,1.0,1.0,2,4,90.0,1,1,4.276666119016055,False,False,12.369090396770392
1,1.0,1.0,1,5,96.0,0,2,4.07753744390572,True,False,11.481929244327985
0,1.5,4.0,1,7,100.0,0,1,4.795790545596741,False,False,56.43828475525044
0,2.5,8.0,2,2,100.0,1,12,5.393627546352362,False,False,16.7266453401199
1,3.0,6.0,1,6,97.0,0,9,6.68586094706836,False,False,39.66142792188525
1,1.0,2.0,1,167,96.0,1,35,5.003946305945459,False,False,0.713912797391756
1,2.5,5.0,1,73,98.0,1,1,6.175867270105761,False,False,52.29934251586308
0,1.0,3.0,5,6,90.0,1,21,5.1647859739235145,False,False,6.46085600203553
1,1.0,1.0,1,6,90.0,1,1,4.394449154672439,True,False,3.0289669066189795
1,1.0,1.0,1,180,98.0,0,6,5.298317366548036,False,False,0.4707578491441174
0,2.0,1.0,1,2,100.0,0,4,3.8066624897703196,True,False,19.651581919037987
0,1.0,1.0,2,9,84.0,1,5,3.8501476017100584,True,False,11.294473962572402
0,2.0,3.0,1,30,95.0,1,19,5.003946305945459,False,False,0.7255873972396522
1,2.0,3.0,3,1,100.0,1,26,5.455321115357702,False,False,0.8640033129144339
0,1.0,1.0,30,4,85.0,0,1,4.919980925828125,False,False,4.013694049948121
0,1.0,1.0,2,4,100.0,1,2,4.276666119016055,False,True,1.218129107383672
0,1.0,1.0,1,28,91.0,1,1,4.110873864173311,True,False,5.8401841077085495
1,1.0,2.0,1,59,96.0,1,1,4.948759890378168,False,False,1.9429859228143889
0,1.0,1.0,1,2,80.0,1,1,3.8918202981106265,True,False,4.658681535752336
1,1.0,2.0,2,123,97.0,1,50,4.61512051684126,False,False,0.8753257817003223
0,2.0,1.0,1,12,87.0,0,1,4.394449154672439,True,False,13.665917619259648
0,1.0,3.0,5,34,87.0,0,22,5.017279836814924,False,False,3.6126203194468367
0,1.0,1.0,1,5,85.0,0,1,3.9318256327243257,True,False,2.446003344109922
0,1.0,2.0,2,31,98.0,1,5,3.9512437185814275,True,False,6.005736861311651
1,1.0,2.0,7,3,100.0,0,2,5.017279836814924,False,False,5.798726120089954
1,1.5,3.0,2,46,96.0,0,1,4.844187086458591,False,False,37.64275332227596
0,1.0,5.0,1,79,90.0,1,4,4.61512051684126,False,False,0.8510679593124088
0,1.0,1.0,1,1,100.0,1,5,6.517671272912275,True,False,0.6685386110903371
0,1.0,1.0,2,7,97.0,1,1,4.795790545596741,False,False,0.6550377541971852
0,1.0,2.0,1,22,92.0,1,47,5.605802066295998,False,False,0.7301917614293388
1,2.0,2.0,1,13,100.0,0,1,5.8888779583328805,False,False,52.431353785491915
1,1.0,1.0,2,88,97.0,1,1,4.812184355372417,False,False,2.3127652071393423
0,3.0,7.0,1,13,94.0,1,1,5.860786223465865,False,False,1.3434667685323334
0,1.0,1.0,1,23,91.0,0,1,4.51085950651685,True,False,1.4246282160538914
1,2.0,2.0,2,85,96.0,1,34,5.043425116919247,False,False,0.9177645812393287
0,1.0,1.0,2,6,100.0,0,1,4.61512051684126,False,False,12.632760896410995
0,1.0,1.0,1,2,100.0,1,50,5.017279836814924,False,False,3.91973206300306
0,1.0,1.0,4,1,100.0,1,1,3.58351893845611,True,False,6.201892689295219
0,1.0,1.0,3,1,100.0,0,1,4.442651256490317,False,False,2.262354283822666
1,1.0,4.0,1,19,98.0,1,10,5.075173815233827,False,False,2.2965452730566995
0,1.0,3.0,2,72,96.0,0,1,4.867534450455582,False,False,0.40452918817118183
1,1.0,1.0,3,27,98.0,0,2,4.189654742026425,True,False,5.822353332247746
0,2.0,2.0,1,1,100.0,1,6,6.68586094706836,False,False,3.945859310168165
1,1.0,2.0,2,49,94.0,1,1,5.030437921392435,False,False,1.5075691033173726
0,1.0,2.0,2,2,100.0,1,1,4.890349128221754,False,False,0.6627107992856239
1,1.0,2.0,2,3,100.0,1,4,4.795790545596741,False,False,13.20723089402232
0,2.0,4.0,2,22,96.0,0,1,5.313205979041787,False,False,2.4032971908496745
1,1.5,2.0,2,21,94.0,1,2,4.700480365792417,False,False,15.2179858168739
0,1.0,1.0,2,6,100.0,0,1,3.9318256327243257,True,False,5.829911730548316
0,1.0,3.0,3,1,100.0,0,1,4.948759890378168,False,False,1.5005181181917733
0,2.5,1.0,1,5,88.0,0,1,4.836281906951478,True,False,3.4133153825632467
0,2.0,3.0,1,44,91.0,1,4,5.135798437050262,False,False,1.8894128203962717
0,1.0,3.0,2,127,93.0,1,7,5.135798437050262,False,False,0.9609050258908509
1,2.0,4.0,2,66,98.0,0,1,5.5053315359323625,False,False,4.570837682531702
1,1.5,1.0,2,34,94.0,0,2,4.394449154672439,True,False,6.1495618245894565
1,2.0,3.0,2,8,100.0,0,5,4.663439094112067,False,False,7.33020357482011
0,1.0,1.0,2,12,92.0,0,42,4.51085950651685,False,False,5.596956116097337
1,1.5,3.0,2,29,100.0,1,1,5.017279836814924,False,False,33.18824834430325
0,2.0,5.0,1,89,95.0,1,3,5.135798437050262,False,False,0.9155679288528976
0,1.0,2.0,2,1,100.0,0,2,4.836281906951478,False,False,4.088333304933631
1,1.0,2.0,1,89,96.0,1,35,4.919980925828125,False,False,0.5742979007127365
0,1.0,1.0,4,5,96.0,0,1,4.442651256490317,False,False,6.326201055805462
0,1.0,1.0,1,17,86.0,1,2,4.330733340286331,True,False,4.540275101929306
0,1.0,1.0,1,5,100.0,1,4,4.795790545596741,False,False,1.0950098436756948
1,1.0,1.0,1,39,98.0,1,1,4.700480365792417,False,False,0.8226904898679742
1,1.0,1.0,20,76,96.0,0,1,4.574710978503383,False,False,5.842856009729425
0,2.0,2.0,1,27,90.0,1,24,5.135798437050262,False,False,0.6336569981708586
0,1.0,3.0,1,41,94.0,1,50,4.948759890378168,False,False,1.8721019125130582
0,1.0,3.0,1,2,100.0,1,1,3.58351893845611,True,False,13.59699696383614
1,1.0,1.0,1,15,100.0,1,2,5.111987788356544,False,False,62.66373103142093
0,1.0,1.0,1,2,90.0,1,50,4.248495242049359,True,False,18.466757404521875
0,3.0,4.0,2,11,97.0,0,1,6.55250788703459,False,False,0.7913583497050872
1,1.0,3.0,1,6,100.0,1,2,5.598421958998375,False,False,1.7152138650255435
1,1.0,1.0,1,27,96.0,0,2,5.087596335232384,False,False,35.545109919465354
0,1.0,2.0,1,31,95.0,0,7,4.61512051684126,False,False,1.2585685133259141
1,1.0,2.0,2,78,98.0,1,3,5.017279836814924,False,False,6.7025240381334426
0,1.0,2.0,1,49,94.0,0,1,5.298317366548036,False,False,2.686186369993284
1,1.0,1.0,1,3,87.0,1,4,5.66988092298052,True,False,34.53499301003313
1,2.0,4.0,2,44,98.0,1,1,5.198497031265826,False,False,0.9032301418315295
0,2.0,3.0,2,5,92.0,0,1,4.787491742782046,False,False,2.2882573391967926
0,1.0,1.0,7,4,67.0,0,1,3.58351893845611,True,False,31.830284476828503
0,1.0,1.0,2,1,100.0,1,1,5.298317366548036,False,False,3.815529594696628
0,2.5,3.0,2,3,100.0,1,1,6.111467339502679,False,False,1.4712089122560812
0,1.0,3.0,2,11,89.0,1,1,4.969813299576001,False,False,2.066571193997782
1,2.0,3.0,1,17,96.0,1,41,5.017279836814924,False,False,0.7481646767681105
0,1.0,2.0,1,33,96.0,0,1,4.7535901911063645,False,False,0.38201753726229565
0,3.5,4.0,2,11,98.0,0,1,6.2166061010848646,False,False,2.554017225046998
0,2.5,4.0,2,1,100.0,0,1,5.017279836814924,False,False,41.228805318967055
0,2.0,3.0,2,11,85.0,0,11,5.993961427306569,False,False,0.9642561553792364
0,1.0,1.0,1,16,96.0,0,4,3.1354942159291497,True,False,13.280970539670978
1,1.0,1.0,2,67,99.0,1,1,4.919980925828125,False,False,0.7214028622612897
0,1.0,1.0,1,2,90.0,1,1,3.8501476017100584,True,False,14.381916291178431
0,2.0,2.0,3,7,91.0,0,28,5.327876168789581,False,False,1.1833695968846687
0,1.0,1.0,2,25,100.0,0,1,3.9318256327243257,True,False,2.7818291936113506
0,1.0,1.0,5,1,100.0,0,1,3.9318256327243257,True,False,3.4914425198438015
0,1.0,1.0,1,32,88.0,1,10,4.248495242049359,True,False,0.7279606227777614
0,1.0,1.0,2,14,96.0,1,1,4.189654742026425,True,False,9.661252106625442
0,1.0,1.0,2,56,97.0,0,1,4.836281906951478,False,False,2.5466797510540324
1,1.0,1.0,5,29,97.0,1,2,4.983606621708336,True,False,0.5755678684709037
0,1.0,5.0,1,5,84.0,1,2,5.351858133476067,False,False,11.55805004052226
0,2.0,3.0,7,3,100.0,0,1,5.529429087511423,False,False,4.906481814289727
1,2.0,3.0,2,23,99.0,1,1,5.111987788356544,False,False,2.3811409105625922
0,1.0,1.0,2,1,100.0,0,2,4.02535169073515,True,False,15.14297106810776
0,1.5,1.0,1,14,93.0,0,1,4.276666119016055,True,False,2.353903622814258
0,1.0,2.0,5,1,100.0,0,1,4.700480365792417,False,False,1.7722358642784466
1,1.0,1.0,2,92,99.0,1,1,4.418840607796598,True,False,3.687537387499994
0,1.0,1.0,1,5,92.0,1,11,4.23410650459726,True,False,0.8367611568858442
0,1.0,1.0,1,53,89.0,1,1,4.700480365792417,False,False,5.19253063499256
0,1.0,1.0,1,11,91.0,0,1,4.51085950651685,False,False,1.1192782442561662
0,1.0,2.0,2,16,94.0,0,1,5.298317366548036,False,False,4.655884886189394
1,1.0,1.0,4,20,97.0,1,1,4.663439094112067,False,False,2.6647459712116737
1,1.0,1.0,2,23,97.0,0,1,5.278114659230517,False,False,0.5204973339281437
0,1.0,1.0,2,1,100.0,0,1,4.61512051684126,False,False,5.333585872404079
0,1.0,1.0,1,3,100.0,0,1,4.110873864173311,True,False,1.4828354672782575
0,1.0,1.0,3,1,100.0,0,1,4.700480365792417,False,False,4.5185577219479764
0,1.0,1.0,1,13,94.0,1,38,4.9344739331306915,False,False,1.0409007441558424
0,1.0,1.0,1,1,100.0,0,2,3.4339872044851463,True,False,29.22151344277327
1,1.0,1.0,2,15,99.0,0,1,4.110873864173311,True,False,6.38364029278604
1,1.0,2.0,1,9,100.0,1,7,5.087596335232384,False,False,1.7655355701342224
0,1.0,1.0,1,4,100.0,1,1,4.795790545596741,True,False,0.6325225315759927
1,1.0,3.0,1,16,93.0,0,1,4.875197323201151,False,False,2.099596873780592
0,1.0,2.0,1,33,85.0,1,50,4.787491742782046,False,False,0.9178484996386396
0,1.0,1.0,2,172,96.0,0,1,4.700480365792417,False,False,2.643573501862095
0,2.0,5.0,1,1,100.0,1,1,5.54907608489522,False,False,3.0798112720185467
0,1.0,1.0,3,2,80.0,0,1,4.02535169073515,True,False,5.4253056950446945
0,1.0,1.0,2,1,100.0,1,13,5.017279836814924,False,False,43.7169109719076
0,1.0,4.0,3,33,92.0,1,2,5.017279836814924,False,False,5.219682842142935
0,2.0,8.0,2,18,79.0,0,3,4.663439094112067,False,False,20.115540809567587
0,1.0,1.0,3,29,92.0,1,3,4.330733340286331,True,False,13.280837496098835
0,1.0,1.0,2,24,96.0,0,1,4.110873864173311,True,False,23.47521516757444
1,2.0,2.0,1,39,97.0,0,1,4.61512051684126,True,False,1.9708082548008368
1,1.0,1.0,2,200,98.0,1,1,4.948759890378168,False,False,0.43197217644567054
0,2.0,7.0,1,33,95.0,1,4,5.056245805348308,False,False,0.9185936428680074
0,1.0,3.0,1,85,85.0,1,2,4.499809670330265,False,False,5.965574695854656
0,1.0,1.0,1,38,97.0,1,2,4.330733340286331,True,False,7.913723713667716
0,1.5,4.0,7,2,100.0,0,1,5.37989735354046,False,False,13.634824434699684
1,1.0,3.0,2,19,97.0,0,1,5.017279836814924,False,False,1.8236267984045842
0,1.0,2.0,7,5,93.0,1,1,3.9318256327243257,False,False,3.0439802179473068
1,1.0,2.0,2,184,93.0,1,50,4.61512051684126,False,False,3.6511835991834025
0,0.5,1.0,1,34,88.0,0,3,4.330733340286331,True,False,24.627098701572283
1,1.0,2.0,1,72,98.0,0,2,5.0689042022202315,False,False,0.69561217804238
0,2.0,5.0,1,26,92.0,1,2,5.707110264748875,False,False,15.26506653091155
0,2.0,3.0,1,2,100.0,0,11,6.111467339502679,False,False,0.8391131950098956
0,1.0,1.0,2,6,84.0,0,1,4.394449154672439,False,False,5.537059768791071
0,1.0,2.0,2,14,95.0,0,1,4.248495242049359,False,False,4.916615473650698
1,1.0,1.0,1,13,97.0,0,2,4.189654742026425,True,False,2.508962050911342
0,1.0,2.0,1,4,100.0,0,1,5.25227342804663,False,False,8.16543503769757
0,1.0,2.0,1,79,92.0,1,3,4.9344739331306915,False,False,0.45952091344186186
0,1.0,1.0,1,1,100.0,1,2,4.948759890378168,True,False,44.876112454289235
0,1.0,1.0,1,8,90.0,0,2,3.4339872044851463,False,True,0.7760927859114026
0,1.0,1.0,2,1,100.0,1,2,4.110873864173311,True,False,4.901020277956555
1,1.0,7.0,2,33,97.0,0,1,4.969813299576001,False,False,8.994905616716197
0,1.0,3.0,7,2,100.0,0,2,5.288267030694535,False,False,4.967595637534234
0,1.0,3.0,2,55,94.0,0,1,4.90527477843843,False,False,4.563818389595032
0,1.0,1.0,2,13,97.0,1,30,4.61512051684126,False,False,10.988299702565655
0,1.5,1.0,4,2,100.0,1,1,4.110873864173311,True,False,0.8145975941735585
0,1.0,1.0,3,8,100.0,0,1,4.969813299576001,True,False,0.7239250963573711
0,1.0,3.0,1,3,87.0,1,7,5.017279836814924,True,False,8.855205704519035
1,1.0,1.0,1,73,98.0,1,5,4.23410650459726,True,False,1.3600066077211224
0,2.0,3.0,6,8,100.0,0,1,5.017279836814924,False,False,5.264140843833626
1,3.5,8.0,5,42,98.0,1,1,6.68586094706836,False,False,8.667902215155246
0,1.0,2.0,2,58,98.0,0,2,4.795790545596741,False,False,5.938608877363013
1,1.0,1.0,1,101,98.0,0,1,4.110873864173311,True,False,5.2188480234531065
0,1.0,1.0,1,1,100.0,0,1,5.968707559985366,False,False,1.3304711138701646
0,1.0,2.0,2,58,93.0,0,5,4.955827057601261,False,False,0.726138441733
0,1.0,2.0,1,1,100.0,1,1,4.5217885770490405,False,False,0.9807800534432584
0,1.0,1.0,5,6,96.0,0,1,4.836281906951478,False,False,3.397580739813832
0,1.0,2.0,2,3,100.0,0,1,4.700480365792417,False,False,8.167128178646408
0,1.0,3.0,1,6,100.0,1,22,5.1298987149230735,False,False,0.9281149796710565
0,1.0,1.0,2,10,96.0,0,4,4.394449154672439,True,False,20.65036778992824
0,2.0,4.0,1,4,80.0,1,1,5.017279836814924,False,False,39.517828681582955
0,3.0,4.0,3,7,100.0,0,1,5.493061443340548,False,False,15.969877421617984
0,2.0,4.0,1,19,99.0,0,1,5.017279836814924,False,False,31.020187286064427
0,1.0,2.0,1,1,80.0,0,1,4.875197323201151,False,False,4.11602067498253
0,1.0,2.0,1,61,95.0,0,5,5.087596335232384,False,False,2.319370319468224
0,1.0,2.0,5,6,97.0,1,30,5.198497031265826,False,False,3.239890397594153
1,2.0,3.0,2,67,99.0,0,1,5.62040086571715,False,False,4.757609011929733
1,1.0,2.0,2,66,98.0,0,1,5.480638923341991,False,False,0.8388511110270102
0,1.0,3.0,3,6,97.0,0,1,5.298317366548036,False,False,5.9104677965103996
0,1.0,1.0,2,4,100.0,1,1,5.017279836814924,False,False,5.356841446784586
1,2.0,2.0,2,7,100.0,0,2,3.8066624897703196,True,False,12.087792581714826
1,1.0,1.0,1,183,98.0,0,2,4.110873864173311,True,False,11.571553581310742
0,1.0,8.0,2,2,100.0,0,1,6.2166061010848646,True,False,35.18667248848609
1,1.0,1.0,1,13,97.0,1,3,3.8501476017100584,True,False,16.55156270218324
1,2.0,3.0,2,66,99.0,1,1,5.552959584921617,False,False,64.90310948795701
0,1.5,1.0,2,5,100.0,1,1,4.189654742026425,True,False,3.0824110957848454
0,1.0,2.0,2,30,97.0,0,2,4.852030263919617,False,False,5.275146658344351
0,2.0,5.0,1,4,75.0,1,2,5.017279836814924,False,False,19.68387796118238
0,1.0,2.0,2,5,100.0,0,1,4.276666119016055,False,False,6.964126627892378
0,1.0,1.0,2,10,98.0,0,1,4.543294782270004,False,False,2.220292957812466
0,1.0,2.0,2,1,80.0,1,2,4.795790545596741,False,False,5.6109795393291
0,1.5,3.0,3,10,94.0,0,1,3.58351893845611,True,False,26.31510976857009
1,1.0,3.0,3,4,80.0,1,26,5.3471075307174685,False,False,4.078386679203989
0,1.0,1.0,1,1,80.0,0,1,3.8918202981106265,True,False,1.145192472912463
0,2.0,8.0,20,1,100.0,0,1,5.3981627015177525,False,False,30.70070211559663
0,1.0,2.0,2,17,79.0,1,1,4.51085950651685,False,False,6.057094684932624
1,1.0,2.0,3,48,86.0,0,17,4.787491742782046,False,False,3.485217380186023
0,1.0,1.0,1,6,97.0,0,1,5.049856007249537,True,False,3.451918241744668
0,2.0,3.0,3,2,100.0,1,35,5.1647859739235145,False,False,6.805380673871858
0,1.0,3.0,4,3,100.0,0,1,5.017279836814924,False,False,2.623441525762917
1,1.0,1.0,2,200,98.0,0,1,4.795790545596741,False,False,5.591173035930324
1,2.0,3.0,2,7,100.0,0,3,4.927253685157205,False,False,24.86146671995486
0,1.0,1.0,4,2,100.0,0,1,4.382026634673881,True,False,2.0227918938299405
0,1.0,1.0,3,2,100.0,0,1,3.713572066704308,True,False,4.293793810252112
0,1.0,1.0,5,2,80.0,1,1,4.02535169073515,True,False,1.0763166545848728
0,1.5,8.0,14,16,86.0,0,14,5.049856007249537,False,False,8.319749470090297
1,1.0,1.0,1,15,100.0,0,1,3.8501476017100584,True,False,30.431830963941934
1,1.0,2.0,2,23,96.0,1,3,4.795790545596741,False,False,1.3172188097756479
0,1.0,2.0,5,15,92.0,0,1,5.298317366548036,False,False,3.174606350270718
0,1.0,1.0,3,4,95.0,0,3,4.07753744390572,True,False,20.28276384151635
1,1.0,2.0,1,25,96.0,1,41,5.117993812416755,False,False,0.6984425482547606
0,2.0,4.0,2,1,100.0,0,1,5.860786223465865,False,False,5.522662570363359
1,1.5,3.0,3,38,94.0,0,17,5.298317366548036,False,False,7.062652100112228
0,1.0,1.0,1,8,95.0,0,1,3.8918202981106265,True,False,3.811016635698566
0,1.0,3.0,1,43,89.0,1,38,5.25227342804663,False,False,1.520698569247654
0,1.0,1.0,1,3,100.0,1,1,3.8918202981106265,True,False,7.93658203439236
1,1.0,1.0,2,16,88.0,0,3,4.61512051684126,False,False,21.638658026866704
0,1.0,1.0,1,39,93.0,1,29,4.61512051684126,False,False,0.9821344661928363
0,1.0,1.0,2,2,70.0,0,2,3.6888794541139363,True,False,6.0525606576064925
0,1.0,2.0,4,36,95.0,0,1,4.9344739331306915,False,False,6.585182296479402
0,2.0,2.0,1,10,90.0,1,27,5.087596335232384,False,False,2.007242202721924
0,1.0,1.0,2,14,94.0,0,1,4.9344739331306915,True,False,1.6922508805644887
1,1.0,2.0,1,29,96.0,0,1,4.51085950651685,False,False,1.7178965752732498
0,1.0,1.0,2,4,100.0,1,1,3.9318256327243257,True,False,20.328993051488894
0,1.0,3.0,2,7,91.0,0,3,5.075173815233827,False,False,1.9504365532816705
1,1.0,1.0,3,13,97.0,0,10,4.875197323201151,False,False,4.071609932234667
0,1.0,1.0,5,1,100.0,0,1,3.713572066704308,True,False,3.044267697837912
1,1.0,3.0,1,43,95.0,1,35,5.135798437050262,False,False,0.6971271615843516
0,1.0,1.0,2,6,100.0,0,1,5.298317366548036,False,False,8.410064510987125
0,1.0,1.0,1,11,98.0,0,2,4.276666119016055,True,False,2.6222009605789505
1,1.0,2.0,3,3,93.0,1,26,5.318119993844216,False,False,5.110649446304302
0,1.0,1.0,1,1,100.0,0,1,3.9318256327243257,True,False,5.597452230049985
1,1.5,1.0,1,57,100.0,1,2,4.61512051684126,True,False,1.0773994948397705
0,2.0,3.0,3,3,73.0,1,35,5.1647859739235145,False,False,7.8733318461911095
0,1.0,4.0,1,3,100.0,0,1,3.4339872044851463,True,False,6.557367539731444
0,1.0,2.0,3,1,80.0,1,1,4.442651256490317,True,False,5.5257832491804315
0,1.0,1.0,3,3,70.0,1,1,4.330733340286331,False,False,1.7335100957718195
0,1.0,1.0,1,1,80.0,0,1,4.276666119016055,True,False,6.54328335444832
0,1.0,3.0,2,10,92.0,1,12,4.795790545596741,False,False,1.467343226721545
0,1.0,1.0,1,13,88.0,0,1,4.330733340286331,True,False,0.862668698506808
1,1.0,2.0,2,124,98.0,1,4,4.727387818712341,False,False,1.7988318320341534
0,2.0,4.0,1,3,100.0,1,4,4.875197323201151,False,False,1.7819397099441132
0,1.0,2.0,3,3,100.0,0,1,4.77912349311153,False,False,5.776161854684652
0,1.0,3.0,1,13,100.0,0,1,4.700480365792417,False,False,0.8189803063352421
0,1.0,1.0,1,10,94.0,0,5,3.295836866004329,True,False,17.985836245823766
0,1.0,1.0,3,20,90.0,1,1,4.7535901911063645,False,False,0.8869319117167743
0,2.0,3.0,1,8,83.0,1,15,4.852030263919617,False,False,1.9160397850566757
0,1.0,2.0,6,30,93.0,1,10,4.51085950651685,True,False,1.0067827745282234
0,1.0,6.0,2,3,93.0,0,3,5.3981627015177525,False,False,44.62992611968739
1,1.0,1.0,2,17,96.0,0,3,4.110873864173311,True,False,2.380045171821811
0,1.5,1.0,1,8,98.0,1,2,4.110873864173311,True,False,7.283244147799255
0,1.0,2.0,1,10,82.0,0,1,4.110873864173311,False,False,6.359710204914865
0,1.0,1.0,4,41,94.0,0,1,4.330733340286331,True,False,9.702596479750003
0,2.5,2.0,7,6,100.0,1,1,5.19295685089021,False,False,10.720105838043027
0,2.5,3.0,2,1,100.0,0,3,6.212606095751519,False,False,2.025952677678121
0,1.0,1.0,1,1,60.0,0,1,3.58351893845611,True,False,2.0220337686407834
0,1.0,1.0,1,23,96.0,0,1,4.394449154672439,True,False,1.9034848756459748
1,2.0,4.0,3,36,99.0,1,1,5.472270673671475,False,False,23.892336916098913
0,2.0,2.0,7,1,80.0,0,9,5.278114659230517,False,False,1.1333302870503463
0,1.0,2.0,1,19,93.0,1,1,4.30406509320417,True,False,18.639893467075225
1,1.5,1.0,2,24,98.0,0,2,3.4011973816621555,True,False,31.118855330948023
0,1.0,1.0,1,10,96.0,1,7,3.367295829986474,True,False,22.812980279403163
0,1.5,4.0,2,7,97.0,0,2,3.4339872044851463,True,False,4.793213905853159
0,1.0,2.0,1,111,98.0,1,2,4.875197323201151,False,False,0.3425849414604139
0,1.0,1.0,2,13,97.0,0,1,4.61512051684126,False,False,3.695221634841669
1,1.0,1.0,3,9,98.0,1,1,4.61512051684126,False,False,2.826818529485058
0,1.0,2.0,1,8,90.0,1,4,4.110873864173311,True,False,32.60552884228954
0,2.0,3.0,1,30,96.0,1,3,5.231108616854587,False,False,0.5902876051426449
1,1.0,1.0,2,32,99.0,1,1,4.110873864173311,True,False,11.355367303698067
0,2.0,4.0,4,45,90.0,1,9,6.111467339502679,False,False,0.9090735405476238
1,1.0,1.0,3,3,87.0,0,26,5.099866427824199,False,False,5.272105833160468
0,1.5,2.0,5,5,84.0,1,1,5.111987788356544,False,False,13.614021197198758
0,1.0,2.0,1,4,70.0,0,3,3.713572066704308,True,False,28.614191313169737
1,1.0,1.0,2,14,99.0,0,1,4.574710978503383,False,False,5.375542862522036
0,1.0,2.0,1,2,90.0,1,2,5.017279836814924,False,False,0.3998361170300107
1,2.0,3.0,2,45,97.0,1,2,6.212606095751519,False,False,0.7642200777963353
0,1.0,1.0,2,2,80.0,0,1,4.02535169073515,True,False,3.972884293380226
1,1.0,1.0,1,19,99.0,0,1,4.394449154672439,True,False,8.90446500347495
1,1.0,2.0,1,59,99.0,0,1,5.111987788356544,False,False,53.89510470809269
0,1.5,1.0,1,2,100.0,0,1,4.394449154672439,True,False,22.47661303322842
0,1.0,2.0,1,22,83.0,1,1,4.02535169073515,True,False,5.252918726158306
0,2.0,3.0,3,3,100.0,1,1,5.638354669333745,False,False,3.415859188053851
0,1.0,2.0,2,10,98.0,1,1,4.442651256490317,False,False,8.084278805355458
0,1.0,1.0,3,5,96.0,1,4,4.02535169073515,True,False,17.80076523845136
1,1.0,1.0,2,30,98.0,0,2,4.61512051684126,True,False,1.2262097022209015
0,1.0,2.0,4,3,100.0,1,1,4.875197323201151,False,False,4.449382352574109
1,3.5,4.0,2,18,96.0,0,1,6.018593214496234,False,False,2.186707910113525
0,1.0,1.0,3,5,95.0,1,1,4.948759890378168,True,False,1.5008593278292417
0,1.0,3.0,1,1,100.0,1,1,4.700480365792417,False,False,0.3504341316818676
1,1.0,2.0,2,12,100.0,0,1,5.940171252720432,False,False,1.0662804339132907
1,2.0,1.0,3,12,98.0,0,2,4.330733340286331,True,False,1.926581381530207
0,1.0,4.0,2,3,87.0,0,50,5.017279836814924,False,False,0.8661878632393938
0,1.0,1.0,2,45,97.0,1,1,3.9318256327243257,True,False,6.315002918532968
0,1.0,1.0,1,4,90.0,1,8,5.991464547107982,False,False,1.962251273919889
1,1.0,3.0,20,21,96.0,1,2,5.1647859739235145,False,False,3.627124225673227
0,1.0,1.0,7,8,95.0,0,3,3.713572066704308,True,False,7.820665664526385
0,1.0,1.0,1,95,99.0,0,1,4.276666119016055,False,False,30.33479870243041
1,1.0,2.0,1,71,94.0,0,2,4.836281906951478,True,False,35.44530803907025
1,1.0,3.0,2,29,97.0,1,1,5.676753802268282,False,False,4.440987961266355
0,1.0,1.0,5,1,100.0,0,2,3.4339872044851463,True,False,16.55648745892676
0,1.0,2.0,30,1,100.0,0,1,4.574710978503383,False,False,3.5924370318157637
0,1.0,1.0,2,13,91.0,1,1,4.110873864173311,True,False,6.257500148925264
0,1.0,1.0,3,46,97.0,0,1,4.7535901911063645,False,False,4.33899171902704
0,1.0,3.0,1,11,91.0,1,5,5.017279836814924,False,False,0.6409489712595912
1,1.5,1.0,1,35,98.0,1,1,4.110873864173311,True,False,31.793457544931538
0,1.0,2.0,2,47,92.0,0,1,4.634728988229636,False,False,1.397035869006468
0,1.0,1.0,1,6,97.0,0,2,4.727387818712341,False,False,4.534237708268117
0,1.0,1.0,2,1,100.0,0,5,4.919980925828125,True,False,1.1323482526721964
0,3.5,2.0,1,2,90.0,1,4,4.394449154672439,True,False,14.72910945550386
0,1.0,1.0,1,4,100.0,1,1,5.529429087511423,True,False,19.366075276276398
0,1.0,1.0,1,17,81.0,1,16,3.4339872044851463,True,False,6.670085736766675
0,1.0,1.0,1,9,98.0,0,1,4.442651256490317,True,False,0.4447370519354043
0,2.0,1.0,7,6,100.0,1,1,4.02535169073515,True,False,18.669914425868967
1,1.0,1.0,1,93,100.0,0,1,4.867534450455582,False,False,33.25101235599635
0,1.0,1.0,2,6,83.0,0,1,3.6375861597263857,True,False,6.562574239112478
1,1.0,1.0,1,180,97.0,1,2,4.727387818712341,False,False,0.9390446963661533
0,1.0,2.0,2,19,85.0,1,3,4.499809670330265,False,False,0.7619982993180113
0,1.0,1.0,1,12,95.0,0,1,4.51085950651685,True,False,56.6634912592749
0,1.0,2.0,2,3,100.0,0,1,5.860786223465865,False,False,5.231277410269655
0,1.0,1.0,3,4,90.0,0,1,4.499809670330265,False,False,5.348362064029915
0,1.0,3.0,1,17,94.0,1,17,5.017279836814924,False,False,0.84180301824126
0,1.5,4.0,2,3,100.0,0,1,6.111467339502679,False,False,3.5807747904394645
1,1.0,2.0,2,135,96.0,1,50,4.61512051684126,False,False,5.313769718644419
1,1.0,1.0,2,62,97.0,0,1,3.7612001156935624,True,False,16.798640750982976
0,1.0,2.0,3,2,70.0,1,1,4.836281906951478,False,False,6.236358271800454
0,1.0,2.0,2,26,92.0,0,1,4.574710978503383,False,False,4.524023734847925
1,2.0,2.0,1,164,99.0,0,1,4.9344739331306915,False,False,3.3099621857785615
0,1.0,1.0,2,20,96.0,1,1,5.087596335232384,False,False,0.7098327281646541
0,5.0,8.0,3,5,88.0,1,17,6.311734809152915,False,False,1.4120731557668813
0,1.0,1.0,3,21,93.0,1,1,4.574710978503383,False,False,3.7612865685645493
0,1.0,2.0,14,11,98.0,0,1,4.61512051684126,False,False,8.236510555535292
0,1.0,2.0,3,6,90.0,0,1,5.017279836814924,False,False,1.838036377736918
0,1.0,6.0,3,39,97.0,0,2,5.342334251964811,False,False,7.197534605603231
0,1.0,1.0,7,6,97.0,1,17,4.61512051684126,False,False,3.6800388307442207
0,2.0,2.0,2,2,60.0,1,16,5.529429087511423,False,False,0.730771862526222
0,1.0,2.0,3,16,96.0,0,1,4.919980925828125,False,False,4.92900175723066
0,1.0,2.0,2,3,73.0,0,2,4.574710978503383,False,False,5.869353735199182
0,2.0,1.0,30,1,100.0,0,1,3.367295829986474,True,False,24.05109414457136
0,1.0,2.0,2,4,70.0,1,12,4.890349128221754,False,False,0.8514638239517207
0,1.0,2.0,1,8,80.0,1,8,5.298317366548036,False,False,0.2181461676105745
0,2.0,3.0,2,79,94.0,1,5,5.293304824724492,False,False,1.030909812025976
1,1.0,2.0,2,79,97.0,1,1,3.8501476017100584,True,False,3.8932614587036056
0,1.0,2.0,1,51,88.0,1,5,4.442651256490317,True,False,7.867752919676671
0,2.0,2.0,2,19,92.0,0,42,5.1647859739235145,False,False,1.5192529330296862
0,1.0,5.0,2,8,100.0,0,1,5.298317366548036,False,False,7.7581923529672
0,1.0,2.0,1,1,100.0,0,1,4.51085950651685,True,False,0.8464397674217287
0,2.0,2.0,1,16,96.0,1,1,4.61512051684126,False,False,12.35273667347278
0,1.0,1.0,1,70,97.0,1,17,4.02535169073515,True,False,1.987532480320186
1,1.0,2.0,2,36,98.0,0,1,4.867534450455582,False,False,5.178821447177531
1,1.0,4.0,1,6,100.0,1,13,4.574710978503383,False,False,0.9368646195958553
0,1.0,2.0,1,14,96.0,1,1,4.61512051684126,False,False,1.9017114952349732
1,1.0,1.0,1,29,99.0,0,2,4.418840607796598,True,False,3.00892443179574
0,1.0,1.0,2,32,94.0,1,2,4.248495242049359,True,False,1.6906486138372125
1,1.0,3.0,3,181,94.0,1,4,4.969813299576001,False,False,0.49882811481321954
1,1.0,3.0,2,4,100.0,1,3,5.298317366548036,False,False,1.106457437295503
0,1.0,1.0,1,9,93.0,0,2,5.017279836814924,False,False,2.2591252385823224
0,1.0,1.0,1,22,92.0,1,3,3.1354942159291497,True,False,1.1806755281795807
0,1.0,3.0,1,3,100.0,1,1,5.017279836814924,True,False,47.814805908110266
0,1.0,2.0,1,4,90.0,0,1,4.110873864173311,True,False,12.216806201303374
0,1.0,1.0,5,2,90.0,1,1,4.418840607796598,False,False,3.534836021653807
1,1.0,1.0,2,26,96.0,0,1,4.499809670330265,False,False,1.6144977519154904
1,1.0,3.0,2,59,98.0,1,1,4.875197323201151,False,False,63.35520098220331
1,1.0,1.0,3,55,97.0,1,4,5.017279836814924,False,False,0.7794180228599572
0,2.0,4.0,2,22,93.0,0,42,4.875197323201151,False,False,7.285289253957657
0,5.0,1.0,7,2,80.0,0,50,3.9889840465642745,True,False,2.0173727846246736
0,2.0,2.0,2,4,85.0,0,19,5.087596335232384,False,False,14.240672530261595
0,1.0,3.0,2,4,100.0,0,42,5.087596335232384,False,False,0.2644170690873971
0,1.0,1.0,2,23,94.0,1,30,4.330733340286331,False,False,4.6823283679534695
1,1.0,2.0,2,150,98.0,1,1,5.017279836814924,False,False,5.854961957587222
1,1.0,1.0,1,18,96.0,0,2,4.110873864173311,True,False,6.103695249166548
0,1.0,4.0,1,7,86.0,0,1,3.6375861597263857,True,False,42.448254465219485
0,2.0,3.0,2,2,100.0,1,29,6.2166061010848646,False,False,34.81845651031466
0,2.0,1.0,1,3,87.0,0,1,4.61512051684126,True,False,16.712659991664694
1,1.0,1.0,2,109,97.0,0,1,4.77912349311153,False,False,1.7290413969538196
0,1.0,3.0,3,11,98.0,1,1,5.1647859739235145,False,False,8.190130853325487
0,1.0,1.0,7,1,80.0,1,5,5.25227342804663,False,False,1.2010629923835436
1,1.0,1.0,1,16,96.0,1,1,4.875197323201151,False,False,6.584219265509952
0,1.0,1.0,1,50,91.0,1,6,4.7535901911063645,False,False,0.8090218411061679
0,2.0,8.0,2,8,100.0,0,1,5.993961427306569,False,False,4.563685210126334
0,1.0,6.0,1,3,67.0,1,1,4.330733340286331,False,False,8.436072808804946
0,1.0,1.0,3,2,60.0,1,1,3.9318256327243257,True,False,1.978931353110738
0,1.0,1.0,2,27,99.0,1,1,4.110873864173311,True,False,6.956570555451419
0,1.0,1.0,30,3,100.0,0,5,4.127134385045092,False,False,0.789167977380424
1,2.0,2.0,2,66,97.0,1,50,4.700480365792417,False,False,1.7825265502470864
0,1.0,2.0,2,11,96.0,1,1,4.795790545596741,False,False,4.419498526035138
0,2.0,2.0,3,5,100.0,1,50,4.948759890378168,False,False,2.2598907291701984
1,1.0,1.0,2,93,96.0,0,4,4.787491742782046,False,False,2.688141155016987
0,1.0,3.0,1,1,100.0,1,12,5.529429087511423,False,False,0.6593624108640032
0,1.0,4.0,1,83,95.0,0,1,5.198497031265826,False,False,6.357789250003827
1,1.0,3.0,5,14,95.0,0,3,5.293304824724492,False,False,0.5671321750684923
0,2.0,1.0,1,2,90.0,0,3,4.3694478524670215,True,False,1.5899378305572194
0,1.0,1.0,3,13,95.0,0,1,4.394449154672439,False,False,10.23943964544432
0,2.0,4.0,1,29,94.0,1,1,4.51085950651685,True,False,35.47449977875938
0,1.0,1.0,1,14,81.0,1,2,3.713572066704308,True,False,0.9068482553386111
1,1.0,1.0,1,17,100.0,0,2,4.060443010546419,True,False,7.69960349613516
1,1.0,1.0,1,33,95.0,0,5,4.787491742782046,False,False,0.5695737456593857
0,1.0,1.0,1,4,95.0,1,1,4.276666119016055,True,False,0.6060056190499661
0,1.0,2.0,1,4,85.0,0,6,4.7535901911063645,False,False,2.138364047085713
0,1.0,3.0,1,136,92.0,1,1,4.875197323201151,False,False,0.5905122923156311
0,2.0,2.0,1,8,100.0,0,1,4.174387269895637,False,False,1.500259190955508
0,1.0,4.0,2,16,91.0,1,1,5.442417710521793,False,False,44.262020128343565
0,1.0,2.0,2,8,100.0,1,6,4.9344739331306915,False,False,1.0265070901953899
0,2.0,3.0,4,17,95.0,1,5,5.298317366548036,False,False,2.191375399000466
1,1.0,2.0,1,200,94.0,1,8,4.700480365792417,False,False,0.9118739381579383
0,1.0,1.0,5,3,100.0,1,1,4.787491742782046,False,False,5.0493374509907385
1,1.0,3.0,1,186,94.0,1,9,4.969813299576001,False,False,1.0190329399437177
1,1.0,2.0,2,15,92.0,1,9,4.574710978503383,False,False,5.212937205819227
0,1.0,1.0,2,2,100.0,0,3,5.5053315359323625,False,False,6.769191728048951
1,1.0,2.0,2,1,100.0,0,1,5.529429087511423,False,False,6.850595908492287
0,1.0,1.0,3,8,100.0,1,1,5.14166355650266,False,False,2.757976312436041
1,1.0,2.0,2,10,98.0,0,1,4.51085950651685,False,False,5.119680339482516
1,1.0,2.0,2,51,95.0,1,34,4.6913478822291435,False,False,0.35564232922202615
0,2.5,1.0,30,5,100.0,1,1,3.8501476017100584,True,False,10.404006626303438
0,1.0,1.0,2,1,80.0,0,4,5.153291594497779,False,False,3.684982246702089
0,1.0,1.0,3,29,100.0,1,2,4.418840607796598,False,False,4.177956873670792
1,2.0,3.0,5,38,99.0,0,1,5.3981627015177525,False,False,3.525263278030431
1,1.0,2.0,4,38,99.0,0,1,5.003946305945459,False,False,7.092399018455191
0,1.0,2.0,1,70,92.0,0,7,3.9318256327243257,True,False,16.081221627844723
0,2.0,2.0,2,23,92.0,0,19,5.087596335232384,False,False,14.228101821764287
0,1.0,1.0,2,5,100.0,0,1,5.003946305945459,False,False,5.331873643404841
1,1.0,1.0,2,90,99.0,0,1,3.8501476017100584,True,False,5.8585217902531905
1,1.0,2.0,1,15,97.0,1,24,5.529429087511423,False,False,0.30837750827466215
0,1.0,1.0,2,8,97.0,0,1,4.663439094112067,False,False,5.258012567049289
0,1.0,2.0,2,10,98.0,0,1,4.795790545596741,False,False,2.8110740877094194
0,1.0,1.0,1,14,97.0,1,8,4.23410650459726,True,False,1.34682070255952
1,1.0,1.0,1,22,98.0,1,2,4.248495242049359,True,False,6.374628792768192
0,1.0,1.0,1,1,100.0,1,1,4.204692619390966,True,False,7.870123049991451
1,1.0,2.0,1,11,91.0,1,2,4.948759890378168,False,False,1.0065138620309322
1,1.0,1.0,28,19,98.0,1,3,4.02535169073515,False,False,5.587392835772455
0,1.0,2.0,2,4,80.0,0,23,4.836281906951478,False,False,14.323259005684482
1,1.0,1.0,3,43,99.0,0,1,4.174387269895637,True,False,1.4307242313039545
0,1.0,1.0,7,7,94.0,0,1,4.51085950651685,False,False,2.1872826155618905
0,1.0,1.0,2,74,95.0,0,1,4.465908118654584,True,False,2.883050463235135
1,1.0,4.0,5,17,94.0,1,26,5.598421958998375,False,False,0.5871566843411665
0,2.5,5.0,2,7,97.0,0,1,6.311734809152915,False,False,12.835552712113259
0,1.0,3.0,3,9,96.0,1,50,5.14166355650266,False,False,0.8226744975315187
1,1.0,1.0,2,111,95.0,0,2,4.61512051684126,False,False,6.194119896725062
1,2.0,2.0,1,37,97.0,1,4,5.25227342804663,False,False,0.3361859810197994
1,1.0,1.0,2,136,98.0,1,1,4.189654742026425,True,False,4.610384410377512
0,1.0,1.0,1,1,80.0,0,2,4.61512051684126,True,False,0.70243198728843
0,0.5,1.0,1,3,93.0,0,2,3.7612001156935624,True,False,12.78958364586505
1,2.5,5.0,2,40,99.0,1,1,5.19295685089021,False,False,20.557150798939784
0,1.0,2.0,2,24,93.0,1,1,4.394449154672439,False,False,7.737436110591582
0,1.0,1.0,1,7,94.0,0,2,3.7612001156935624,True,False,0.3060187060674374
1,1.0,2.0,3,54,95.0,1,5,4.795790545596741,False,False,0.9369680338862303
1,2.0,4.0,5,1,80.0,1,11,6.1224928095143865,False,False,0.9390835739986891
1,1.0,1.0,2,74,96.0,0,1,4.276666119016055,True,False,4.020651196183111
1,1.0,1.0,2,46,97.0,0,1,4.02535169073515,True,False,2.001699760649423
1,1.0,1.0,1,33,98.0,1,1,4.875197323201151,False,False,2.1343279567362328
0,1.0,5.0,2,26,93.0,1,6,5.332718793265369,False,False,0.40787119891144774
0,1.0,5.0,2,22,95.0,1,1,4.61512051684126,False,False,13.79567386735065
0,1.0,1.0,2,5,100.0,0,1,5.017279836814924,False,False,8.077485449472244
0,1.0,2.0,1,48,93.0,0,50,4.983606621708336,False,False,9.677630751868726
0,1.0,2.0,3,4,90.0,0,2,5.860786223465865,False,False,0.6426760159481132
0,1.5,1.0,1,4,100.0,1,1,3.6375861597263857,True,False,13.929910215934084
0,1.5,3.0,2,34,93.0,1,7,5.017279836814924,False,False,0.6491066434807822
1,2.0,8.0,1,36,94.0,0,18,5.955837369464831,False,False,1.3524612702850878
0,1.0,1.0,1,62,93.0,1,1,4.59511985013459,False,False,6.4715220843819585
1,1.0,2.0,1,119,98.0,1,9,4.727387818712341,False,False,0.8998514307989862
0,2.0,2.0,2,7,96.0,1,1,4.836281906951478,False,False,3.5971444734464084
0,1.0,1.0,2,5,100.0,0,2,4.276666119016055,True,False,1.6218478861834338
1,1.0,1.0,2,46,99.0,0,1,4.983606621708336,False,False,3.550077368021002
1,1.0,1.0,2,33,98.0,0,1,4.51085950651685,False,False,4.829151868152497
0,2.0,6.0,4,11,100.0,1,3,5.529429087511423,False,False,9.157058453449535
0,1.0,3.0,2,8,85.0,0,1,5.1647859739235145,False,False,0.38307676092673193
1,1.0,1.0,1,7,97.0,1,5,4.248495242049359,True,False,13.027768983236685
0,1.0,2.0,3,12,95.0,0,1,5.204006687076795,False,False,2.5892989524526673
0,1.0,1.0,5,8,93.0,1,21,4.74493212836325,False,False,5.546502024775261
1,1.0,2.0,1,51,98.0,0,1,4.9344739331306915,True,False,48.35134804679293
1,1.0,1.0,2,42,96.0,0,2,4.23410650459726,False,False,5.061398151892328
0,1.0,3.0,1,5,76.0,1,16,5.25227342804663,False,False,0.5246827013228185
0,1.0,2.0,3,6,97.0,1,4,5.087596335232384,False,False,1.0120713119627185
0,1.0,1.0,1,1,100.0,0,1,3.9318256327243257,True,False,6.2758407082359895
0,1.5,2.0,1,43,99.0,0,2,3.4011973816621555,True,False,33.906512060726286
0,2.0,5.0,1,10,98.0,1,13,5.707110264748875,False,False,0.47937523670653104
0,1.0,1.0,1,8,98.0,0,1,4.394449154672439,True,False,5.9755673947301435
0,1.0,1.0,2,5,96.0,1,2,4.110873864173311,True,False,2.3062660131674293
0,2.0,2.0,4,9,100.0,0,2,4.9344739331306915,False,False,2.208467361974855
0,2.0,5.0,4,19,97.0,1,3,5.529429087511423,False,False,15.568160787753024
1,1.0,1.0,1,116,97.0,0,1,3.784189633918261,True,False,2.1049287788307747
1,1.0,2.0,1,41,98.0,1,12,4.787491742782046,False,False,0.3689822125558103
0,2.0,1.0,4,8,68.0,1,1,3.367295829986474,True,False,14.33246177774374
0,1.0,1.0,1,25,98.0,1,8,4.343805421853684,True,False,0.8603657713152287
0,1.0,1.0,2,20,90.0,1,1,3.9318256327243257,True,False,5.423749041228497
0,1.0,1.0,1,27,93.0,0,8,4.867534450455582,False,False,0.7357975675673114
0,1.0,1.0,1,2,100.0,0,1,4.394449154672439,True,False,14.032344207102838
0,1.0,2.0,2,9,100.0,0,30,4.795790545596741,False,False,4.20679590269385
0,1.0,1.0,2,1,100.0,1,1,4.795790545596741,False,False,3.3984915749291877
0,2.0,1.0,14,2,100.0,0,1,3.713572066704308,True,False,5.136988597060139
1,1.0,1.0,1,2,60.0,1,3,3.713572066704308,True,False,9.17360347300757
0,1.0,2.0,28,1,100.0,1,50,4.61512051684126,False,False,2.399956298236895
0,1.0,1.0,1,5,88.0,1,4,4.976733742420574,False,False,0.8686172894640127
1,3.5,5.0,1,18,99.0,0,3,6.111467339502679,False,False,21.653620224843802
0,1.5,1.0,1,1,100.0,0,1,4.248495242049359,True,False,1.0446606773069893
1,1.0,1.0,1,88,100.0,0,1,5.198497031265826,True,False,51.65573743176275
0,3.0,3.0,3,7,100.0,1,1,5.3981627015177525,False,False,4.184939656033952
0,1.0,1.0,1,1,100.0,0,1,4.110873864173311,True,False,25.3528186169308
0,1.0,1.0,1,94,93.0,1,1,3.7612001156935624,True,False,5.3282438175877544
0,1.0,1.0,1,6,97.0,0,2,3.1354942159291497,True,False,20.318445719731855
0,1.0,1.0,1,1,80.0,1,1,3.9318256327243257,True,False,18.621713914357684
0,1.0,2.0,6,43,97.0,1,1,5.655991810819852,False,False,5.786464808959507
0,1.0,1.0,1,7,93.0,1,1,3.8918202981106265,True,False,0.3863135811604977
0,1.5,1.0,1,26,88.0,0,2,3.6888794541139363,True,False,5.833525689529047
0,1.0,1.0,1,9,89.0,1,1,3.9889840465642745,True,False,1.4320275233415796
0,1.0,2.0,2,4,100.0,1,24,5.049856007249537,False,False,0.5657030845090215
0,1.0,1.0,2,4,100.0,0,1,4.983606621708336,True,False,1.7080901040126704
0,1.0,2.0,3,12,93.0,0,1,4.795790545596741,False,False,4.394171219606151
0,3.0,5.0,1,1,100.0,1,1,5.739792912179234,False,False,64.6722349745572
0,2.0,2.0,1,200,92.0,1,1,4.7535901911063645,False,False,1.4596201238957778
0,1.0,3.0,2,3,100.0,0,1,4.875197323201151,False,False,12.479170468354122
0,2.0,4.0,1,10,90.0,1,1,4.51085950651685,True,False,11.586764536385285
0,1.0,1.0,3,7,94.0,1,1,4.700480365792417,False,False,10.864106720122825
1,1.0,1.0,1,10,98.0,0,1,3.8918202981106265,True,False,10.179261086790884
0,1.0,2.0,1,10,96.0,1,1,4.330733340286331,False,False,10.610149275428883
1,1.0,1.0,3,45,96.0,1,1,4.382026634673881,False,False,4.532497508429624
1,2.5,4.0,2,27,99.0,0,1,5.488937726156687,False,False,1.9347084302661388
1,1.0,3.0,2,69,97.0,0,1,5.3981627015177525,False,False,2.577165727286052
0,1.0,2.0,28,3,93.0,1,1,5.049856007249537,False,False,18.0621896813996
1,1.0,3.0,1,62,95.0,1,3,4.700480365792417,False,False,3.94735922338085
0,1.0,2.0,1,20,92.0,1,2,4.836281906951478,False,False,0.7681010483765744
0,1.0,1.0,2,1,100.0,1,1,4.875197323201151,False,False,1.2017598530864544
0,1.0,2.0,2,9,98.0,0,1,5.3981627015177525,False,False,4.46551995352992
1,2.0,1.0,1,2,80.0,1,9,4.983606621708336,False,False,14.595626462567857
0,1.0,1.0,2,9,93.0,0,1,4.787491742782046,False,False,5.862130189620807
0,1.0,2.0,30,37,98.0,0,1,5.529429087511423,False,False,3.244215278826146
1,1.0,2.0,2,20,98.0,0,2,4.574710978503383,False,False,5.129790017907535
1,1.0,1.0,1,21,100.0,0,1,4.795790545596741,False,False,2.2362818425198085
0,1.0,1.0,3,13,98.0,0,1,5.220355825078324,False,False,4.1114907004820616
0,1.0,4.0,2,6,97.0,0,1,5.298317366548036,False,False,65.76348570029403
0,1.0,2.0,2,7,91.0,0,2,4.574710978503383,False,False,14.061507330984773
1,1.0,1.0,1,130,98.0,0,2,4.5217885770490405,False,False,12.897366244374398
0,1.0,2.0,1,2,80.0,1,1,4.700480365792417,False,False,0.9256649897030585
0,2.0,2.0,3,43,96.0,0,1,4.890349128221754,False,False,1.0306792448510989
0,1.0,2.0,2,86,93.0,1,1,4.700480365792417,False,False,4.271416130731176
1,1.0,1.0,3,1,100.0,1,26,4.997212273764115,False,False,5.704809517316835
1,2.0,2.0,2,62,95.0,1,1,5.087596335232384,False,False,52.62958854663638
0,2.5,3.0,2,69,89.0,0,2,5.030437921392435,False,False,12.028724808660185
1,2.0,8.0,1,87,97.0,0,1,5.638354669333745,False,False,4.1884375898215005
0,1.0,1.0,1,3,93.0,1,31,4.02535169073515,True,False,14.117772341030665
0,1.0,1.0,1,14,99.0,1,1,4.624972813284271,False,False,1.1401290903298371
1,1.0,2.0,2,44,96.0,1,1,4.61512051684126,False,False,4.848946987195775
0,2.0,2.0,1,82,90.0,1,6,5.298317366548036,False,False,0.7774379822184823
0,4.0,1.0,3,47,94.0,0,3,3.9318256327243257,True,False,4.668047695835945
0,1.0,2.0,1,17,93.0,1,36,4.663439094112067,False,False,14.083937090588423
0,1.0,1.0,2,4,100.0,1,1,4.330733340286331,True,False,30.466347795079695
0,1.0,1.0,1,5,96.0,0,1,4.382026634673881,True,False,6.243328881075118
0,1.5,2.0,5,2,100.0,0,1,4.663439094112067,False,False,6.0630395421444385
1,1.0,1.0,1,87,98.0,1,8,4.276666119016055,True,False,16.75716573532131
0,2.0,2.0,14,7,94.0,1,1,5.1647859739235145,False,False,5.187938869453195
0,1.0,2.0,2,1,100.0,0,1,5.198497031265826,False,False,4.697632563602817
1,1.0,1.0,1,9,98.0,0,2,4.189654742026425,True,False,8.567875711140575
0,2.0,1.0,2,1,100.0,0,1,3.8501476017100584,True,False,5.360459954241537
1,1.0,1.0,2,29,99.0,1,1,4.787491742782046,False,False,2.3556540588497468
1,1.0,6.0,1,14,93.0,1,13,5.0689042022202315,False,False,0.7784787226770317
0,1.0,2.0,2,6,83.0,1,11,5.298317366548036,False,False,1.9034610107831058
0,1.0,3.0,2,2,100.0,0,1,5.66988092298052,False,False,35.811712642025114
0,1.0,1.0,1,8,88.0,0,3,3.713572066704308,True,False,3.683447005810573
0,1.0,1.0,1,1,100.0,0,1,3.8501476017100584,True,False,6.470938701266804
0,1.0,1.0,1,3,67.0,0,1,4.204692619390966,False,False,7.735664809432792
1,1.0,3.0,1,64,96.0,1,41,4.948759890378168,False,False,0.9301188699893217
0,1.0,1.0,3,4,90.0,0,1,4.7535901911063645,False,False,0.5121411510067675
0,1.5,1.0,2,4,95.0,1,2,3.9318256327243257,True,False,18.226730847747017
0,1.0,3.0,1,1,100.0,0,1,5.017279836814924,False,False,4.166495022570087
0,2.0,1.0,1,1,100.0,1,1,4.189654742026425,True,False,14.635517266344774
1,1.0,2.0,2,2,100.0,0,1,4.51085950651685,True,False,0.9581562900069767
0,1.0,2.0,3,17,91.0,0,2,4.61512051684126,False,False,2.7059864792894235
0,2.0,3.0,2,2,100.0,1,1,5.017279836814924,False,False,3.773884422593824
0,1.5,3.0,2,20,88.0,0,1,4.948759890378168,False,False,33.49541544256703
0,3.0,7.0,2,26,94.0,0,28,6.040254711277414,False,False,40.29213128874086
1,1.0,2.0,2,20,97.0,1,50,4.61512051684126,False,False,3.402703774511962
0,2.5,3.0,1,2,70.0,1,7,6.68586094706836,False,False,2.0817413882327065
1,1.0,1.0,2,54,99.0,0,1,4.61512051684126,True,False,1.3830948469964872
0,1.0,1.0,1,1,80.0,0,2,3.9318256327243257,True,False,0.2347344202115047
0,1.0,2.0,1,192,92.0,1,50,4.700480365792417,False,False,0.7813419499600928
1,1.0,1.0,1,24,99.0,0,1,4.02535169073515,True,False,3.4650130817360756
0,1.0,1.0,2,22,93.0,1,2,4.330733340286331,False,False,7.464070294540806
0,2.5,8.0,2,2,100.0,1,6,5.703782474656201,False,False,0.6172603962244101
1,1.0,1.0,1,26,100.0,1,2,4.51085950651685,False,False,1.054507834309898
0,1.0,3.0,2,9,98.0,0,1,4.5217885770490405,False,False,8.307009754086103
0,1.0,2.0,2,5,84.0,1,47,5.087596335232384,False,False,0.5222800052972459
0,2.0,2.0,2,7,77.0,0,12,5.351858133476067,False,False,1.600130230771047
0,1.0,1.0,3,3,100.0,0,1,4.290459441148391,True,False,3.7336772133147504
0,1.0,3.0,1,3,100.0,1,13,4.983606621708336,False,False,0.7396440226082515
0,1.0,1.0,2,16,89.0,0,6,5.241747015059643,False,False,7.469405155391413
0,1.0,1.0,1,4,100.0,1,1,5.017279836814924,True,False,1.5638187018624843
0,1.0,2.0,1,3,100.0,1,27,5.087596335232384,False,False,0.8977577527096668
0,1.0,1.0,1,15,92.0,1,1,3.713572066704308,True,False,6.609744001117734
0,1.0,1.0,1,18,94.0,1,2,3.4339872044851463,True,False,38.28530578128293
0,2.0,2.0,1,3,100.0,0,1,4.189654742026425,True,False,8.726332419712572
0,2.0,4.0,2,5,84.0,0,1,5.480638923341991,False,False,2.120166731319556
1,1.0,2.0,1,200,97.0,1,35,4.948759890378168,False,False,1.0253024421717187
1,1.0,1.0,1,11,93.0,0,1,4.248495242049359,True,False,4.4369451731198915
0,2.0,2.0,2,3,100.0,0,42,4.836281906951478,False,False,3.0088714703280224
0,1.5,1.0,1,27,95.0,0,17,3.9889840465642745,True,False,1.9331461414995783
1,1.0,2.0,2,12,98.0,0,2,5.262690188904886,False,False,1.496163579986002
1,2.0,2.0,1,10,100.0,0,3,4.61512051684126,False,False,5.518889612205528
0,1.0,1.0,4,17,90.0,1,9,4.727387818712341,False,False,4.399736932063472
1,1.0,1.0,2,27,96.0,0,1,4.143134726391533,True,False,4.307077157325856
0,1.0,2.0,1,4,100.0,0,1,4.795790545596741,False,False,3.3406091320025495
0,2.0,8.0,7,1,100.0,1,14,5.1647859739235145,False,False,9.730802417605691
0,1.0,2.0,3,2,100.0,0,1,4.700480365792417,False,False,1.605464986887531
1,2.0,3.0,7,2,80.0,0,50,6.340359303727752,False,False,3.869511190277389
0,1.5,1.0,1,5,92.0,0,1,3.713572066704308,True,False,1.376171139219051
0,1.0,1.0,1,8,94.0,0,1,4.276666119016055,True,False,3.6573390941757613
0,2.5,4.0,2,61,99.0,0,1,3.4339872044851463,False,False,2.6547512375400046
0,2.0,2.0,3,10,84.0,1,1,4.875197323201151,False,False,1.0574477240923439
0,1.0,3.0,5,11,90.0,1,21,5.056245805348308,False,False,6.5263421168992775
0,2.0,2.0,3,14,94.0,1,1,5.424950017481403,False,False,0.8854965217714074
0,1.0,1.0,3,23,95.0,0,1,4.61512051684126,False,False,2.130310305207097
1,1.0,2.0,1,55,95.0,0,2,4.983606621708336,False,False,1.7852880025407065
1,1.0,5.0,2,166,97.0,0,3,5.1647859739235145,False,False,0.581224624117979
1,1.0,4.0,4,9,89.0,0,5,4.77912349311153,False,False,5.158785821058771
1,1.0,1.0,1,22,98.0,0,2,3.713572066704308,True,False,5.665698102988995
0,2.0,3.0,2,48,92.0,1,1,5.1647859739235145,False,False,10.609948098985326
0,1.0,1.0,2,1,100.0,0,3,3.58351893845611,True,False,20.22241312827645
0,2.0,4.0,2,12,97.0,0,1,4.634728988229636,False,False,1.7372783675278634
0,1.0,1.0,3,11,100.0,0,1,4.430816798843313,True,False,4.585446885122184
1,1.0,1.0,1,189,98.0,0,1,4.51085950651685,True,False,3.644822801696472
0,1.0,5.0,1,7,97.0,1,12,5.017279836814924,False,False,0.7644373413851396
0,1.0,2.0,1,83,93.0,1,4,5.075173815233827,False,False,0.6394198949684087
0,1.0,1.0,2,2,90.0,1,16,5.703782474656201,False,False,1.1031912670124588
0,4.0,5.0,5,1,100.0,0,1,6.480044561926653,False,False,9.753043653645426
0,1.0,3.0,1,26,93.0,1,38,5.25227342804663,False,False,1.4964397097587194
0,1.0,1.0,3,5,96.0,0,2,3.9318256327243257,True,False,1.312388853171364
0,2.0,4.0,5,2,80.0,0,1,5.278114659230517,False,False,22.826003238897428
0,1.0,1.0,7,2,100.0,0,25,3.58351893845611,False,True,0.8532771065124799
1,1.0,2.0,6,1,100.0,0,3,4.382026634673881,False,False,3.7622194195684506
0,1.5,2.0,1,33,95.0,1,50,4.787491742782046,False,False,0.7338304079088398
0,1.0,1.0,1,2,100.0,1,1,3.4965075614664802,True,False,16.811492929269694
1,1.5,2.0,2,30,96.0,0,1,5.529429087511423,False,False,5.764804883324356
0,2.0,4.0,2,61,91.0,0,2,4.948759890378168,False,False,6.394183000252492
0,1.0,1.0,2,1,100.0,1,38,4.983606621708336,False,False,14.230295584922018
0,2.0,3.0,1,9,100.0,1,1,5.198497031265826,False,False,0.3319876621798137
1,2.0,1.0,1,107,98.0,0,2,3.9318256327243257,True,False,5.567694406005056
0,2.0,3.0,2,7,100.0,0,33,5.529429087511423,False,False,7.183589441933764
0,1.0,1.0,7,1,80.0,0,1,4.867534450455582,False,False,3.3769027662358178
0,1.0,1.0,1,29,100.0,0,1,4.61512051684126,True,False,1.181651927204289
0,1.0,1.0,1,1,100.0,0,2,4.795790545596741,True,False,1.241712769794085
0,1.0,1.0,1,3,87.0,1,31,5.1298987149230735,False,False,1.5746739773470357
1,1.0,4.0,2,33,96.0,0,1,4.7535901911063645,False,False,6.195835868127205
0,2.0,4.0,1,4,95.0,1,3,5.19295685089021,False,False,3.1083126973443362
0,1.5,8.0,1,81,90.0,0,3,5.0238805208462765,False,False,28.342991328313133
1,1.5,2.0,1,45,97.0,0,1,4.61512051684126,False,False,4.597912799683274
1,1.0,2.0,1,9,100.0,0,4,4.795790545596741,False,False,1.5631456251217246
0,1.0,2.0,1,137,93.0,0,2,4.61512051684126,False,False,2.867326711101792
0,1.0,1.0,1,44,95.0,1,1,4.127134385045092,True,False,11.811830505701215
1,1.0,2.0,1,167,98.0,1,9,4.844187086458591,False,False,0.9224143950549416
0,1.0,1.0,2,24,95.0,0,1,4.61512051684126,True,False,1.6233281609442787
1,1.0,1.0,1,148,96.0,1,1,4.276666119016055,True,False,7.829301289589355
0,1.0,1.0,1,15,99.0,1,5,4.634728988229636,False,False,3.726144711665825
1,2.0,3.0,2,41,99.0,1,1,5.929589143389895,False,False,3.2311267467152978
0,1.0,1.0,1,15,85.0,1,9,4.727387818712341,False,False,4.5222148817211805
0,2.5,3.0,7,1,100.0,1,1,4.983606621708336,False,False,40.34490464620145
1,1.5,3.0,2,30,99.0,1,1,5.529429087511423,False,False,52.68448798126614
0,0.5,1.0,2,9,98.0,0,4,3.8918202981106265,True,False,18.944185736273305
0,1.0,1.0,2,1,100.0,0,1,5.14166355650266,False,False,5.610607642453339
1,2.0,3.0,5,8,95.0,1,2,5.198497031265826,False,False,7.505285834195427
0,1.0,1.0,2,76,85.0,0,1,4.30406509320417,False,False,12.464984308864945
0,1.0,2.0,2,19,96.0,0,1,4.248495242049359,True,False,6.043853325470789
0,1.0,2.0,1,9,91.0,0,3,4.07753744390572,True,False,20.28099232056702
0,2.0,2.0,3,3,90.0,0,1,5.241747015059643,False,False,9.693291984465398
0,2.0,3.0,2,1,100.0,0,1,5.087596335232384,False,False,7.814604013045042
1,1.0,3.0,1,9,96.0,1,4,5.111987788356544,False,False,1.0203506182253157
0,1.0,2.0,2,3,100.0,1,1,5.087596335232384,False,False,1.0565610412682696
0,1.0,3.0,3,2,100.0,1,1,5.66988092298052,False,False,5.761304941545223
0,2.0,2.0,3,6,90.0,1,50,4.836281906951478,False,False,1.876541719769619
1,1.0,1.0,1,86,96.0,1,1,4.007333185232471,True,False,0.578719540480383
0,1.0,1.0,2,5,100.0,1,1,4.499809670330265,False,False,1.5921354103518761
1,1.5,2.0,1,12,93.0,1,6,4.02535169073515,True,False,13.691101183290346
0,1.0,1.0,2,31,91.0,1,1,4.948759890378168,False,False,3.0762010035376215
0,2.0,1.0,3,2,100.0,0,1,4.61512051684126,False,False,10.287995842364182
0,2.5,3.0,5,8,100.0,0,1,6.311734809152915,False,False,4.099244217755296
0,1.0,3.0,2,37,96.0,0,1,5.529429087511423,False,False,4.221072098666255
0,1.0,1.0,30,1,100.0,0,1,3.6375861597263857,True,False,4.200255894113958
1,2.0,2.0,2,97,96.0,1,50,4.787491742782046,False,False,5.020313561187182
0,1.0,1.0,7,2,100.0,1,5,5.25227342804663,False,False,0.9744189535571661
1,1.0,1.0,3,47,97.0,0,1,4.442651256490317,False,False,2.964955539685031
0,1.0,1.0,2,5,92.0,1,1,4.5217885770490405,False,False,2.1737481664433194
1,1.0,1.0,2,163,98.0,0,1,4.919980925828125,False,False,1.7850950671057573
1,1.0,1.0,1,19,95.0,1,3,4.61512051684126,False,False,0.6213780176291868
0,1.0,2.0,1,25,94.0,1,29,4.897839799950911,False,False,0.745186855592609
1,2.0,3.0,1,38,95.0,1,12,5.293304824724492,False,False,4.494578456935138
1,1.5,1.0,1,16,99.0,1,7,4.795790545596741,False,False,34.32794432675293
1,1.0,1.0,2,21,100.0,1,1,4.948759890378168,False,False,0.9624919633020611
1,3.0,5.0,1,24,94.0,0,12,5.393627546352362,False,False,17.66987721776441
0,1.0,1.0,4,1,80.0,1,3,3.367295829986474,False,True,7.6159330239899345
0,3.5,7.0,1,3,100.0,0,4,5.993961427306569,False,False,36.76368519130248
0,1.0,1.0,1,5,100.0,1,2,5.017279836814924,False,False,5.752040515476924
0,1.0,2.0,1,19,91.0,1,38,5.117993812416755,False,False,13.501800810792261
0,1.0,1.0,4,2,100.0,1,2,3.8501476017100584,True,False,6.200859368262732
0,2.0,1.0,7,32,85.0,1,14,3.9318256327243257,True,False,11.581807370298604
1,1.0,2.0,2,28,96.0,1,34,5.231108616854587,False,False,0.3718280416766137
1,1.0,1.0,2,35,99.0,0,1,4.983606621708336,False,False,2.5612213128064227
0,1.0,3.0,5,22,92.0,1,50,4.9344739331306915,False,False,4.04343370193892
0,1.0,1.0,1,5,96.0,1,4,4.189654742026425,True,False,0.837739219391801
1,1.0,1.0,2,116,97.0,1,2,4.442651256490317,False,False,6.563138442745153
1,1.0,1.0,2,61,98.0,0,2,3.8501476017100584,True,False,8.153965871869502
0,1.0,2.0,2,58,96.0,0,1,4.61512051684126,False,False,3.9452585368283626
0,1.0,3.0,1,41,89.0,1,50,4.836281906951478,False,False,0.7116500611005541
0,1.0,2.0,1,116,91.0,1,33,4.110873864173311,False,False,0.9203332915184922
0,1.0,1.0,14,1,100.0,0,2,4.663439094112067,False,False,2.8761742686222727
0,1.0,2.0,2,3,100.0,1,1,4.61512051684126,False,False,0.3378493245883001
1,3.0,6.0,2,16,100.0,0,5,6.61472560020376,False,False,52.102971030470236
0,1.0,2.0,7,10,92.0,0,20,4.61512051684126,False,False,0.7051418577928421
1,1.0,3.0,1,9,98.0,0,2,5.529429087511423,False,False,5.213273152458234
1,1.0,2.0,4,28,97.0,1,7,5.0238805208462765,False,False,0.6988994724066713
1,1.0,2.0,1,109,98.0,0,2,4.7535901911063645,False,False,0.8628943162634897
1,1.0,1.0,2,14,96.0,1,3,3.713572066704308,True,False,14.340695524264811
0,2.0,2.0,1,2,100.0,1,3,4.983606621708336,True,False,3.180280548946215
0,1.0,2.0,2,9,95.0,0,1,5.017279836814924,False,False,2.6446657416771946
0,1.5,3.0,2,87,89.0,1,10,5.111987788356544,False,False,2.60110943259707
0,1.0,1.0,1,85,95.0,1,1,3.713572066704308,True,False,0.27767191876175495
0,1.0,1.0,2,2,90.0,0,1,4.110873864173311,True,False,5.647736322718407
0,1.0,3.0,3,14,100.0,1,1,5.231108616854587,False,False,4.383835016806906
1,1.0,1.0,1,37,99.0,0,1,3.6888794541139363,True,False,7.082135371933915
0,2.0,5.0,2,2,100.0,0,1,6.621405651764134,False,False,3.6055072418095877
0,1.0,1.0,1,1,100.0,1,1,4.394449154672439,True,False,4.371441901283869
0,1.0,2.0,1,81,89.0,1,13,5.087596335232384,False,False,35.23955158223263
1,2.0,2.0,5,5,100.0,1,50,5.846438775057725,False,False,15.928919181909134
0,2.0,2.0,3,1,100.0,1,1,4.51085950651685,False,False,12.310795604720315
0,2.0,4.0,7,1,100.0,0,1,5.707110264748875,False,False,9.005545791430357
0,1.0,2.0,3,3,93.0,0,1,4.110873864173311,False,False,16.21777255764447
0,1.0,1.0,1,17,93.0,1,11,4.795790545596741,False,False,0.4348991345471002
0,2.0,3.0,2,4,100.0,0,2,6.68586094706836,False,False,2.1140649038746693
1,1.0,2.0,2,57,98.0,1,8,4.969813299576001,False,False,1.7311618416846974
0,2.0,7.0,7,1,100.0,1,14,4.61512051684126,False,False,6.26264359809306
1,1.0,1.0,1,76,97.0,1,24,4.61512051684126,False,False,0.4644682726533151
1,1.0,2.0,1,20,98.0,1,41,4.663439094112067,False,False,0.4183266035095179
0,1.0,2.0,2,6,100.0,0,1,5.017279836814924,False,False,1.6126143473805843
0,1.0,1.0,2,2,90.0,0,2,4.07753744390572,True,False,9.051298515264538
0,1.0,2.0,1,2,80.0,1,2,4.795790545596741,False,False,7.284448404158993
1,1.0,1.0,4,3,100.0,0,2,3.9318256327243257,True,False,3.36395105683472
0,1.0,1.0,2,9,100.0,0,1,4.02535169073515,True,False,13.191658572014738
0,1.0,2.0,1,4,90.0,1,2,4.23410650459726,True,False,22.193999880335223
1,2.5,4.0,2,9,100.0,1,1,5.529429087511423,False,False,3.860582285260434
0,2.5,3.0,5,7,100.0,0,1,5.529429087511423,False,False,5.3324793386502485
0,1.0,1.0,1,7,97.0,0,4,4.330733340286331,True,False,15.49508692746261
0,1.0,1.0,2,5,88.0,0,1,6.396929655216146,False,False,3.850235921099127
1,1.5,1.0,1,39,99.0,0,3,4.110873864173311,True,False,34.33559382175598
0,1.0,2.0,2,56,93.0,1,1,5.198497031265826,False,False,0.49348862675528327
1,1.0,3.0,2,41,94.0,0,2,4.442651256490317,False,False,15.233430008796795
1,1.0,2.0,4,1,100.0,1,3,4.143134726391533,True,False,24.542417669354272
0,1.0,1.0,7,4,100.0,0,2,4.836281906951478,False,False,0.9774260684085724
1,2.0,4.0,5,7,100.0,0,3,5.916202062607435,False,False,0.5872159528096648
0,1.5,5.0,20,1,100.0,0,1,4.795790545596741,False,False,7.301920881350027
0,1.0,2.0,2,29,91.0,1,1,4.51085950651685,False,False,5.7456866080670155
0,1.0,2.0,2,1,100.0,1,5,5.075173815233827,False,False,0.6092126388726499
1,1.0,1.0,3,6,100.0,0,1,4.51085950651685,False,False,3.9157974490810816
0,1.0,1.0,6,10,100.0,0,1,3.8918202981106265,True,False,6.259537041222555
0,1.0,5.0,2,15,92.0,0,3,5.198497031265826,True,False,53.12822448723858
0,1.0,1.0,4,3,100.0,1,3,4.394449154672439,True,False,1.4262329215682652
0,1.0,1.0,2,13,87.0,0,1,4.276666119016055,False,False,6.057751855989633
0,3.0,6.0,5,3,100.0,0,1,5.991464547107982,False,False,5.526942282132281
0,1.0,1.0,2,15,93.0,1,1,3.8918202981106265,True,False,0.8225974809803968
0,1.0,4.0,1,198,95.0,1,1,5.1647859739235145,False,False,41.031438880385025
1,1.0,1.0,1,44,99.0,0,1,4.867534450455582,False,False,4.493964502482369
0,1.0,2.0,2,3,100.0,0,1,4.61512051684126,False,False,6.533112543423947
1,1.5,2.0,2,16,93.0,0,3,3.9318256327243257,True,False,2.7641518317944342
0,1.0,2.0,2,140,97.0,0,1,4.700480365792417,False,False,37.51740214719505
0,2.0,1.0,2,9,89.0,0,1,5.529429087511423,False,False,1.1737466867038127
1,1.0,1.0,1,110,99.0,1,1,4.795790545596741,False,False,7.099367338608261
1,2.0,4.0,1,15,97.0,0,5,5.43372200355424,False,False,0.7239495557057102
0,2.0,3.0,1,3,87.0,1,38,5.298317366548036,False,False,14.408111276811807
1,1.5,3.0,3,22,97.0,1,3,4.787491742782046,False,False,14.911345386827396
0,1.0,3.0,1,17,98.0,0,1,5.298317366548036,False,False,1.2100823144170898
1,1.0,2.0,1,115,98.0,1,1,4.499809670330265,False,False,13.196931773443021
0,1.0,1.0,1,1,100.0,0,1,4.61512051684126,False,False,2.9600767150438823
1,1.0,4.0,3,150,97.0,1,4,5.402677381872279,False,False,0.6789716280398886
0,2.5,1.0,7,17,88.0,0,25,3.258096538021482,False,True,14.240927123065244
0,1.5,4.0,1,40,89.0,1,36,5.099866427824199,False,False,1.4716404697929575
0,1.0,4.0,3,1,100.0,1,3,4.574710978503383,False,False,17.514957400281663
0,2.5,6.0,2,9,93.0,1,3,5.003946305945459,False,False,25.30392621690478
1,1.0,3.0,2,120,97.0,0,1,4.276666119016055,False,False,34.588607396704774
0,1.0,1.0,4,4,100.0,0,1,4.795790545596741,False,False,4.508721640889929
0,1.0,4.0,2,21,91.0,0,33,5.198497031265826,False,False,7.101855312617901
0,1.0,1.0,1,7,100.0,0,1,3.713572066704308,True,False,8.651589198104547
0,1.0,3.0,14,7,97.0,1,1,5.135798437050262,False,False,3.1665255755414226
0,2.5,2.0,4,3,100.0,1,1,5.703782474656201,False,False,7.036564850872489
0,2.0,4.0,2,9,98.0,1,3,5.3981627015177525,False,False,2.0889722467805356
0,1.0,3.0,1,25,87.0,0,9,4.465908118654584,False,False,1.6786614083826716
1,1.0,1.0,1,1,100.0,1,3,3.8501476017100584,True,False,3.929521274435111
0,1.0,1.0,2,1,60.0,0,1,3.713572066704308,True,False,13.676949794386944
0,2.0,4.0,2,18,80.0,0,5,5.111987788356544,False,False,25.44650142286485
1,1.0,3.0,3,39,99.0,1,5,5.69035945432406,False,False,3.3176847361389235
1,1.0,1.0,1,50,97.0,0,1,4.867534450455582,False,False,0.5106873524603529
0,1.5,1.0,1,2,100.0,0,1,3.713572066704308,True,False,5.678707568913421
1,1.0,2.0,1,114,96.0,0,5,5.075173815233827,False,False,0.7751958097869542
0,1.0,1.0,1,3,93.0,0,1,4.61512051684126,False,False,5.512489826383538
0,1.0,3.0,1,10,96.0,0,36,4.948759890378168,False,False,0.6430826384423397
1,3.5,5.0,2,39,93.0,0,7,5.765191102784844,False,False,2.5474077947001437
1,2.0,6.0,2,110,97.0,1,7,5.017279836814924,False,False,1.9081952390519434
0,1.0,1.0,1,1,100.0,0,1,3.713572066704308,True,False,4.495124447359593
0,1.0,3.0,1,2,100.0,1,1,3.9318256327243257,True,False,17.43808511243391
1,1.0,2.0,1,47,97.0,0,5,4.700480365792417,False,False,4.3962692237014815
1,1.0,3.0,2,22,95.0,0,1,4.61512051684126,False,False,11.90278631364815
0,1.0,1.0,1,3,100.0,0,2,3.8501476017100584,True,False,11.195307699745312
0,1.5,1.0,3,1,60.0,0,14,3.258096538021482,False,True,13.70324948620807
1,1.0,2.0,1,16,89.0,1,41,5.19295685089021,False,False,0.8127101145903548
0,1.0,1.0,1,1,80.0,0,1,3.58351893845611,True,False,14.268528320991791
1,1.0,1.0,2,28,99.0,1,1,4.9344739331306915,False,False,2.4536855298099285
0,2.0,4.0,3,1,100.0,1,1,5.017279836814924,False,False,10.239702165080603
1,1.0,2.0,2,74,98.0,0,1,4.919980925828125,False,False,53.040290602404276
0,1.0,2.0,2,1,100.0,1,1,5.529429087511423,False,False,5.6362928798788285
1,1.0,3.0,4,19,98.0,1,1,5.14166355650266,False,False,2.10668646709395
1,1.5,3.0,3,15,97.0,0,1,5.0238805208462765,False,False,17.695630955455144
0,1.5,4.0,1,16,86.0,0,50,4.61512051684126,False,False,2.106024506968946
0,1.0,1.0,2,6,100.0,1,1,4.700480365792417,False,False,2.2332580194845026
0,1.0,1.0,1,33,95.0,0,1,4.276666119016055,True,False,4.518341819615869
0,1.0,3.0,1,171,89.0,1,33,4.700480365792417,False,False,0.5375779477598989
1,1.0,1.0,2,34,98.0,0,3,4.189654742026425,True,False,12.611237343111966
1,1.0,2.0,2,3,93.0,0,1,5.198497031265826,False,False,5.474058002407487
0,1.0,1.0,1,29,90.0,1,1,4.060443010546419,True,False,4.48543390821031
0,1.0,1.0,1,5,100.0,0,1,3.9318256327243257,True,False,43.60862425443879
1,1.5,1.0,2,75,97.0,0,2,4.189654742026425,True,False,4.806390641613986
0,1.0,2.0,1,44,89.0,1,22,4.9344739331306915,False,False,0.6152546031885254
0,1.0,1.0,2,4,100.0,1,1,4.700480365792417,False,False,3.527168482741845
0,1.0,6.0,3,25,87.0,0,25,3.4339872044851463,False,True,0.7070508758787636
0,3.0,7.0,2,155,97.0,1,10,5.730099782973574,False,False,2.717229623938493
0,1.0,2.0,2,18,87.0,0,1,5.298317366548036,False,False,1.5888399843146852
1,2.5,8.0,2,105,93.0,1,2,5.707110264748875,False,False,4.410090391432708
0,1.0,1.0,1,23,94.0,0,7,4.110873864173311,True,False,4.75366296215144
0,1.5,1.0,1,2,60.0,0,3,4.02535169073515,True,False,13.967493403812023
0,1.0,2.0,2,31,92.0,1,2,4.663439094112067,True,False,3.626406397265198
1,1.0,3.0,2,67,99.0,0,1,4.787491742782046,False,False,4.906530588819355
1,2.0,1.0,4,10,98.0,0,3,4.248495242049359,True,False,10.142015794562548
0,1.5,4.0,4,1,100.0,0,1,5.017279836814924,False,False,6.513187851105307
0,1.0,1.0,1,3,100.0,1,4,4.248495242049359,True,False,0.5925219176086055
0,1.0,1.0,2,19,100.0,1,1,4.276666119016055,True,False,1.799405381324634
0,1.0,2.0,1,2,100.0,1,6,5.298317366548036,False,False,1.4502273445179967
0,2.0,8.0,2,6,95.0,1,5,5.564520407322694,True,False,5.9689943837336985
0,1.0,1.0,4,112,92.0,1,1,4.442651256490317,False,False,6.138711545722099
1,1.0,3.0,1,174,97.0,0,1,4.77912349311153,False,False,13.14883730376976
1,2.0,2.0,2,138,98.0,1,50,4.61512051684126,False,False,1.9238493509966803
1,1.0,1.0,2,39,98.0,1,3,5.442417710521793,False,False,34.60615880088089
1,1.0,1.0,1,65,97.0,1,1,3.713572066704308,True,False,14.471170235088735
0,2.0,4.0,4,1,80.0,1,1,5.1647859739235145,False,False,6.818373657833195
0,1.0,2.0,3,1,100.0,1,50,4.875197323201151,False,False,6.0475435947876015
0,2.0,3.0,1,8,95.0,1,1,5.14166355650266,False,False,3.506104544632927
0,1.0,1.0,1,1,100.0,0,1,3.295836866004329,False,True,0.12477730612805413
0,1.0,1.0,3,13,92.0,0,1,4.663439094112067,False,False,0.9159761719289322
0,1.0,2.0,2,5,84.0,0,1,4.836281906951478,False,False,1.8127475665589439
0,1.0,1.0,2,9,95.0,1,1,5.087596335232384,False,False,2.0233519446625503
0,2.0,2.0,3,1,100.0,0,1,5.056245805348308,False,False,2.0878764801737204
1,1.0,2.0,2,168,95.0,1,9,4.61512051684126,False,False,0.6263506862117849
1,1.0,1.0,1,26,97.0,0,1,4.394449154672439,False,False,15.370048774964983
1,1.0,2.0,4,2,90.0,0,4,5.075173815233827,False,False,2.8947457249999085
0,2.0,4.0,3,27,95.0,0,1,4.634728988229636,False,False,13.710791107254689
0,1.0,1.0,1,5,96.0,1,15,4.727387818712341,False,False,4.414354860764891
0,1.0,1.0,2,31,95.0,0,1,4.51085950651685,False,False,3.1321109588886444
0,1.0,3.0,1,6,80.0,1,5,5.298317366548036,False,False,0.9397861383873345
1,2.0,2.0,30,3,100.0,0,27,5.860786223465865,False,False,14.9628359830829
1,3.0,2.0,5,2,100.0,1,15,4.795790545596741,False,False,15.229821626320305
1,1.0,2.0,1,25,99.0,0,1,5.198497031265826,True,False,70.73053266920216
1,2.5,4.0,3,27,99.0,0,1,5.529429087511423,False,False,34.610641654801874
1,1.0,1.0,1,15,99.0,0,1,4.499809670330265,False,False,4.138753494992797
1,2.0,5.0,3,94,97.0,0,1,5.278114659230517,False,False,8.492279958780212
1,2.0,2.0,3,16,100.0,1,1,5.43372200355424,False,False,13.57847776770701
1,2.5,4.0,3,23,98.0,0,1,5.707110264748875,False,False,3.0419783201557196
0,1.0,1.0,2,1,100.0,0,1,3.367295829986474,False,True,30.009223277068948
1,1.0,1.0,1,138,99.0,0,1,4.51085950651685,True,False,1.348376159498417
0,1.0,1.0,1,5,90.0,0,2,5.3981627015177525,True,False,0.4804386678200335
0,2.0,2.0,2,2,80.0,1,2,4.795790545596741,False,False,2.305589766347554
1,2.0,3.0,2,16,99.0,0,1,5.318119993844216,False,False,1.2224044679870727
0,1.0,1.0,1,14,97.0,0,4,3.258096538021482,True,False,13.226901990424587
0,2.0,2.0,1,1,100.0,0,1,5.707110264748875,False,False,4.866554708075876
0,1.0,3.0,3,14,97.0,1,50,4.955827057601261,False,False,0.36672293894301733
0,1.0,1.0,2,5,96.0,0,1,3.8501476017100584,True,False,19.585925971381517
1,1.0,2.0,1,33,94.0,1,17,5.19295685089021,False,False,4.836947367167349
1,1.0,3.0,2,16,99.0,1,1,5.231108616854587,False,False,8.90187341082864
0,1.0,1.0,1,33,93.0,0,2,3.9318256327243257,True,False,6.293006080397785
0,1.0,3.0,1,2,100.0,1,50,4.836281906951478,False,False,1.0947524692316626
0,1.0,3.0,5,3,100.0,0,1,5.298317366548036,False,False,3.4875548104399203
1,1.0,2.0,2,10,100.0,0,2,4.948759890378168,False,False,0.10064810957393697
1,2.0,1.0,2,4,95.0,1,2,3.8501476017100584,True,False,16.352784059440655
0,1.0,2.0,1,6,93.0,1,8,5.19295685089021,False,False,1.4707486940279708
1,1.0,1.0,1,66,96.0,1,1,5.298317366548036,False,False,3.8823617461957203
1,2.0,3.0,2,63,98.0,1,20,5.442417710521793,False,False,0.7104983997655716
0,2.0,1.0,1,19,99.0,0,1,4.290459441148391,True,False,6.468450129785465
1,1.0,1.0,5,23,99.0,0,1,5.017279836814924,False,False,4.67803031292477
0,1.0,1.0,1,1,100.0,0,1,5.017279836814924,False,False,6.256524670455135
0,1.0,3.0,1,5,100.0,1,11,5.19295685089021,False,False,1.6161383584141888
0,1.0,2.0,1,4,87.0,1,1,3.9318256327243257,False,False,3.4720235130826174
0,1.0,1.0,3,2,90.0,1,10,4.189654742026425,True,False,0.8177752780465128
0,1.0,1.0,1,40,99.0,0,1,3.4965075614664802,True,False,21.846387223459416
0,1.0,1.0,1,3,100.0,1,1,4.499809670330265,False,False,3.784790122524956
0,1.0,2.0,2,8,95.0,0,1,4.948759890378168,False,False,3.231503596852717
0,1.0,1.0,3,26,92.0,1,1,4.700480365792417,False,False,2.688803360458335
0,1.0,2.0,3,2,100.0,0,2,4.430816798843313,False,False,7.26762954378427
0,1.0,1.0,1,11,91.0,0,1,4.442651256490317,True,False,0.5145422023901065
0,1.0,2.0,2,3,100.0,0,1,5.707110264748875,False,False,3.1543828993311647
1,1.0,2.0,1,14,96.0,1,1,5.298317366548036,False,False,0.8584344306566206
0,1.0,1.0,1,7,94.0,1,1,2.995732273553991,True,False,14.82575655784963
1,1.0,1.0,2,150,96.0,1,4,4.663439094112067,False,False,1.8775166585843608
1,1.0,1.0,1,77,97.0,0,1,5.3981627015177525,False,False,52.00518976986331
0,1.0,1.0,2,48,100.0,0,1,4.983606621708336,False,False,5.3945996553106195
0,2.0,4.0,1,7,94.0,1,14,4.875197323201151,False,False,1.9689557174033903
0,1.0,2.0,4,46,96.0,0,1,4.584967478670572,False,False,2.230566068130335
1,2.0,2.0,2,42,100.0,0,1,6.186208623900494,False,False,4.02022178382828
0,1.0,2.0,1,13,80.0,1,1,4.875197323201151,False,False,2.0478316230616858
0,1.0,1.0,2,9,100.0,0,1,4.700480365792417,False,False,4.435255087023729
0,1.0,1.0,1,30,97.0,1,30,4.61512051684126,False,False,0.4937928677997404
0,1.0,1.0,1,1,100.0,0,1,6.493753839851686,True,False,3.224795407622404
0,1.0,2.0,1,20,97.0,0,1,4.276666119016055,False,False,2.161299363535878
0,2.0,4.0,3,15,100.0,0,1,5.66988092298052,False,False,6.863010658775166
0,1.0,1.0,3,3,100.0,0,1,4.30406509320417,True,False,1.4405612064877795
1,2.5,4.0,3,52,97.0,0,2,5.66988092298052,False,False,2.164340755537316
0,1.0,1.0,1,5,84.0,0,3,5.545177444479562,False,False,25.692829124477864
0,1.0,1.0,1,10,96.0,1,3,4.477336814478207,False,False,0.614381363277056
0,1.0,2.0,3,7,100.0,0,1,5.480638923341991,False,False,3.123842618375809
0,2.0,4.0,1,10,96.0,0,5,5.1647859739235145,False,False,21.88940945430132
1,2.0,2.0,2,1,100.0,0,8,5.25227342804663,False,False,0.46601293318313525
1,1.0,1.0,2,200,94.0,0,3,4.77912349311153,False,False,0.5731749459593141
0,1.0,1.0,2,2,100.0,0,2,4.61512051684126,False,False,5.94076862850613
0,2.0,2.0,3,5,100.0,1,1,4.343805421853684,False,False,6.9059240758712646
0,2.0,4.0,3,3,93.0,0,1,5.66988092298052,False,False,2.4519350156805513
1,1.5,3.0,5,3,100.0,1,50,5.723585101952381,False,False,16.003449096730996
0,1.0,2.0,7,7,94.0,0,1,5.564520407322694,False,False,5.194027976496928
0,1.0,2.0,1,11,93.0,1,1,4.02535169073515,True,False,5.437993708075539
0,1.0,1.0,14,1,100.0,1,1,3.713572066704308,True,False,3.840067998828563
0,1.0,1.0,1,7,100.0,0,1,4.02535169073515,True,False,23.905322536164746
1,1.0,1.0,1,19,98.0,0,1,5.017279836814924,False,False,0.7108541286511575
0,5.0,5.0,3,4,100.0,1,3,5.545177444479562,False,False,21.852813083101655
1,1.0,1.0,2,54,96.0,0,2,3.6375861597263857,True,False,9.019435378530995
0,1.0,1.0,1,15,89.0,1,6,4.919980925828125,False,False,1.679519702295237
0,1.0,2.0,1,14,86.0,1,26,4.787491742782046,False,False,0.446343137331902
0,1.0,2.0,1,30,93.0,1,4,4.867534450455582,False,False,0.5687371334068028
0,1.0,1.0,1,3,100.0,0,2,4.948759890378168,True,False,4.50711078663725
1,1.0,3.0,1,31,99.0,0,5,4.983606621708336,False,False,1.8524391196164742
0,1.0,1.0,6,1,100.0,0,1,3.713572066704308,True,False,16.709797269958568
0,1.0,1.0,3,24,97.0,0,1,4.5217885770490405,False,False,4.11366745291777
1,1.0,3.0,2,5,100.0,0,26,5.087596335232384,False,False,1.1999301633178079
0,1.0,3.0,3,27,88.0,1,2,5.135798437050262,False,False,10.26336763586841
1,2.0,2.0,2,84,99.0,0,1,4.394449154672439,True,False,3.4847376386820095
1,1.0,3.0,1,64,98.0,0,1,4.276666119016055,True,False,8.167509339621018
0,1.0,1.0,1,1,100.0,0,1,4.51085950651685,True,False,4.061234707587149
0,1.0,1.0,2,4,85.0,1,1,4.574710978503383,False,False,3.8013907367744304
0,1.5,4.0,2,1,60.0,0,2,5.66988092298052,False,False,16.8304154185002
0,1.0,2.0,2,4,100.0,1,2,5.1647859739235145,False,False,14.65672294527461
0,1.5,4.0,2,9,100.0,0,33,5.075173815233827,False,False,7.312190175039047
1,1.0,1.0,2,4,95.0,0,2,3.713572066704308,True,False,28.19114881129088
0,1.0,2.0,1,78,91.0,1,50,4.787491742782046,False,False,0.7610615592462409
0,1.0,2.0,1,4,100.0,1,2,4.110873864173311,True,False,2.004406356528811
0,1.0,1.0,1,67,89.0,1,1,4.23410650459726,True,False,0.6562000706126792
1,1.0,1.0,1,35,99.0,0,2,4.418840607796598,True,False,27.38998260786509
0,2.0,2.0,3,2,60.0,0,1,5.017279836814924,False,False,5.533965465406095
0,1.0,2.0,1,10,84.0,1,2,5.762051382780177,False,False,0.8428808494079993
1,1.5,3.0,1,130,96.0,0,1,5.929589143389895,False,False,2.5060774254236753
0,1.0,2.0,2,4,80.0,1,16,5.236441962829949,False,False,0.6629304328718434
0,1.0,4.0,2,80,96.0,0,1,5.087596335232384,False,False,7.274182251887059
0,1.0,1.0,2,15,95.0,1,3,4.189654742026425,True,False,0.5924058824464116
0,1.0,1.0,14,2,100.0,1,1,4.330733340286331,True,False,1.3238531669632159
0,2.0,2.0,7,2,100.0,0,2,5.087596335232384,False,False,2.6399443145273316
1,2.0,3.0,2,4,100.0,1,5,5.529429087511423,False,False,0.692462527878599
0,2.0,5.0,2,144,97.0,1,23,5.605802066295998,False,False,0.3738184103482207
0,1.0,2.0,2,9,82.0,0,1,3.4339872044851463,True,False,6.6251137414413614
0,2.0,2.0,2,1,100.0,0,1,5.298317366548036,False,False,6.014390715743688
1,3.0,4.0,3,2,100.0,1,26,6.035481432524756,False,False,8.42428218905752
0,1.0,1.0,2,73,94.0,0,50,5.087596335232384,False,False,3.2952496960610773
0,1.5,3.0,1,7,80.0,0,1,4.795790545596741,True,False,32.148333789294966
0,1.0,1.0,1,169,93.0,0,3,4.634728988229636,False,False,2.3812442873827075
1,1.0,2.0,1,22,96.0,0,1,4.02535169073515,True,False,16.46042088913125
0,0.5,1.0,1,27,93.0,0,1,3.4339872044851463,True,False,18.89976834351712
1,1.0,4.0,1,57,97.0,1,1,4.700480365792417,False,False,0.7734166387664025
0,2.0,4.0,3,4,100.0,0,1,5.087596335232384,False,False,7.391905247073567
0,1.0,5.0,2,1,100.0,0,1,5.25227342804663,False,False,3.0828545602070445
0,1.0,2.0,1,48,91.0,1,38,4.9344739331306915,False,False,0.4378427819712646
0,1.0,1.0,1,1,100.0,0,1,4.110873864173311,True,False,6.688954000626161
1,1.0,1.0,1,107,98.0,1,2,4.499809670330265,False,False,0.5250789821276055
1,2.5,6.0,1,200,97.0,0,1,5.916202062607435,False,False,2.001831188225293
0,1.0,1.0,2,4,100.0,0,1,4.394449154672439,False,False,1.1299959659044325
0,1.5,2.0,2,143,94.0,1,3,4.61512051684126,False,False,0.624610468561609
1,1.0,1.0,2,13,95.0,0,1,4.499809670330265,False,False,0.9662868002696084
0,2.5,5.0,4,7,97.0,0,2,5.198497031265826,False,False,2.4501937561110734
0,1.5,2.0,2,16,98.0,0,1,4.727387818712341,False,False,7.034601769912255
1,1.0,2.0,1,200,94.0,1,9,4.787491742782046,False,False,5.10220820632195
0,1.5,5.0,3,72,92.0,1,1,4.700480365792417,False,False,6.343289582498252
0,3.0,5.0,3,67,99.0,0,1,6.040254711277414,False,False,6.931641934327075
0,2.0,3.0,2,3,87.0,1,1,5.0238805208462765,False,False,2.7697679022717954
0,1.0,1.0,2,19,94.0,1,2,3.7612001156935624,True,False,20.80456101915012
0,2.0,2.0,2,50,95.0,1,12,5.204006687076795,False,False,4.098603824697881
1,1.0,1.0,1,168,100.0,0,1,4.787491742782046,False,False,3.6253151873617906
1,2.0,3.0,2,45,95.0,0,1,5.111987788356544,False,False,1.376067873103801
1,2.0,1.0,3,83,96.0,1,3,3.8501476017100584,True,False,14.705436215556754
1,1.0,1.0,2,9,98.0,0,1,4.204692619390966,True,False,16.231177286906874
0,1.5,4.0,5,3,93.0,0,1,5.278114659230517,False,False,11.839690939231904
1,1.0,2.0,3,178,94.0,1,1,4.919980925828125,False,False,0.9713092923161627
1,1.0,2.0,2,30,99.0,1,2,5.017279836814924,False,False,1.1459369735303402
1,1.0,1.0,1,45,98.0,0,3,4.276666119016055,True,False,19.100814358615068
0,1.0,3.0,1,1,80.0,1,7,4.90527477843843,False,False,0.7883086960719423
0,1.0,2.0,4,2,100.0,1,9,3.784189633918261,True,False,12.929146668970436
0,1.0,2.0,2,59,96.0,1,1,4.9344739331306915,False,False,3.7629717209329545
0,1.0,3.0,3,6,93.0,0,1,5.916202062607435,False,False,0.7573139391812117
0,1.0,1.0,2,12,92.0,0,1,4.795790545596741,False,False,7.10377376718325
0,1.0,1.0,2,30,97.0,0,1,4.795790545596741,False,False,1.0371642093076585
0,1.0,1.0,1,17,98.0,0,2,4.276666119016055,True,False,2.4448673742439277
0,1.0,3.0,1,56,95.0,1,4,4.852030263919617,False,False,0.9080516077212272
0,1.0,1.0,3,2,100.0,0,1,3.8501476017100584,False,False,6.67328617964297
1,1.0,1.0,1,99,94.0,0,2,4.248495242049359,False,False,11.26678774616361
0,1.0,1.0,2,42,81.0,0,3,3.784189633918261,True,False,14.032122371099328
0,1.0,3.0,1,20,98.0,1,1,5.049856007249537,False,False,42.947036438749905
0,2.0,1.0,2,5,96.0,0,6,4.394449154672439,True,False,1.0251048875858815
0,1.0,1.0,7,2,100.0,0,1,3.713572066704308,True,False,14.653452420531478
0,1.0,1.0,1,178,91.0,1,3,3.7612001156935624,True,False,16.152198776826285
0,1.0,1.0,2,14,100.0,1,1,4.919980925828125,False,False,8.070469079408827
0,2.0,2.0,1,11,100.0,0,4,5.327876168789581,False,False,1.9772425280144041
0,1.0,1.0,2,3,73.0,0,1,4.276666119016055,False,False,6.891214333198142
1,1.0,1.0,1,200,98.0,1,10,4.787491742782046,False,False,0.5803705115639384
1,1.0,1.0,1,46,99.0,0,1,4.248495242049359,True,False,5.271677347986433
0,2.0,4.0,3,45,92.0,1,35,5.5093883366279774,False,False,5.700377806845256
0,1.0,1.0,1,200,96.0,0,17,4.477336814478207,True,False,1.5705588423095536
0,1.0,3.0,7,7,97.0,0,1,4.795790545596741,False,False,7.279133709454107
1,1.0,1.0,4,19,100.0,1,4,5.424950017481403,False,False,0.7801515572773075
0,0.5,1.0,1,13,91.0,0,3,4.330733340286331,True,False,24.619345785188067
0,2.0,1.0,3,7,94.0,1,1,3.8501476017100584,True,False,15.176785294194426
1,1.0,2.0,2,1,80.0,1,7,5.3981627015177525,False,False,4.5382006352391455
1,1.0,1.0,1,9,98.0,1,4,4.110873864173311,True,False,14.937745510239852
0,1.0,2.0,2,5,100.0,0,2,5.017279836814924,False,False,2.344012444619778
0,1.0,2.0,14,8,93.0,0,1,4.574710978503383,False,False,15.599858738839233
0,1.0,1.0,1,6,90.0,1,1,4.189654742026425,True,False,5.144134059334579
1,2.0,5.0,5,4,85.0,1,50,5.929589143389895,False,False,15.467075400369596
1,1.0,1.0,1,8,95.0,1,1,4.174387269895637,True,False,0.9181101662937804
1,1.0,1.0,5,75,98.0,0,2,4.867534450455582,False,False,3.9285896718085294
1,1.5,4.0,2,48,93.0,0,1,5.860786223465865,False,False,5.79086096476888
0,1.0,3.0,1,86,94.0,0,1,4.574710978503383,False,False,1.7082624084034825
0,2.0,4.0,1,1,100.0,1,3,5.638354669333745,False,False,19.001988881218292
0,1.0,1.0,1,18,100.0,1,1,4.110873864173311,True,False,5.821173316413694
0,1.0,1.0,2,6,97.0,0,1,5.198497031265826,False,False,3.994214712096276
0,1.0,2.0,4,5,100.0,1,1,5.14166355650266,False,False,1.1084175576854145
0,1.0,1.0,1,76,94.0,1,2,4.477336814478207,False,False,0.6164434043192467
0,0.5,2.0,1,3,73.0,1,5,3.58351893845611,True,False,25.977925724341528
0,2.0,1.0,1,3,93.0,1,1,3.58351893845611,True,False,7.287999217995418
0,1.0,1.0,2,22,87.0,0,13,5.111987788356544,False,False,1.1159512507950187
0,1.0,1.0,1,4,95.0,0,1,3.6888794541139363,False,True,1.1048904380832498
0,1.0,2.0,3,85,93.0,1,2,4.983606621708336,False,False,2.0933067607278133
0,1.0,2.0,1,10,92.0,0,2,4.700480365792417,False,False,0.7118431393925602
1,5.0,1.0,3,9,98.0,1,5,4.3694478524670215,True,False,0.8764324915580327
0,1.0,3.0,10,13,92.0,0,1,4.948759890378168,False,False,6.734939388613728
0,1.0,1.0,7,2,100.0,0,1,3.8918202981106265,False,False,29.78996096491581
1,1.0,1.0,2,77,96.0,0,1,3.8918202981106265,True,False,5.4375331977380075
1,1.0,1.0,1,6,80.0,1,38,6.396929655216146,False,False,0.5807032189697349
1,1.0,1.0,2,58,97.0,1,1,4.394449154672439,False,False,6.81714569138385
0,2.5,5.0,7,1,100.0,0,1,5.860786223465865,False,False,9.8363826163998
0,1.0,1.0,1,5,100.0,1,1,4.875197323201151,False,False,2.1144256417632383
0,1.0,1.0,5,22,98.0,0,4,4.836281906951478,False,False,1.3917946259866538
0,2.0,3.0,3,1,100.0,0,10,6.133398042996649,False,False,0.24174352681539898
0,1.0,1.0,1,3,100.0,1,5,4.418840607796598,True,False,28.978089497898832
0,1.0,2.0,2,24,98.0,1,1,4.61512051684126,False,False,12.718265477759582
0,2.5,4.0,1,3,93.0,1,12,5.707110264748875,True,False,2.6787083956049793
1,1.0,1.0,3,4,100.0,0,3,3.6888794541139363,True,False,20.095319979571997
0,1.0,3.0,1,4,93.0,1,16,4.61512051684126,True,False,5.349735746182437
0,1.0,2.0,2,6,100.0,0,1,4.74493212836325,False,False,3.7716220116286228
0,1.0,1.0,7,24,98.0,0,2,4.919980925828125,False,False,0.7573675964396106
0,1.0,1.0,3,11,95.0,0,2,4.110873864173311,True,False,6.274224052644818
0,2.0,1.0,5,10,98.0,0,4,3.871201010907891,True,False,18.87454262787123
0,1.0,1.0,1,4,90.0,1,9,4.727387818712341,False,False,4.523404687264409
0,1.0,2.0,7,2,100.0,0,1,4.875197323201151,False,False,8.829096573025314
0,2.0,3.0,3,27,84.0,0,3,5.480638923341991,False,False,15.156608199739365
0,1.0,5.0,7,123,93.0,0,1,4.795790545596741,False,False,2.31177067899982
0,1.0,2.0,30,5,93.0,0,1,4.5217885770490405,False,False,0.9551401817289467
0,1.0,1.0,2,1,100.0,1,2,5.262690188904886,False,False,6.37081286639879
0,1.0,3.0,3,1,80.0,1,1,4.51085950651685,False,False,6.060151921823043
0,2.0,3.0,1,16,93.0,1,1,5.236441962829949,False,False,0.9097319959248322
1,1.0,1.0,3,17,99.0,1,1,4.61512051684126,False,False,6.401776713053994
0,1.0,1.0,1,4,95.0,1,1,4.110873864173311,True,False,3.1248375202827083
0,1.0,1.0,2,8,89.0,0,2,4.07753744390572,True,False,9.228577854945712
0,2.0,2.0,2,5,100.0,0,1,5.298317366548036,False,False,52.496005372630556
0,1.0,2.0,1,2,80.0,1,50,5.480638923341991,False,False,3.9892335888619113
0,1.0,1.0,1,1,100.0,1,50,4.276666119016055,True,False,10.63433967134445
1,1.0,2.0,1,81,99.0,0,1,4.61512051684126,False,False,4.714406538301118
1,1.5,3.0,2,7,93.0,0,2,4.394449154672439,False,False,12.682715039975323
1,1.0,2.0,1,24,94.0,1,2,4.382026634673881,False,False,1.1422321722810957
0,2.0,2.0,1,21,90.0,1,10,4.110873864173311,True,False,9.609335800427512
0,1.0,3.0,1,31,86.0,0,5,5.003946305945459,False,False,1.9211909759961308
0,1.0,1.0,10,5,88.0,0,2,6.2166061010848646,True,False,1.7669413604451716
0,2.0,4.0,1,73,88.0,1,1,5.529429087511423,False,False,0.4769343772730591
0,1.0,3.0,1,10,100.0,1,28,5.017279836814924,False,False,2.084148886860733
0,1.0,4.0,1,53,96.0,0,11,4.867534450455582,False,False,1.5015073689430245
0,2.0,1.0,3,9,98.0,0,1,4.7535901911063645,False,False,4.7818805168035725
1,1.0,1.0,3,18,99.0,1,1,4.836281906951478,False,False,8.644295275847327
0,1.0,1.0,1,1,80.0,1,2,3.9318256327243257,True,False,13.358007157478285
0,1.0,2.0,1,5,56.0,0,1,4.007333185232471,True,False,0.9680724469756647
0,1.0,2.0,2,113,95.0,0,2,4.919980925828125,False,False,5.751003016820903
1,1.0,1.0,3,41,100.0,0,6,4.394449154672439,False,False,4.075887536193549
0,3.0,6.0,1,3,100.0,1,50,5.598421958998375,False,False,40.54621596479048
0,1.0,4.0,1,32,88.0,1,36,4.983606621708336,False,False,0.699440178030758
1,2.0,2.0,1,130,98.0,0,1,4.948759890378168,False,False,1.2057321184145042
0,1.0,1.0,1,4,85.0,1,1,4.5217885770490405,False,False,2.6341512350377427
0,1.0,1.0,2,7,94.0,1,1,4.330733340286331,True,False,0.7872393236641962
1,1.0,1.0,3,1,100.0,0,2,4.59511985013459,False,False,0.5080077290866001
0,3.5,6.0,1,32,91.0,1,1,5.241747015059643,False,False,15.275993748697905
0,1.0,2.0,1,3,87.0,1,50,4.875197323201151,False,False,0.4811677343813513
0,1.0,2.0,1,21,93.0,0,2,5.3981627015177525,False,False,5.495315865165778
0,1.0,1.0,1,3,100.0,1,2,3.8918202981106265,True,False,7.531414324284613
1,1.0,1.0,5,18,99.0,1,1,3.9512437185814275,True,False,8.02989764496049
0,1.0,2.0,1,44,97.0,1,6,5.1647859739235145,False,False,0.1027208683138671
0,1.0,3.0,1,33,86.0,0,7,5.0689042022202315,False,False,0.8137276254930131
0,1.0,2.0,2,21,97.0,1,1,5.3981627015177525,False,False,4.394394100018135
0,1.0,2.0,2,2,100.0,1,1,5.351858133476067,False,False,2.5074236863936417
0,1.0,1.0,1,2,100.0,1,1,3.4339872044851463,True,False,17.911993149851316
0,1.0,1.0,2,4,93.0,1,1,4.02535169073515,True,False,5.447945857595786
1,2.0,8.0,1,33,97.0,0,18,5.955837369464831,False,False,1.5462620922524002
0,3.0,5.0,4,20,98.0,1,9,6.311734809152915,False,False,0.7778158530471633
0,1.0,2.0,1,2,100.0,1,50,4.700480365792417,False,False,0.9698814333639064
0,1.0,1.0,2,14,97.0,1,7,4.836281906951478,False,False,0.6962203149125625
0,2.5,6.0,2,11,98.0,0,1,6.2166061010848646,False,False,6.718774545517242
1,1.0,2.0,3,200,96.0,1,5,5.1647859739235145,False,False,3.344567875509617
0,1.0,1.0,2,14,93.0,1,1,4.574710978503383,False,False,2.9534936279466186
0,2.5,5.0,5,3,100.0,1,1,5.820082930352362,False,False,3.540221944274952
0,1.0,3.0,1,4,100.0,0,9,4.836281906951478,False,False,0.8964509184192198
1,2.5,3.0,2,4,100.0,0,4,5.993961427306569,False,False,1.0216876116861633
0,1.0,1.0,3,1,100.0,0,1,4.418840607796598,False,False,8.58488688925481
0,1.0,1.0,1,1,100.0,0,1,3.8501476017100584,True,False,4.105809219908467
0,1.0,1.0,3,2,100.0,1,1,4.189654742026425,True,False,2.7680041717240904
0,1.0,4.0,1,13,88.0,1,36,4.948759890378168,False,False,0.4850829960545534
1,1.0,2.0,1,11,98.0,0,1,5.298317366548036,False,False,0.9378700268613109
0,1.0,1.0,1,23,90.0,1,50,4.700480365792417,False,False,5.914985853324171
0,2.0,2.0,2,13,85.0,1,15,4.836281906951478,False,False,1.8417238123830213
0,1.0,1.0,14,32,91.0,0,1,4.465908118654584,False,False,1.6816600597103142
1,1.0,2.0,1,137,97.0,1,10,4.7535901911063645,False,False,0.4332639861342182
0,1.0,1.0,2,18,92.0,1,11,4.51085950651685,True,False,24.47062909010192
0,1.0,3.0,28,1,80.0,0,1,5.198497031265826,False,False,6.387193135041645
0,1.0,1.0,3,7,87.0,1,1,4.330733340286331,True,False,9.837197784404918
0,1.0,2.0,2,20,96.0,0,1,5.231108616854587,False,False,1.0718181872606631
1,1.0,1.0,2,92,96.0,0,2,4.330733340286331,False,False,5.26099432682818
1,1.0,2.0,3,200,100.0,1,5,4.983606621708336,False,False,0.6250918773983015
0,1.0,2.0,21,1,100.0,0,1,4.9344739331306915,False,False,3.1290908712792445
1,2.5,5.0,3,25,99.0,0,3,5.929589143389895,False,False,15.67216434390057
0,1.0,1.0,4,1,100.0,1,1,4.787491742782046,False,False,3.8986405162661093
1,1.0,2.0,2,200,98.0,0,1,4.795790545596741,False,False,0.6286612000162116
0,2.0,2.0,3,4,90.0,1,50,4.836281906951478,False,False,3.821997011813208
0,1.0,4.0,4,162,84.0,1,3,4.382026634673881,False,False,11.792008090621579
1,1.0,1.0,1,9,96.0,1,1,3.9318256327243257,True,False,1.3725542115135927
1,1.0,2.0,3,36,96.0,0,1,4.61512051684126,False,False,12.500329327544078
0,1.0,2.0,1,8,83.0,1,23,4.6913478822291435,False,False,3.886031394008666
0,1.0,2.0,1,14,88.0,0,5,5.703782474656201,False,False,1.9806342958311987
0,1.5,2.0,7,1,100.0,0,1,4.51085950651685,False,False,7.480583420011484
0,1.0,1.0,1,2,100.0,0,1,4.276666119016055,True,False,20.271285920600675
0,1.0,1.0,3,3,93.0,0,1,4.875197323201151,False,False,5.350895596521141
0,1.0,1.0,1,5,100.0,0,11,4.836281906951478,False,False,1.933687332793213
0,2.0,8.0,2,1,80.0,0,14,5.198497031265826,False,False,7.2191907353915115
0,1.0,2.0,1,8,93.0,1,1,5.087596335232384,False,False,0.7651464393371923
0,1.0,2.0,1,34,96.0,1,3,5.298317366548036,False,False,38.69810937457209
0,1.0,1.0,1,2,80.0,1,1,3.58351893845611,True,False,0.9456548253639676
1,1.0,1.0,2,73,96.0,1,6,4.948759890378168,False,False,0.9149199754708426
1,1.0,1.0,1,8,90.0,1,1,3.9318256327243257,True,False,13.05254556790536
0,1.0,1.0,1,39,91.0,1,1,4.795790545596741,False,False,5.742208952715657
0,1.0,2.0,2,37,94.0,1,1,5.111987788356544,False,False,1.852372109107332
1,1.5,5.0,2,51,99.0,0,3,5.135798437050262,False,False,7.711678027743502
0,1.0,1.0,3,73,92.0,1,2,4.543294782270004,False,False,5.882140975770468
0,1.0,3.0,1,31,97.0,1,24,5.529429087511423,False,False,0.44144378348507385
0,1.0,1.0,1,6,80.0,1,11,4.07753744390572,True,False,0.8069131311464661
0,2.0,3.0,2,1,80.0,1,4,5.19295685089021,False,False,0.8038246178168291
0,1.0,1.0,1,2,100.0,0,1,3.9318256327243257,True,False,17.707976874917954
0,1.0,1.0,3,2,100.0,0,2,4.394449154672439,True,False,2.9310158091973015
1,1.0,1.0,2,35,99.0,0,2,4.3694478524670215,True,False,6.55207018373882
1,1.0,1.0,2,35,96.0,1,1,4.248495242049359,False,False,7.08388432590948
0,1.0,1.0,1,13,100.0,0,8,4.110873864173311,True,False,23.858114445447836
0,1.0,2.0,3,3,100.0,1,1,4.442651256490317,False,False,17.674278832697063
0,1.0,2.0,1,34,93.0,1,25,4.9344739331306915,False,False,0.8386368259778135
0,1.0,1.0,2,8,98.0,0,1,4.51085950651685,True,False,2.6870537789404505
0,1.0,1.0,2,11,98.0,1,1,4.890349128221754,False,False,7.209855614172026
0,1.0,1.0,1,4,90.0,1,31,4.700480365792417,False,False,14.086103930692847
0,1.0,1.0,1,3,100.0,1,2,3.7612001156935624,True,False,26.894010591176976
0,1.0,1.0,1,2,90.0,1,1,3.8501476017100584,True,False,5.901210492065258
0,1.0,3.0,2,32,88.0,0,8,5.393627546352362,False,False,0.43511819117927697
1,1.0,4.0,1,96,96.0,0,1,4.51085950651685,False,False,3.3670042699738723
0,1.0,1.0,1,200,88.0,1,5,4.77912349311153,False,False,0.8677473927435484
1,1.0,1.0,1,55,97.0,0,3,3.8501476017100584,True,False,3.90264435010193
0,1.0,2.0,1,2,100.0,1,1,5.3612921657094255,True,False,22.626433157723053
1,1.0,2.0,28,31,97.0,1,5,4.394449154672439,False,False,3.403364567114471
0,1.0,1.0,2,13,95.0,1,1,4.060443010546419,True,False,17.781838117752724
1,1.0,1.0,3,12,100.0,0,2,4.189654742026425,True,False,14.915183706230728
1,1.0,1.0,1,49,97.0,1,18,4.394449154672439,False,False,0.5886653999195935
0,1.0,1.0,1,21,99.0,1,4,4.110873864173311,True,False,41.38882150255931
1,1.0,1.0,2,4,85.0,1,3,3.58351893845611,True,False,23.338543384612763
1,1.0,2.0,1,52,97.0,0,1,5.5053315359323625,False,False,1.677793017165594
0,1.0,1.0,1,5,88.0,1,36,5.017279836814924,False,False,1.342300733328256
0,1.0,1.0,1,2,100.0,0,1,3.9318256327243257,True,False,2.9110548618997805
0,1.0,1.0,1,10,91.0,1,1,3.9318256327243257,True,False,0.9452370838620481
0,1.0,1.0,1,8,85.0,1,1,4.61512051684126,True,False,16.376469657901502
1,1.0,8.0,4,29,98.0,0,1,4.919980925828125,False,False,6.34890432081356
0,2.0,6.0,2,33,92.0,0,1,4.9344739331306915,False,False,21.70452205114616
0,1.0,3.0,1,162,95.0,1,1,4.663439094112067,False,False,2.173254841663626
1,2.0,3.0,2,17,96.0,0,3,3.8066624897703196,True,False,7.235977057740614
0,2.0,2.0,1,4,87.0,1,1,4.919980925828125,False,False,6.450965081011024
0,2.0,2.0,1,12,100.0,1,1,5.707110264748875,False,True,2.0264717272386763
1,1.0,1.0,2,27,97.0,0,2,4.574710978503383,False,False,6.4546781693261615
0,1.0,1.0,1,1,100.0,0,1,3.9318256327243257,True,False,5.54170996724278
0,2.0,7.0,1,124,93.0,1,1,4.61512051684126,False,False,13.400848361199474
0,1.0,2.0,2,6,97.0,0,1,5.14166355650266,False,False,4.638614677280878
1,1.0,1.0,5,16,99.0,0,2,3.713572066704308,True,False,19.723392462074866
0,2.5,4.0,3,12,85.0,1,14,3.258096538021482,False,True,13.952680955458908
1,3.5,4.0,1,19,99.0,1,6,4.68213122712422,False,False,19.6516941009513
0,1.0,1.0,2,6,100.0,1,1,5.003946305945459,False,False,2.21586878090764
0,1.5,2.0,2,36,89.0,1,7,5.293304824724492,False,False,2.4270827391691383
1,1.0,1.0,1,25,99.0,0,1,4.61512051684126,False,False,3.136014779750037
0,1.0,1.0,3,12,95.0,0,1,4.663439094112067,False,False,4.414419901032981
0,1.0,2.0,1,3,100.0,1,1,4.7535901911063645,False,False,1.084160263396697
1,2.0,1.0,1,32,94.0,1,2,4.189654742026425,True,False,1.358248809528587
0,3.0,4.0,5,1,100.0,0,1,5.545177444479562,False,False,13.453917476472945
0,1.0,1.0,1,22,99.0,0,1,4.875197323201151,False,False,2.1364471099783766
0,1.0,1.0,2,14,97.0,1,1,5.529429087511423,False,False,48.19464232002568
0,3.0,6.0,1,18,98.0,0,3,6.68586094706836,False,False,51.626784912827794
0,1.0,1.0,1,1,100.0,0,1,4.442651256490317,True,False,7.079742693094537
1,2.0,2.0,4,27,100.0,0,2,5.703782474656201,False,False,3.301982827951241
0,1.0,3.0,2,2,90.0,1,50,5.293304824724492,False,False,4.427019300393765
0,1.5,4.0,2,2,100.0,1,1,5.981414211254481,False,False,51.719020213621405
1,1.0,1.0,3,144,100.0,0,2,4.9344739331306915,False,False,0.7770944075965021
0,1.0,1.0,2,12,87.0,1,1,4.61512051684126,False,False,1.3108516040546805
1,1.0,1.0,1,51,94.0,1,41,4.700480365792417,False,False,0.9150121488775853
0,1.0,1.0,1,52,93.0,1,1,5.1647859739235145,False,False,5.149159061422152
0,1.0,1.0,3,8,100.0,0,1,4.189654742026425,True,False,5.9456519296141135
0,3.0,8.0,1,11,96.0,0,8,6.040254711277414,False,False,22.502921526142217
1,1.0,1.0,3,58,96.0,0,2,3.58351893845611,True,False,23.27468675502018
0,2.0,1.0,1,2,100.0,0,2,3.6109179126442243,True,False,18.843430058589803
1,1.0,1.0,2,11,98.0,0,1,4.700480365792417,True,False,36.956018839186505
0,1.0,2.0,2,56,96.0,1,1,4.61512051684126,False,False,14.013881226201747
0,1.0,1.0,2,1,60.0,1,2,3.8501476017100584,True,False,16.322299523140295
0,1.0,2.0,1,64,94.0,1,2,3.6109179126442243,True,False,1.0794493012459572
0,1.0,2.0,12,71,96.0,0,1,5.087596335232384,False,False,1.2611765084228017
1,1.0,1.0,2,6,90.0,1,6,5.087596335232384,False,False,0.8651671725584663
1,1.0,1.0,3,62,97.0,0,1,4.189654742026425,True,False,5.986603880525267
0,1.0,1.0,2,10,96.0,1,1,5.017279836814924,True,False,0.9795341210721447
1,2.0,2.0,1,6,100.0,1,17,5.176149732573829,False,False,10.234981907042146
1,1.0,1.0,1,37,95.0,0,1,3.9318256327243257,True,False,5.721578393678376
0,1.0,1.0,1,5,100.0,1,27,4.969813299576001,False,False,4.370689770834202
1,2.0,3.0,1,13,100.0,1,4,5.198497031265826,False,False,1.907239277968254
0,1.0,1.0,3,4,100.0,1,2,4.700480365792417,False,False,3.595561006567036
1,1.0,2.0,1,200,100.0,1,1,5.198497031265826,False,False,35.947511967303704
0,1.0,3.0,1,25,94.0,1,4,4.700480365792417,False,False,0.49174932625792955
0,1.0,5.0,3,15,89.0,1,1,5.017279836814924,False,False,10.195994575961395
1,1.0,1.0,2,33,96.0,0,2,4.983606621708336,False,False,1.2926762862334442
0,1.0,1.0,1,4,100.0,0,1,4.276666119016055,True,False,19.996142038967385
0,1.0,2.0,1,7,94.0,1,1,4.61512051684126,False,False,4.52288454366042
0,2.5,6.0,3,1,80.0,0,1,6.68586094706836,False,False,38.615111853235135
0,2.0,3.0,1,77,91.0,1,22,5.278114659230517,False,False,0.6916729722308315
0,1.0,2.0,3,2,90.0,1,3,4.23410650459726,False,False,13.355662805593536
0,1.0,2.0,3,21,99.0,1,1,4.276666119016055,False,False,3.8020621393348946
0,2.0,2.0,1,7,91.0,1,27,5.087596335232384,False,False,0.7789461481719658
0,1.0,2.0,1,64,93.0,0,3,4.875197323201151,False,False,0.8109055019553247
0,1.0,2.0,2,112,94.0,0,1,5.25227342804663,False,False,1.0933379582329585
0,1.0,2.0,1,2,100.0,1,7,4.919980925828125,False,False,0.4304515081099684
0,2.0,2.0,3,3,100.0,0,1,6.144185634125646,False,False,3.5072960209411073
0,1.0,1.0,5,2,80.0,1,1,3.9318256327243257,True,False,1.0293420210270043
1,1.0,3.0,3,75,98.0,0,1,5.153291594497779,False,False,6.139715041708654
0,1.0,1.0,1,6,97.0,1,24,4.795790545596741,False,False,0.33583460709076496
0,1.0,1.0,1,17,99.0,1,17,4.189654742026425,True,False,1.880162512481811
1,1.0,1.0,3,2,100.0,1,26,4.997212273764115,False,False,5.619946551819217
0,1.0,1.0,1,32,96.0,0,1,3.9889840465642745,True,False,27.62539882346416
1,2.0,3.0,1,126,96.0,0,3,5.017279836814924,False,False,5.630599919203816
0,2.0,1.0,13,1,100.0,0,2,3.6109179126442243,True,False,15.626074130251942
0,1.0,3.0,2,1,80.0,1,2,5.327876168789581,False,False,0.688236336917125
1,1.0,1.0,3,12,97.0,0,1,4.61512051684126,False,False,11.644027708965657
0,1.5,2.0,2,36,98.0,0,1,5.198497031265826,False,False,0.2907601747482735
0,1.0,1.0,2,37,94.0,1,1,4.61512051684126,False,False,6.814964593485166
0,2.0,2.0,2,2,100.0,0,3,4.795790545596741,False,False,21.97031050389456
0,1.0,2.0,1,9,87.0,1,23,4.795790545596741,False,False,0.5730772485714829
0,1.0,1.0,2,30,97.0,0,50,4.919980925828125,False,False,3.089913406838151
0,1.5,2.0,1,1,100.0,1,1,5.19295685089021,True,False,24.65395014584196
0,1.0,2.0,2,7,100.0,1,1,5.017279836814924,False,False,5.341865376597284
1,1.0,1.0,4,133,97.0,0,10,4.795790545596741,False,False,2.708917863465671
0,1.0,1.0,1,71,98.0,1,4,4.189654742026425,True,False,41.285729195310246
0,1.0,3.0,3,5,96.0,0,1,4.836281906951478,False,False,3.292639699928724
0,1.0,3.0,1,156,91.0,1,3,4.5217885770490405,False,False,61.585266219003955
0,2.0,3.0,1,4,85.0,0,3,4.07753744390572,True,False,18.832577453063273
1,1.0,1.0,3,10,98.0,1,2,4.143134726391533,True,False,18.057926558470243
1,2.0,3.0,1,135,99.0,0,1,5.278114659230517,False,False,2.9880294964520346
1,1.0,2.0,2,55,99.0,1,1,4.795790545596741,False,False,36.64555277045523
0,1.0,2.0,1,47,91.0,1,2,4.836281906951478,False,False,0.8305599399135213
0,2.5,4.0,2,7,100.0,0,3,5.8289456176102075,False,False,13.123845322363792
1,1.0,2.0,2,11,96.0,1,7,4.61512051684126,False,False,1.6848115251870848
0,1.0,1.0,1,4,100.0,0,1,4.330733340286331,True,False,4.770836939035729
0,2.0,3.0,7,1,100.0,0,1,5.707110264748875,False,False,7.654897725620536
0,3.0,5.0,2,52,98.0,1,38,5.963579343618446,False,False,1.8910142376812802
0,1.0,2.0,1,31,89.0,0,1,4.61512051684126,False,False,10.800531921387895
0,1.0,1.0,4,13,86.0,0,1,4.02535169073515,True,False,1.407175484498086
1,1.0,2.0,1,34,99.0,0,1,4.700480365792417,False,False,0.8009830817045048
1,1.0,1.0,1,200,99.0,0,1,4.330733340286331,True,False,2.1169943817496533
0,1.0,2.0,2,23,95.0,1,1,4.852030263919617,False,False,4.545685026507646
0,1.0,1.0,2,32,94.0,0,5,4.700480365792417,False,False,4.81000833109843
1,1.0,1.0,2,84,98.0,0,2,4.836281906951478,False,False,5.399370087101045
1,2.0,3.0,1,162,97.0,1,17,5.017279836814924,False,False,1.0238724914004627
0,1.0,1.0,1,35,90.0,0,2,3.6109179126442243,True,False,8.15836612765282
0,1.0,1.0,1,9,89.0,1,50,4.875197323201151,False,False,1.698552253211362
0,1.0,1.0,1,9,97.0,0,2,4.394449154672439,False,False,3.183873823257821
0,1.0,2.0,1,21,96.0,0,5,4.574710978503383,False,False,5.233473081265242
0,1.0,2.0,1,11,95.0,0,3,3.4339872044851463,True,False,18.875916723392006
0,1.0,1.0,3,2,90.0,0,1,4.442651256490317,True,False,1.6482430467537632
0,1.0,2.0,3,1,80.0,1,8,4.948759890378168,False,False,0.2188099348980877
0,2.0,5.0,5,5,85.0,1,1,5.564520407322694,False,False,4.349409373856706
0,2.0,1.0,3,7,100.0,1,2,3.713572066704308,True,False,24.731768304082536
0,1.5,1.0,1,1,100.0,1,5,4.762173934797756,False,False,34.17615691539135
0,1.0,1.0,2,7,100.0,1,1,4.330733340286331,False,False,16.51868899002356
0,1.0,1.0,4,4,95.0,0,1,5.25227342804663,False,False,3.1883248799529316
0,1.0,1.0,1,2,100.0,0,1,4.574710978503383,True,False,1.1307330125735406
1,2.5,4.0,1,42,95.0,1,1,5.19295685089021,False,False,17.793458706054246
0,1.0,2.0,3,2,100.0,0,1,4.795790545596741,False,False,6.459867377942589
1,1.5,1.0,1,96,93.0,0,4,4.442651256490317,True,False,2.044375938533367
1,1.0,2.0,2,47,98.0,0,1,4.867534450455582,False,False,32.837577520240785
0,1.0,1.0,2,6,100.0,0,1,3.871201010907891,True,False,11.939785830596877
0,1.5,3.0,2,36,96.0,0,1,5.017279836814924,False,False,8.977443054021597
0,1.0,8.0,2,6,97.0,0,1,5.37989735354046,False,False,26.155237027831724
0,1.0,1.0,1,2,90.0,0,3,4.6913478822291435,True,False,28.032390469566742
1,1.0,1.0,2,19,100.0,1,1,4.276666119016055,True,False,3.6472007505260104
0,2.0,4.0,3,64,95.0,1,50,5.1298987149230735,False,False,1.9638689134391814
0,1.0,1.0,2,12,93.0,0,1,4.394449154672439,False,False,3.4564528386332696
0,1.0,1.0,3,1,100.0,0,1,3.58351893845611,True,False,10.50826737750404
1,2.5,3.0,1,12,98.0,1,1,4.836281906951478,False,False,11.69883836457733
0,1.5,1.0,2,12,98.0,0,1,3.6375861597263857,True,False,7.096981050683721
0,1.0,2.0,2,30,88.0,0,1,4.61512051684126,False,False,2.2870182686461633
1,1.0,1.0,3,41,94.0,1,1,4.110873864173311,True,False,1.87627727194172
0,1.0,1.0,1,16,93.0,1,38,4.890349128221754,False,False,13.41684988630269
0,2.0,2.0,2,20,96.0,1,30,4.795790545596741,False,False,16.257152809748735
0,1.5,1.0,30,12,93.0,0,1,4.875197323201151,False,False,0.9729379434616439
1,3.0,1.0,4,7,100.0,1,9,3.9889840465642745,True,False,5.893774472687196
0,1.0,1.0,1,3,100.0,1,15,4.727387818712341,False,False,4.488813967809653
1,1.0,1.0,2,150,94.0,1,2,4.276666119016055,True,False,6.260796152168856
0,1.0,2.0,2,15,94.0,0,1,5.017279836814924,False,False,4.4756103731670835
0,1.0,1.0,1,1,80.0,0,1,3.9318256327243257,True,False,36.298255909410614
0,1.0,2.0,1,1,100.0,0,1,5.707110264748875,False,False,5.9147175359167115
0,1.5,3.0,2,19,99.0,0,1,4.787491742782046,False,False,0.6899977675584036
0,1.0,2.0,7,2,100.0,0,1,5.087596335232384,False,False,6.697105599530842
1,1.0,1.0,1,84,98.0,1,1,3.871201010907891,True,False,27.844232224063383
0,1.0,3.0,2,3,100.0,1,1,4.68213122712422,False,False,3.945512539507537
1,1.0,4.0,1,148,97.0,1,8,4.9344739331306915,False,False,0.31297564439048947
0,2.5,3.0,2,4,90.0,0,1,6.2166061010848646,False,False,2.5369624391382573
0,1.0,1.0,2,2,90.0,0,3,4.442651256490317,True,False,0.42568050865750084
0,1.0,5.0,2,14,94.0,0,24,5.198497031265826,False,False,5.3348489329737845
0,1.0,1.0,2,47,99.0,0,2,4.700480365792417,True,False,3.948963538652621
0,1.0,2.0,1,8,98.0,0,1,4.442651256490317,True,False,0.8057525640021127
1,1.0,2.0,2,10,92.0,1,2,4.442651256490317,False,False,0.6138630594358458
0,1.5,1.0,1,31,98.0,0,8,3.8918202981106265,True,False,23.412994606503204
0,2.0,5.0,1,4,90.0,1,3,5.666426688112432,False,False,0.7696159859078255
1,2.0,3.0,3,76,99.0,1,4,5.66988092298052,False,False,0.6119469040492979
1,1.0,1.0,2,78,99.0,1,1,3.4339872044851463,True,False,4.781355458072175
1,1.0,1.0,3,166,98.0,1,1,4.663439094112067,True,False,0.4751949244629501
1,2.0,5.0,1,44,96.0,1,29,4.61512051684126,False,False,0.9318325914935288
1,1.0,1.0,1,72,99.0,1,1,4.110873864173311,True,False,6.547157198090426
1,1.0,1.0,1,9,98.0,1,3,4.867534450455582,False,False,4.946197748664256
0,1.0,2.0,2,74,93.0,1,47,5.25227342804663,False,False,4.127061159465883
0,1.0,2.0,1,9,100.0,0,1,5.198497031265826,False,False,45.828046670021436
1,1.0,2.0,2,78,96.0,1,1,4.983606621708336,False,False,6.673702760147414
0,1.0,1.0,2,8,100.0,1,2,5.017279836814924,False,False,0.7440352766338052
1,1.0,2.0,2,28,99.0,1,1,5.278114659230517,False,False,3.604193910724569
0,1.5,1.0,3,3,100.0,0,1,3.713572066704308,True,False,2.425919994760322
0,1.0,1.0,2,14,87.0,0,1,3.713572066704308,True,False,23.389684413680623
0,1.0,3.0,1,6,93.0,1,5,4.7535901911063645,True,False,20.357554082393907
0,1.0,2.0,2,1,100.0,0,1,4.499809670330265,False,False,22.743465334142616
0,1.0,1.0,2,8,93.0,0,2,4.174387269895637,True,False,18.959754461571553
1,1.0,2.0,1,25,96.0,1,1,4.290459441148391,True,False,7.858350899833578
0,2.0,3.0,2,38,92.0,1,11,5.298317366548036,False,False,1.4486636884288238
0,2.0,2.0,5,4,95.0,0,2,5.424950017481403,False,False,5.541569598096914
0,1.5,2.0,3,24,98.0,0,2,4.997212273764115,False,False,5.537078932295519
0,1.0,2.0,1,1,100.0,0,2,4.948759890378168,False,False,2.1260735837793945
1,2.0,2.0,1,26,98.0,1,17,5.117993812416755,False,False,4.902654863232895
0,2.0,3.0,1,122,91.0,1,2,5.14166355650266,False,False,1.263661777916935
0,2.0,2.0,2,3,100.0,0,2,5.14166355650266,False,False,3.9058677498683925
0,1.5,1.0,1,4,90.0,0,1,3.6375861597263857,True,False,8.359972149000958
1,2.0,3.0,1,12,97.0,0,1,5.480638923341991,False,False,14.76809064975854
0,1.0,1.0,2,1,80.0,0,1,4.499809670330265,True,False,8.023271020339347
0,2.0,6.0,1,5,88.0,1,3,5.19295685089021,False,False,34.02912077202502
0,1.0,1.0,4,1,100.0,1,10,4.700480365792417,False,False,0.4018759311040601
0,2.0,1.0,4,29,85.0,1,7,4.02535169073515,True,False,0.7969363480784635
0,1.0,1.0,3,14,91.0,0,7,5.087596335232384,False,False,1.5586362051388158
0,1.0,1.0,1,1,100.0,1,2,3.295836866004329,True,False,11.070132000590418
1,1.0,1.0,1,24,100.0,0,2,4.060443010546419,True,False,7.9706741790465205
0,1.0,1.0,3,1,80.0,0,2,4.276666119016055,True,False,0.8595443611893815
0,1.0,1.0,2,12,85.0,1,2,4.143134726391533,True,False,6.921610539075186
0,1.0,2.0,2,38,93.0,0,1,4.394449154672439,False,False,4.590709427945591
1,2.0,1.0,1,23,100.0,0,1,4.394449154672439,True,False,6.201782739181689
0,2.0,2.0,2,28,97.0,0,1,5.707110264748875,False,False,0.7419193198208915
1,1.0,1.0,3,59,97.0,0,1,4.276666119016055,True,False,5.001115386670397
1,1.0,2.0,1,6,93.0,1,6,4.442651256490317,False,False,0.6753212499937163
1,1.0,2.0,2,53,98.0,0,1,4.394449154672439,False,False,9.310441546935554
0,1.0,2.0,3,20,95.0,0,1,4.948759890378168,False,False,0.5211815744919442
0,1.0,1.0,2,1,100.0,1,1,4.189654742026425,True,False,12.334005753468109
1,1.0,1.0,1,45,96.0,1,1,4.77912349311153,False,False,1.4266357241004197
1,1.0,3.0,1,30,97.0,0,4,4.394449154672439,True,False,11.283335833285939
0,1.0,1.0,1,5,96.0,0,1,4.110873864173311,True,False,8.10563008807419
0,1.0,1.0,1,8,100.0,1,1,4.143134726391533,True,False,0.9206011526458153
0,2.0,2.0,1,1,80.0,0,3,4.875197323201151,False,False,3.6596515258355335
0,1.0,1.0,7,1,80.0,0,2,3.713572066704308,True,False,5.870543740997958
0,1.0,1.0,2,4,95.0,0,1,4.418840607796598,False,False,2.240187073312686
0,2.5,6.0,2,4,80.0,1,26,5.5909869805108565,False,False,13.49139263562931
1,1.0,1.0,3,64,96.0,0,1,4.442651256490317,True,False,7.788420363477141
0,1.0,1.0,1,8,100.0,1,1,4.795790545596741,False,False,16.460393771056957
1,2.0,2.0,2,32,100.0,1,5,5.655991810819852,False,False,0.7078640304385512
0,1.5,2.0,3,8,93.0,0,1,5.4638318050256105,False,False,2.464006636940737
0,1.0,1.0,2,13,95.0,0,1,3.9318256327243257,True,False,6.150496341946745
0,1.0,1.0,1,6,100.0,0,2,3.295836866004329,True,False,4.558167200973023
0,1.0,1.0,2,3,100.0,0,1,5.017279836814924,False,False,6.286652630165714
1,2.0,1.0,1,20,92.0,1,2,3.5263605246161616,True,False,21.004577511363962
0,1.0,1.0,1,21,97.0,1,1,3.9318256327243257,True,False,11.290030827227728
0,1.0,2.0,2,3,93.0,1,2,4.574710978503383,False,False,4.507507213181017
0,1.0,1.0,2,7,100.0,0,1,4.948759890378168,False,False,2.1187685649907406
0,1.0,1.0,1,96,95.0,1,5,4.795790545596741,False,False,1.3294888135986656
0,1.0,2.0,2,73,96.0,1,1,5.1647859739235145,False,False,51.512035172957475
0,1.0,2.0,3,2,100.0,0,1,5.003946305945459,False,False,3.804885138766327
1,1.0,2.0,2,16,96.0,1,1,4.442651256490317,False,False,9.951806971211804
1,1.0,4.0,2,188,93.0,1,4,5.288267030694535,False,False,0.6324956955006861
0,1.0,3.0,3,7,91.0,0,19,4.795790545596741,False,False,18.359307316482354
1,1.0,1.0,7,24,98.0,1,2,4.7535901911063645,False,False,5.208946613936997
0,2.0,5.0,1,13,100.0,0,1,5.017279836814924,False,False,1.0520819747475143
0,2.0,3.0,2,4,100.0,0,9,6.480044561926653,False,False,0.8115405553558446
1,1.0,2.0,1,91,98.0,1,10,4.9344739331306915,False,False,0.42948334691964
0,2.5,3.0,2,9,98.0,0,1,5.860786223465865,False,False,7.285159267467049
0,1.5,2.0,5,4,90.0,1,1,4.948759890378168,False,False,5.021551009338465
0,3.0,6.0,1,3,80.0,1,50,5.25227342804663,False,False,19.859203627051297
0,1.0,1.0,4,5,95.0,0,1,4.23410650459726,False,False,6.488771355135709
1,2.0,2.0,10,83,96.0,0,3,5.298317366548036,False,False,2.9010339700816155
1,1.0,1.0,1,200,95.0,1,1,4.442651256490317,False,False,23.59179979321803
0,1.0,1.0,1,1,100.0,1,9,5.991464547107982,False,False,0.6389694363075021
0,1.0,2.0,1,17,99.0,1,22,4.852030263919617,False,False,0.8501499596049418
1,1.0,2.0,1,26,98.0,0,1,4.6913478822291435,False,False,1.591641176872933
0,2.0,5.0,1,21,96.0,0,1,4.9344739331306915,False,False,11.879041972084702
0,1.0,1.0,4,111,93.0,1,1,3.8501476017100584,True,False,3.9369593114406913
0,1.0,1.0,1,6,100.0,1,1,3.8066624897703196,True,False,8.28069857714838
0,2.0,5.0,2,29,99.0,0,42,5.529429087511423,False,False,4.553143884896401
1,1.0,1.0,1,14,99.0,1,16,4.852030263919617,False,False,2.9098090643495027
0,1.0,1.0,2,9,98.0,1,1,3.258096538021482,True,False,7.044447055570423
1,1.0,1.0,21,19,98.0,1,3,4.276666119016055,False,False,5.480634713773455
0,4.5,7.0,2,42,100.0,1,12,6.68586094706836,False,False,35.7810905062725
0,1.5,2.0,1,5,90.0,1,2,4.948759890378168,False,False,12.597010855846536
0,1.0,1.0,1,48,91.0,0,3,4.189654742026425,True,False,0.37856133743938564
1,1.0,1.0,4,86,98.0,0,1,4.927253685157205,False,False,1.115678567111293
0,1.0,3.0,2,24,89.0,0,1,5.1647859739235145,False,False,5.12646061872886
1,2.0,2.0,3,74,96.0,1,14,5.41610040220442,False,False,3.825176199507285
1,1.0,2.0,1,191,97.0,1,35,5.017279836814924,False,False,0.8467906352984048
0,1.0,3.0,6,13,95.0,0,1,4.51085950651685,False,False,6.611440540564494
0,1.0,2.0,1,7,67.0,1,1,4.77912349311153,False,False,0.8438906833497746
0,1.0,1.0,1,1,100.0,1,2,3.9318256327243257,True,False,6.840935150423175
1,1.0,2.0,2,78,96.0,0,1,5.231108616854587,False,False,3.8994501212498185
0,1.0,1.0,7,2,80.0,1,1,4.51085950651685,False,False,3.411879204871617
0,1.0,1.0,2,17,96.0,0,1,4.189654742026425,True,False,7.6737673073701735
0,1.0,3.0,1,106,92.0,1,19,4.852030263919617,False,False,0.7540734572145688
1,1.0,2.0,1,1,80.0,1,22,4.875197323201151,False,False,0.548780082117828
1,1.0,2.0,1,21,91.0,1,10,4.61512051684126,False,False,1.4937216928752053
0,3.0,1.0,7,1,80.0,0,3,4.61512051684126,True,False,6.693755983777974
1,1.5,2.0,2,48,95.0,0,2,4.9344739331306915,False,False,1.555244684092117
0,1.0,3.0,1,3,80.0,1,16,4.9344739331306915,True,False,4.896556738942411
0,1.0,1.0,2,54,90.0,0,1,4.51085950651685,False,False,5.306218022393368
1,2.0,2.0,3,45,97.0,1,1,5.43372200355424,False,False,1.0304429850524437
0,2.0,1.0,1,1,80.0,1,1,4.189654742026425,True,False,2.07963479089891
1,2.0,2.0,2,5,100.0,1,3,5.579729825986222,False,False,5.540610803247476
1,1.0,1.0,1,66,98.0,0,1,4.189654742026425,False,False,14.76732993472198
0,2.0,4.0,14,3,93.0,0,1,5.529429087511423,False,False,3.627780328270277
0,1.0,1.0,4,9,91.0,0,2,4.276666119016055,True,False,1.803077711977413
1,2.0,3.0,2,65,94.0,1,1,6.2166061010848646,False,False,1.0392072923783118
0,1.0,1.0,1,1,80.0,0,1,3.58351893845611,True,False,30.03638682768795
0,2.0,2.0,2,5,90.0,1,19,5.272999558563747,False,False,14.30744231593751
1,1.0,2.0,2,79,98.0,0,1,4.948759890378168,False,False,7.5076937941683335
0,1.0,3.0,7,3,100.0,0,1,5.017279836814924,False,False,4.4721586744912685
0,1.0,2.0,2,5,92.0,1,3,3.871201010907891,True,False,35.03863593708236
1,3.0,5.0,1,69,94.0,1,9,5.298317366548036,True,False,4.022585061124403
0,1.0,1.0,1,6,97.0,1,2,3.9318256327243257,True,False,13.347399213427323
0,1.0,1.0,2,5,96.0,1,2,5.017279836814924,False,False,3.45611475776204
1,1.0,1.0,2,63,94.0,0,2,5.135798437050262,False,False,61.408003224174166
0,1.0,2.0,1,7,93.0,1,1,3.58351893845611,True,False,2.2429366645168343
1,1.0,1.0,2,15,100.0,1,2,4.61512051684126,False,False,5.246567431989084
0,1.0,1.0,1,9,100.0,1,4,4.189654742026425,True,False,0.4016544115809611
0,1.0,1.0,2,2,100.0,1,1,4.276666119016055,True,False,0.9041156419561902
0,1.0,1.0,1,44,87.0,1,1,4.61512051684126,True,False,2.042389450721762
0,1.0,1.0,1,3,100.0,1,2,3.58351893845611,True,False,5.838932015729104
0,2.0,2.0,2,3,100.0,0,19,5.198497031265826,False,False,14.36942322950616
0,1.0,1.0,1,2,100.0,1,4,3.58351893845611,True,False,20.96239851630056
1,1.5,4.0,2,141,94.0,0,2,4.330733340286331,True,False,2.4002472702766458
1,1.0,1.0,1,7,100.0,1,2,4.700480365792417,False,False,44.77505723366097
0,2.0,2.0,2,7,91.0,1,1,5.198497031265826,False,False,4.6035513809357385
0,1.0,2.0,1,3,100.0,0,1,4.867534450455582,False,False,3.247724327473584
0,1.0,1.0,2,73,91.0,1,2,4.02535169073515,True,False,5.294797727232633
0,1.0,2.0,1,6,97.0,1,8,4.948759890378168,False,False,0.9985046920615056
0,1.0,1.0,4,5,92.0,0,3,4.61512051684126,False,False,1.5985673406797127
0,2.0,1.0,3,5,100.0,1,4,4.394449154672439,True,False,9.57372068222629
0,1.0,1.0,5,6,100.0,1,50,4.51085950651685,False,False,0.39473830389122483
0,1.0,2.0,1,19,96.0,1,8,5.111987788356544,False,False,2.270629151958038
0,1.0,3.0,1,2,100.0,0,21,5.25227342804663,False,False,0.6291554607699402
0,2.0,5.0,5,2,100.0,1,1,5.940171252720432,False,False,4.564708830695149
0,2.0,2.0,2,6,100.0,0,1,4.875197323201151,False,False,3.9520774480728624
0,1.0,2.0,1,5,84.0,1,10,5.017279836814924,False,False,1.471493952132697
0,1.0,1.0,1,61,93.0,0,1,4.189654742026425,True,False,6.1987421974400005
0,1.0,1.0,3,3,93.0,1,1,4.204692619390966,False,False,7.327103021185589
0,1.0,1.0,2,14,98.0,0,1,4.276666119016055,True,False,3.1036757994926947
0,1.0,2.0,1,3,93.0,0,1,4.5217885770490405,False,False,4.609573414407682
0,2.0,1.0,2,1,100.0,0,1,4.700480365792417,False,False,6.206584675222337
1,2.0,3.0,2,33,98.0,1,1,4.983606621708336,False,False,0.7666004724150147
1,1.0,2.0,2,147,96.0,1,50,4.61512051684126,False,False,1.924859905585095
0,1.0,1.0,1,38,89.0,1,4,4.330733340286331,True,False,0.25300017570356986
0,1.0,2.0,2,3,100.0,1,2,4.574710978503383,False,False,29.87473727623654
0,1.0,1.0,2,1,100.0,0,1,4.795790545596741,False,False,5.371316612470293
1,1.0,2.0,3,1,100.0,0,2,4.90527477843843,False,False,6.325716958854423
0,2.0,3.0,1,65,87.0,1,22,5.278114659230517,False,False,0.5458338063516294
1,1.0,4.0,2,200,96.0,1,1,5.231108616854587,False,False,5.847187633310235
0,1.0,1.0,2,14,99.0,0,3,3.9318256327243257,True,False,13.95884124160549
0,1.0,3.0,1,55,93.0,1,19,4.852030263919617,False,False,0.9156455469231866
0,2.0,8.0,1,27,99.0,0,3,5.521460917862246,False,False,4.722252119242558
0,1.0,2.0,1,5,84.0,0,3,3.367295829986474,False,True,17.655644234619878
0,2.0,4.0,1,146,92.0,1,40,5.111987788356544,False,False,0.8046705684294578
0,1.0,1.0,1,1,80.0,1,1,4.02535169073515,True,False,51.287382463835094
0,2.5,4.0,2,19,98.0,0,1,4.919980925828125,False,False,16.020291346945616
0,1.0,2.0,1,22,90.0,0,2,3.6888794541139363,False,False,63.01216011958178
0,2.0,2.0,2,7,90.0,1,2,5.087596335232384,False,False,0.9805588552016717
0,1.0,1.0,1,66,97.0,0,1,3.9318256327243257,True,False,6.448785592054262
1,1.5,2.0,3,42,98.0,0,1,5.429345628954441,False,False,2.3080097508093105
0,1.0,2.0,1,1,100.0,1,1,5.860786223465865,False,False,23.58558795417455
0,1.0,1.0,2,7,97.0,1,1,4.110873864173311,True,False,8.515732909102386
0,1.0,1.0,2,17,88.0,0,2,3.9889840465642745,True,False,4.593103803114137
0,2.0,7.0,3,10,100.0,0,1,5.529429087511423,False,False,39.423994217623964
1,1.0,1.0,1,89,99.0,1,2,3.4339872044851463,True,False,26.863174288662307
1,1.0,1.0,1,36,96.0,1,4,4.875197323201151,False,False,0.8309054443163925
0,1.0,1.0,2,6,100.0,1,1,4.61512051684126,False,False,4.564627113157556
0,1.0,3.0,2,5,84.0,1,1,5.017279836814924,False,False,1.0877121074448761
0,1.0,3.0,1,14,94.0,1,36,4.836281906951478,False,False,14.110321178418197
0,1.0,2.0,1,42,93.0,0,1,4.110873864173311,True,False,10.974645395685775
1,2.0,4.0,1,93,95.0,1,13,5.198497031265826,False,False,0.9873522730511087
1,1.0,1.0,1,45,100.0,0,1,5.521460917862246,False,False,35.93852308630091
0,1.0,4.0,7,1,100.0,0,1,3.4011973816621555,True,False,2.1997788172476276
0,1.5,3.0,2,71,96.0,1,7,5.1647859739235145,False,False,0.572355101144544
0,1.0,2.0,1,5,96.0,0,1,4.543294782270004,False,False,14.9583172040356
0,1.0,1.0,7,2,100.0,1,1,4.5217885770490405,False,False,1.727531986711747
0,2.0,3.0,2,6,90.0,1,3,5.075173815233827,False,False,0.4153847841892708
0,1.0,1.0,1,2,100.0,0,1,4.189654742026425,True,False,2.414269941799627
0,1.0,1.0,1,16,95.0,0,3,4.276666119016055,True,False,6.389725366509104
0,1.5,3.0,5,50,95.0,0,3,4.976733742420574,False,False,0.7464540334048367
0,2.0,2.0,2,9,93.0,0,1,5.298317366548036,False,False,4.880265399868492
0,2.5,6.0,2,3,100.0,0,1,5.25227342804663,False,False,21.519995414664834
0,1.0,1.0,3,2,100.0,0,1,3.8066624897703196,True,False,8.477758793432445
0,2.0,2.0,3,3,100.0,1,6,5.638354669333745,False,False,19.207044085149978
0,1.0,3.0,2,1,100.0,1,4,4.634728988229636,False,False,0.9430544554093025
0,2.0,3.0,2,26,98.0,1,1,5.707110264748875,False,False,1.1667088032750845
0,1.0,2.0,3,15,96.0,1,4,5.017279836814924,False,False,6.211234970196493
0,1.0,1.0,2,4,80.0,1,1,4.394449154672439,True,False,1.4615183823958937
1,1.0,1.0,2,86,99.0,0,1,4.762173934797756,False,False,2.070020244166043
1,1.0,1.0,4,39,97.0,0,1,4.919980925828125,False,False,0.46738353797773213
0,1.0,3.0,4,2,100.0,1,1,4.30406509320417,False,False,11.718155194204156
0,1.0,2.0,2,1,100.0,1,1,4.795790545596741,False,False,42.40623286943253
0,2.0,3.0,7,1,80.0,0,6,5.43372200355424,False,False,29.070020434850946
0,1.0,2.0,1,97,98.0,0,1,4.919980925828125,False,False,0.9331053788107126
0,1.0,2.0,2,28,89.0,1,1,5.017279836814924,False,False,4.1244138227538665
0,1.0,1.0,3,33,96.0,1,1,4.343805421853684,False,False,4.224789118105604
0,1.0,1.0,3,10,100.0,0,1,4.394449154672439,True,False,4.074177220168368
0,1.0,3.0,5,22,92.0,1,6,5.087596335232384,False,False,0.6005937015482088
0,2.5,3.0,7,2,100.0,0,1,5.529429087511423,False,False,10.609413453894758
0,1.0,5.0,4,11,98.0,1,1,5.529429087511423,False,False,5.430713653773465
0,1.0,1.0,6,38,92.0,0,4,3.713572066704308,True,False,14.010571007336946
0,1.0,1.0,1,1,60.0,0,2,4.330733340286331,True,False,2.4287011272472596
0,1.0,1.0,1,19,91.0,0,1,4.787491742782046,False,False,0.4100520822933422
0,1.0,1.0,1,10,96.0,0,1,5.017279836814924,False,False,5.1969192617786435
0,1.0,1.0,2,17,94.0,0,2,4.276666119016055,True,False,18.768397624659652
0,1.0,1.0,2,181,93.0,1,1,4.663439094112067,False,False,0.5683264802466965
0,1.0,2.0,2,22,95.0,0,1,4.663439094112067,False,False,1.7047450163586382
0,2.5,3.0,4,2,100.0,0,1,6.2166061010848646,False,False,3.1280774175072095
0,2.5,4.0,3,5,68.0,1,14,3.258096538021482,False,True,13.9672401061561
1,1.0,1.0,2,25,98.0,0,1,4.189654742026425,True,False,0.3965910430492522
0,1.0,1.0,1,2,90.0,1,1,3.9318256327243257,True,False,13.091962159499499
1,1.0,4.0,2,113,96.0,0,1,4.718498871295094,False,False,39.00718709685203
1,2.0,2.0,2,9,98.0,0,1,5.017279836814924,False,False,15.88741223590607
0,1.0,3.0,1,3,100.0,0,2,5.442417710521793,False,False,5.849740813676856
0,1.0,3.0,1,12,90.0,1,21,4.976733742420574,False,False,0.8847919848755639
0,4.0,5.0,2,9,98.0,0,3,6.647688373563329,False,False,51.280842447158214
1,1.5,3.0,2,27,98.0,0,1,5.25227342804663,False,False,18.461814929753096
0,1.0,2.0,1,3,100.0,0,1,4.653960350157523,False,False,2.3323789672624877
0,1.5,1.0,1,1,80.0,1,4,4.343805421853684,True,False,10.76374261975142
0,1.0,1.0,5,1,60.0,1,50,4.51085950651685,False,False,0.2944146044950694
1,1.0,1.0,2,90,94.0,0,6,4.61512051684126,False,False,3.6023124750569075
0,2.0,6.0,21,5,96.0,0,3,5.529429087511423,False,False,7.690636411325437
1,1.0,1.0,2,9,98.0,1,1,4.110873864173311,True,False,6.9083994319624145
0,2.0,1.0,2,3,100.0,0,1,5.111987788356544,False,False,5.2121444017460234
1,1.0,3.0,2,20,99.0,0,1,5.14166355650266,False,False,28.72227771768151
0,1.0,1.0,20,1,100.0,0,1,3.9318256327243257,True,False,17.789011187006476
0,2.0,5.0,3,187,92.0,0,4,5.707110264748875,False,False,0.4525845889836096
0,1.0,1.0,1,1,100.0,0,1,4.61512051684126,True,False,5.628307980160888
1,1.5,2.0,1,40,100.0,0,1,4.700480365792417,False,False,42.59267129113437
1,1.0,1.0,2,29,99.0,1,1,4.189654742026425,True,False,3.4691448684414627
0,1.0,1.0,2,2,100.0,1,2,3.367295829986474,True,False,21.164269723771834
1,1.0,4.0,1,92,94.0,1,9,4.836281906951478,False,False,5.791188138717191
1,1.0,2.0,2,1,100.0,1,16,5.075173815233827,False,False,1.0026293413309193
0,1.0,1.0,1,2,90.0,1,3,4.276666119016055,True,False,2.8178818951958418
0,2.0,4.0,1,87,94.0,1,19,5.517452896464707,False,False,0.859360452778014
0,3.0,6.0,2,4,100.0,0,9,6.68586094706836,False,False,53.27254535124945
0,2.0,3.0,2,6,100.0,0,1,5.69035945432406,False,False,31.267806531421222
0,1.0,1.0,1,2,100.0,0,1,4.499809670330265,True,False,12.636485282367895
1,1.0,2.0,2,70,95.0,0,1,4.477336814478207,False,False,3.6537692959271437
0,1.0,1.0,2,4,100.0,1,1,3.4339872044851463,True,False,19.888135614452352
1,2.0,3.0,2,32,99.0,1,1,6.040254711277414,False,False,50.254794022837345
0,1.0,1.0,2,3,93.0,0,4,5.017279836814924,False,False,0.9564922464274078
1,2.0,1.0,2,8,95.0,1,1,4.330733340286331,True,False,0.8967189056842266
0,1.0,1.0,3,24,99.0,0,1,5.298317366548036,False,False,3.623207844479873
1,1.0,2.0,1,42,97.0,1,1,5.017279836814924,False,False,1.7002995876103189
0,1.0,2.0,1,1,80.0,1,1,3.6888794541139363,False,False,5.084169172029298
0,1.0,1.0,1,21,96.0,1,29,4.700480365792417,False,False,0.9404667758978486
0,1.0,3.0,1,30,98.0,1,38,5.25227342804663,False,False,0.343510809570569
1,2.0,3.0,2,109,98.0,0,3,5.25227342804663,False,False,1.5271319079598267
0,1.0,2.0,2,11,96.0,0,1,5.62040086571715,False,False,52.3529921995228
0,1.0,1.0,1,5,96.0,0,1,3.9889840465642745,True,False,6.441141656809526
1,1.0,1.0,2,70,98.0,0,1,4.330733340286331,True,False,3.752936472850504
1,2.0,1.0,2,60,99.0,1,2,4.189654742026425,True,False,6.032078412280359
0,1.0,4.0,5,4,100.0,0,1,4.9344739331306915,False,False,6.041868856000165
0,1.0,1.0,2,19,84.0,1,3,4.948759890378168,False,False,1.131807467413231
0,1.0,1.0,2,4,95.0,1,1,3.4965075614664802,True,False,6.029486188240105
1,1.0,3.0,2,56,100.0,1,1,5.25227342804663,False,False,53.12125501787381
1,1.0,2.0,4,41,97.0,0,1,5.236441962829949,False,False,8.053751027531806
0,2.0,1.0,1,9,91.0,0,9,3.713572066704308,True,False,11.573864665328438
0,1.0,1.0,2,4,95.0,1,1,4.787491742782046,False,False,6.879039545214935
0,1.0,3.0,3,15,97.0,1,3,5.62040086571715,False,False,1.0699321070921455
0,1.0,1.0,2,5,100.0,0,1,3.9318256327243257,True,False,14.780302200455472
0,1.5,1.0,1,25,94.0,0,2,3.9318256327243257,True,False,4.365190365089494
0,2.0,1.0,4,17,93.0,0,1,5.231108616854587,False,False,0.8417429245573301
0,1.0,1.0,2,2,90.0,0,1,3.6375861597263857,True,False,7.228015651115321
1,2.0,3.0,2,34,99.0,0,1,5.4638318050256105,False,False,3.3792057880405793
0,2.0,2.0,2,6,96.0,0,2,6.111467339502679,False,False,2.397846218880085
0,1.0,2.0,3,2,100.0,0,1,5.017279836814924,False,False,5.848070642914445
0,1.0,2.0,2,6,90.0,1,1,5.529429087511423,False,False,2.9127906070311442
0,1.0,2.0,2,12,86.0,1,2,4.23410650459726,False,False,0.9573871426025747
0,1.0,1.0,1,179,91.0,1,5,4.394449154672439,False,False,2.810265218603433
0,1.0,2.0,30,28,94.0,0,1,4.875197323201151,False,False,0.8419208276755223
0,1.0,2.0,5,14,90.0,1,50,4.948759890378168,False,False,0.7042712200436102
0,2.0,3.0,1,2,100.0,1,8,6.68586094706836,False,False,2.138015580176179
1,1.0,1.0,3,21,99.0,0,1,4.663439094112067,False,False,6.084826046051711
1,1.0,1.0,2,8,100.0,0,6,5.1647859739235145,False,False,35.9783444251122
1,1.0,3.0,2,36,97.0,1,1,5.3981627015177525,False,False,3.3242764814186754
0,2.0,2.0,1,10,92.0,1,27,5.087596335232384,False,False,2.0610419309299606
0,1.0,1.0,1,2,100.0,0,1,4.330733340286331,True,False,1.5658639598754194
0,2.5,7.0,1,20,88.0,0,1,3.9318256327243257,True,False,23.272367616125784
0,1.0,1.0,3,4,100.0,0,1,5.703782474656201,False,False,6.188506271139308
0,1.0,1.0,2,48,100.0,0,1,4.836281906951478,False,False,5.243249854842075
1,1.0,2.0,2,45,99.0,0,1,5.529429087511423,False,False,6.514032527625125
0,1.0,1.0,1,3,73.0,1,1,4.61512051684126,True,False,3.68762594973093
1,1.0,1.0,2,26,100.0,1,1,5.62040086571715,False,False,2.991744541628389
0,1.0,1.0,7,3,100.0,1,1,3.9318256327243257,True,False,5.392986218709112
0,1.0,2.0,3,2,100.0,0,1,5.198497031265826,False,False,2.9192954451110595
1,1.0,1.0,3,57,96.0,1,14,5.135798437050262,False,False,4.36422040417507
1,2.0,3.0,1,3,93.0,1,22,4.919980925828125,False,False,4.542030885301596
0,1.0,1.0,1,1,80.0,0,2,4.442651256490317,True,False,10.446169040249286
1,2.0,2.0,2,13,97.0,1,9,5.198497031265826,False,False,2.0819119159531807
0,1.0,1.0,1,1,100.0,0,1,3.8501476017100584,True,False,7.530839513553155
1,1.0,2.0,1,92,95.0,1,35,4.919980925828125,False,False,0.5115048326066205
0,2.0,4.0,3,10,86.0,0,3,4.02535169073515,True,False,10.615989051918744
1,1.0,1.0,28,78,91.0,1,3,4.276666119016055,False,False,3.8648549316822636
1,1.0,2.0,3,37,95.0,0,1,5.783825182329737,False,False,0.631127927792122
0,2.0,2.0,2,1,100.0,1,19,5.272999558563747,False,False,14.351864058368838
1,1.0,1.0,2,3,100.0,1,2,4.9344739331306915,False,False,5.483278045526198
0,1.0,1.0,5,3,100.0,0,1,5.017279836814924,False,False,0.8518371211175542
0,4.0,8.0,3,25,96.0,1,17,6.2166061010848646,False,False,1.45303214579008
1,1.0,1.0,2,73,99.0,0,1,4.30406509320417,True,False,2.356466584913812
1,1.0,3.0,1,25,96.0,0,2,5.3981627015177525,False,False,7.752142065997311
0,1.0,2.0,2,40,99.0,0,1,4.795790545596741,False,False,7.0136265635715445
1,1.0,2.0,1,150,96.0,0,1,4.663439094112067,False,False,5.311919560626198
0,2.5,4.0,7,2,100.0,0,1,6.133398042996649,False,False,7.124380991249982
0,1.0,1.0,2,24,95.0,1,1,4.59511985013459,False,False,2.5693273498640727
1,2.0,5.0,2,6,100.0,0,3,5.529429087511423,False,False,4.032402217552748
1,1.0,1.0,2,2,100.0,0,27,5.198497031265826,False,False,6.299321636954953
0,1.0,1.0,2,2,100.0,0,1,3.9318256327243257,True,False,2.633841239744501
0,2.5,6.0,2,6,87.0,0,1,5.0238805208462765,False,False,9.006427320580002
1,2.5,1.0,1,17,95.0,1,1,4.143134726391533,True,False,4.116060113340129
1,2.0,1.0,2,13,98.0,0,1,4.02535169073515,True,False,7.711546964698552
0,1.5,1.0,1,2,60.0,0,1,3.9318256327243257,True,False,1.5210168914002773
1,1.0,1.0,2,61,98.0,0,1,4.795790545596741,False,False,4.363915021372067
0,3.0,3.0,2,2,100.0,0,1,5.424950017481403,False,False,6.5323128769003365
1,1.0,2.0,2,42,100.0,0,2,4.9344739331306915,False,False,4.46747067147307
0,1.0,1.0,14,9,98.0,0,2,3.9318256327243257,True,False,3.7836831701748235
1,1.0,2.0,2,31,99.0,1,1,4.836281906951478,False,False,0.8218010599509569
0,1.0,3.0,2,2,100.0,1,3,5.298317366548036,False,False,0.9589272325912651
0,1.0,1.0,2,5,84.0,1,1,3.9318256327243257,True,False,0.7859429071365516
0,3.0,4.0,3,6,100.0,0,1,5.424950017481403,False,False,3.8149514883104123
0,1.0,3.0,1,7,97.0,0,50,4.9344739331306915,False,False,0.7798286635612599
0,1.0,1.0,1,4,100.0,0,2,4.189654742026425,True,False,2.540484217632606
0,1.0,1.0,1,5,92.0,0,1,4.174387269895637,True,False,3.690831965395103
0,1.0,1.0,1,11,96.0,0,1,5.298317366548036,False,False,3.605784101498342
0,1.0,2.0,1,54,91.0,1,1,4.574710978503383,False,False,16.96559984265529
0,1.0,1.0,1,9,96.0,1,1,4.875197323201151,False,False,3.9380804197315036
0,1.0,2.0,2,1,60.0,1,1,5.707110264748875,False,False,3.5886604266873507
0,1.0,1.0,1,1,100.0,1,1,4.189654742026425,True,False,17.220676088524836
1,1.0,1.0,1,15,93.0,1,2,4.836281906951478,False,False,1.5261975399418453
1,1.0,1.0,1,9,96.0,0,2,3.713572066704308,True,False,6.90320136086507
0,1.0,3.0,1,13,94.0,1,8,4.983606621708336,False,False,0.9504949480081492
0,1.0,1.0,2,4,100.0,0,1,4.394449154672439,True,False,13.736788411239663
0,1.0,2.0,3,139,93.0,0,2,5.198497031265826,False,False,2.452568573841743
0,1.0,1.0,1,25,88.0,1,3,4.110873864173311,True,False,10.138025307780493
1,1.0,1.0,2,32,99.0,0,1,4.795790545596741,False,False,8.541158154067322
0,1.0,2.0,5,3,87.0,0,9,3.784189633918261,True,False,12.842129684755315
0,1.0,4.0,3,33,99.0,1,1,5.529429087511423,False,False,3.543569101422185
1,1.0,1.0,1,13,97.0,0,1,6.68586094706836,True,False,1.8234406389206745
1,1.0,2.0,2,1,100.0,1,26,4.51085950651685,True,False,5.079260500086671
0,1.0,2.0,10,1,80.0,0,2,4.983606621708336,False,False,3.6976312070328317
1,1.0,1.0,3,29,95.0,0,10,4.875197323201151,False,False,7.744617654800783
1,1.5,4.0,2,77,93.0,0,2,4.836281906951478,False,False,2.3373716963096314
0,1.0,1.0,2,1,80.0,0,1,4.795790545596741,False,False,3.987242191566054
0,1.0,2.0,1,200,88.0,0,11,5.075173815233827,False,False,0.6462273297201448
0,1.0,3.0,2,20,96.0,1,1,5.017279836814924,False,False,24.65931875349521
0,1.0,1.0,1,3,93.0,1,21,4.836281906951478,False,False,0.892454664443323
1,1.0,1.0,3,10,96.0,0,1,4.700480365792417,False,False,3.0599601138473154
0,2.0,2.0,2,5,100.0,0,28,5.19295685089021,False,False,0.874715534332017
0,1.0,2.0,1,4,90.0,1,50,5.087596335232384,False,False,0.8716136399097932
0,1.0,2.0,1,8,73.0,1,10,4.795790545596741,False,False,0.8296984571935172
1,1.0,3.0,3,12,97.0,1,1,5.278114659230517,False,False,12.436448709730275
0,2.0,5.0,4,15,94.0,0,22,5.43372200355424,False,False,4.247683292488267
0,1.0,1.0,1,39,97.0,0,1,4.276666119016055,True,False,4.725773282707664
0,1.0,2.0,7,2,100.0,0,2,4.499809670330265,False,False,1.8934630503676253
0,1.0,2.0,2,52,96.0,0,1,4.574710978503383,False,False,5.22731833673385
1,4.0,8.0,2,43,99.0,1,4,6.396929655216146,False,False,14.364680627725317
1,2.0,8.0,2,43,96.0,1,29,5.662960480135946,False,False,0.3648082354578822
0,1.0,3.0,3,96,96.0,0,2,5.278114659230517,False,False,3.9148052327526495
0,1.5,1.0,1,3,100.0,1,2,4.875197323201151,True,False,40.47398489466396
1,1.0,2.0,1,200,95.0,1,3,2.70805020110221,True,False,11.8537360709022
0,1.0,1.0,5,1,100.0,1,1,4.110873864173311,True,False,0.6119734789464331
0,1.0,2.0,1,2,90.0,1,9,6.212606095751519,False,False,0.6502912308828359
1,1.0,2.0,1,11,100.0,1,3,3.9889840465642745,True,False,12.525699330391555
0,2.0,4.0,2,8,98.0,0,9,5.993961427306569,False,False,50.93229129334491
0,2.0,1.0,3,3,100.0,0,1,4.330733340286331,False,False,11.043685229698724
0,1.0,1.0,3,5,100.0,1,1,3.58351893845611,True,False,5.9602102109238935
0,1.5,2.0,1,87,95.0,1,1,4.59511985013459,False,False,0.7507066701646017
0,1.0,3.0,1,18,98.0,0,11,5.1298987149230735,False,False,1.4659594751741354
0,1.0,2.0,2,9,97.0,0,1,5.176149732573829,False,False,1.544910963141795
0,1.0,2.0,14,15,88.0,0,5,4.852030263919617,False,False,0.8048266644762171
1,1.0,1.0,1,85,95.0,1,2,4.02535169073515,True,False,0.2957671060871408
0,1.0,2.0,1,2,90.0,0,2,5.017279836814924,True,False,24.75024772958919
1,1.0,3.0,3,10,92.0,0,4,4.61512051684126,False,False,12.030262894159598
1,1.0,1.0,1,27,95.0,1,4,3.9318256327243257,True,False,10.820830957665738
0,2.0,4.0,1,112,93.0,1,40,5.087596335232384,False,False,0.8758028619259078
1,2.0,3.0,3,5,100.0,1,3,4.394449154672439,True,False,9.280527481765198
0,2.0,2.0,1,5,80.0,1,9,6.396929655216146,False,False,4.964273838597463
0,1.0,1.0,1,20,99.0,0,1,4.290459441148391,True,False,21.151408172432912
1,2.5,3.0,3,20,98.0,1,2,5.62040086571715,False,False,7.097011971087713
0,1.0,1.0,3,5,92.0,0,1,4.02535169073515,True,False,5.914910556701717
0,1.0,8.0,3,6,87.0,0,25,3.58351893845611,False,True,0.9119433088574396
0,1.0,1.0,1,32,91.0,1,50,4.948759890378168,False,False,1.9950613823687442
1,1.0,1.0,1,21,98.0,0,2,4.02535169073515,True,False,4.676214775835908
1,1.0,2.0,1,52,98.0,1,1,4.290459441148391,True,False,6.071485576863312
0,1.5,1.0,1,19,87.0,1,6,3.8918202981106265,True,False,22.470462213650134
0,1.0,1.0,5,3,100.0,1,50,4.574710978503383,False,False,0.20516685886614558
0,1.0,1.0,30,1,100.0,1,47,4.68213122712422,False,False,0.5252754213357738
0,2.0,2.0,2,52,94.0,0,50,5.111987788356544,False,False,3.059398043123249
0,1.0,1.0,1,9,98.0,1,1,5.723585101952381,False,False,39.129154918907744
0,1.0,1.0,2,3,93.0,0,1,4.394449154672439,True,False,0.5518166419779053
0,2.0,6.0,1,154,93.0,1,40,5.598421958998375,False,False,0.8756025238335419
0,1.0,1.0,2,10,90.0,1,1,4.07753744390572,True,False,0.9991617638030053
0,2.0,2.0,1,2,100.0,0,2,3.4339872044851463,False,False,3.118420752818165
0,1.0,1.0,2,72,95.0,0,1,4.51085950651685,False,False,36.41702757734855
0,1.5,2.0,2,43,93.0,1,6,5.049856007249537,False,False,2.294144998723642
0,1.0,1.0,2,2,80.0,0,2,3.8501476017100584,True,False,5.402408011617981
0,1.0,4.0,1,24,90.0,1,36,4.9344739331306915,False,False,13.611880100219935
0,1.0,1.0,2,2,90.0,0,1,4.02535169073515,True,False,3.057173635124254
1,1.0,2.0,1,194,98.0,0,1,5.0689042022202315,False,False,0.4625910077169592
1,2.0,4.0,1,21,98.0,1,9,4.897839799950911,False,False,2.4479815392663977
0,1.0,1.0,2,9,91.0,1,2,4.430816798843313,True,False,4.548377832904071
0,1.0,2.0,1,5,96.0,1,12,6.551080335043404,False,False,1.4008590254972855
0,2.0,4.0,1,1,100.0,0,1,5.198497031265826,False,False,23.865343835723124
1,1.0,2.0,2,19,100.0,0,1,5.198497031265826,False,False,3.5753277765078813
1,1.0,1.0,1,101,98.0,0,1,4.127134385045092,True,False,8.251591417041366
0,1.0,1.0,2,6,100.0,0,1,4.795790545596741,False,False,6.682978149521452
0,1.0,1.0,2,15,97.0,0,3,4.189654742026425,True,False,44.0192547263999
0,1.0,1.0,2,15,87.0,1,1,4.204692619390966,True,False,3.8600864503835544
0,1.0,1.0,1,17,96.0,0,1,4.23410650459726,True,False,8.369606390677339
0,1.0,2.0,3,22,88.0,1,1,4.836281906951478,False,False,8.502020589322688
0,1.0,6.0,3,31,98.0,1,3,5.69035945432406,False,False,1.6133491833499938
0,2.0,2.0,1,21,95.0,1,6,5.529429087511423,False,False,1.6656441537550029
0,1.0,2.0,2,9,98.0,0,23,5.3981627015177525,False,False,0.7955169303850085
0,2.0,4.0,1,29,85.0,1,38,5.598421958998375,False,False,0.7283863456920008
0,1.0,1.0,1,1,100.0,1,1,4.02535169073515,True,False,4.626409418455315
0,1.0,2.0,2,8,63.0,0,1,4.61512051684126,False,False,0.7483027261043821
0,2.0,3.0,1,37,94.0,1,2,5.0689042022202315,False,False,2.1368469826300216
0,1.0,1.0,7,3,90.0,1,1,3.58351893845611,True,False,5.570272850162619
0,1.0,1.0,7,2,100.0,0,1,3.8918202981106265,True,False,9.786516583069078
1,1.0,2.0,2,29,100.0,0,3,4.74493212836325,False,False,0.6088841851022454
0,1.0,4.0,1,3,100.0,1,4,5.25227342804663,False,False,0.8477126619046873
1,1.0,2.0,2,40,99.0,0,1,4.795790545596741,False,False,3.6708310194596985
0,3.5,4.0,2,3,100.0,0,50,6.68586094706836,False,False,1.1891414338205069
0,2.0,8.0,3,131,94.0,0,2,5.579729825986222,False,False,1.9678092882646587
0,1.0,1.0,2,2,100.0,0,1,4.276666119016055,False,False,7.608925876450939
0,1.0,1.0,2,8,100.0,0,1,4.3694478524670215,True,False,6.297165363007114
0,1.0,1.0,2,7,94.0,0,1,4.634728988229636,False,False,4.199713352369106
0,1.0,1.0,3,4,95.0,1,5,3.6375861597263857,True,False,13.281522364847811
1,1.0,3.0,1,11,100.0,1,2,4.61512051684126,False,False,17.857262452930215
0,1.0,1.0,2,101,98.0,0,2,4.700480365792417,True,False,2.180900695917853
1,1.0,3.0,1,158,96.0,0,1,4.700480365792417,False,False,42.00074424568427
0,1.0,1.0,2,4,95.0,1,1,5.111987788356544,False,False,2.0914832418054563
1,2.0,3.0,2,29,98.0,1,1,5.135798437050262,False,False,2.3699336699908633
0,1.0,2.0,2,15,96.0,1,6,4.867534450455582,False,False,0.9195155538375701
0,2.0,4.0,2,15,96.0,0,1,5.1647859739235145,False,False,35.469031234671775
0,4.0,1.0,3,93,92.0,0,3,3.9318256327243257,True,False,4.469536588165175
0,1.0,1.0,2,9,98.0,0,1,4.875197323201151,False,False,4.920294797736103
0,1.0,1.0,1,3,80.0,1,1,4.110873864173311,False,True,1.3548912631167127
0,1.0,2.0,1,10,90.0,1,15,4.969813299576001,False,False,2.3200698949365433
0,0.5,1.0,3,5,87.0,1,1,4.02535169073515,True,False,0.7166061385821481
0,1.0,2.0,1,200,91.0,1,50,4.74493212836325,False,False,0.8604296290514638
0,1.0,1.0,1,14,90.0,1,1,4.07753744390572,True,False,11.710141699850052
1,2.0,1.0,2,9,100.0,1,3,3.258096538021482,True,False,1.7446568524198853
0,1.0,1.0,3,7,100.0,0,2,4.836281906951478,False,False,5.606824628063191
0,2.5,8.0,1,58,92.0,1,1,5.298317366548036,False,False,3.4945459284163594
1,1.0,1.0,1,2,70.0,1,5,3.9318256327243257,True,False,15.00398292008609
0,1.0,1.0,3,4,95.0,0,1,4.51085950651685,False,False,2.159965104238215
1,1.0,1.0,1,39,99.0,1,2,4.23410650459726,True,False,8.647449431022892
0,2.0,2.0,2,2,100.0,1,2,4.875197323201151,False,False,0.7801069977309887
1,2.0,2.0,2,11,96.0,1,7,5.0689042022202315,False,False,4.503793356748382
0,2.0,6.0,1,7,97.0,0,2,4.700480365792417,False,False,23.97773854092489
0,2.0,5.0,1,4,100.0,0,11,6.063785208687608,False,False,1.08627853706039
0,2.0,2.0,1,7,97.0,1,50,4.787491742782046,False,False,3.7691145634829657
0,2.0,2.0,1,7,97.0,0,1,4.663439094112067,False,False,9.033901757355649
0,1.0,1.0,2,49,95.0,0,7,4.795790545596741,False,False,0.7528798827887517
0,1.0,2.0,2,4,85.0,0,30,5.298317366548036,False,False,3.9445793561260873
1,1.0,1.0,2,11,100.0,0,1,4.276666119016055,True,False,7.183859882502131
0,1.0,1.0,1,5,100.0,0,2,3.713572066704308,True,False,13.071390458445658
0,1.0,1.0,15,3,90.0,1,1,3.713572066704308,True,False,8.079903958165277
1,1.0,1.0,2,18,99.0,0,4,5.1647859739235145,False,False,0.9824242486464869
0,1.0,2.0,2,42,99.0,1,1,5.262690188904886,False,False,1.1688628548574316
0,1.5,5.0,2,8,88.0,0,33,5.480638923341991,False,False,7.126145066707829
1,1.5,1.0,1,47,99.0,1,1,3.713572066704308,True,False,23.735971562789977
0,2.5,6.0,7,2,100.0,1,1,5.521460917862246,False,False,12.991869537948572
0,1.0,1.0,1,2,100.0,0,1,4.02535169073515,True,False,7.042382965406096
0,1.5,1.0,1,5,95.0,0,1,4.836281906951478,True,False,3.8653389565893814
0,1.0,1.0,1,1,100.0,0,1,4.875197323201151,True,False,6.140063148898056
0,1.5,1.0,1,5,100.0,0,1,4.394449154672439,True,False,6.782557764704388
1,1.0,2.0,2,17,100.0,0,1,4.948759890378168,False,False,6.4879718351491915
0,1.0,2.0,3,1,100.0,0,1,4.276666119016055,False,False,7.31351809366083
0,1.0,2.0,2,12,93.0,0,1,5.017279836814924,False,False,6.799769701263976
0,1.0,1.0,1,2,100.0,0,1,4.382026634673881,True,False,3.6402613584819683
0,1.0,3.0,1,2,80.0,1,8,5.017279836814924,True,False,7.992542856766974
0,2.5,4.0,3,2,100.0,0,1,6.302618975744905,False,False,4.230277468401861
0,1.0,1.0,1,5,100.0,1,1,4.762173934797756,False,False,2.976819717441414
0,2.0,2.0,3,37,97.0,0,1,5.564520407322694,False,False,3.9266280371079922
0,1.0,2.0,21,2,90.0,1,47,4.574710978503383,False,False,3.5365570286508166
0,1.0,1.0,3,2,100.0,1,5,4.330733340286331,True,False,0.6343651920120496
0,1.0,1.0,1,9,73.0,0,3,4.02535169073515,True,False,24.935326630486276
0,1.0,2.0,2,9,98.0,0,1,5.099866427824199,False,False,2.9914584005102287
0,1.0,1.0,6,96,94.0,1,1,4.61512051684126,False,False,10.434790939459791
0,1.0,2.0,1,137,92.0,1,7,4.948759890378168,False,False,0.8397837449376049
0,1.0,4.0,15,3,100.0,0,1,4.663439094112067,False,False,9.37562362587304
1,1.0,2.0,1,75,97.0,1,17,5.017279836814924,False,False,0.8888907334182142
0,1.0,2.0,1,4,95.0,0,1,4.795790545596741,False,False,5.821995020937137
0,1.0,1.0,1,3,100.0,1,1,3.367295829986474,True,False,19.40992375560762
1,2.0,4.0,4,39,96.0,0,2,5.25227342804663,False,False,3.2689491769666463
0,1.0,2.0,1,4,93.0,0,1,4.61512051684126,False,False,6.885030493859996
1,1.5,2.0,1,17,96.0,1,1,4.983606621708336,False,False,34.761415473259326
0,2.0,2.0,2,2,100.0,0,1,4.7535901911063645,False,False,4.991283840098205
0,1.0,1.0,10,6,90.0,1,1,4.61512051684126,False,False,1.9841587131936835
1,2.0,4.0,2,116,98.0,0,1,5.62040086571715,False,False,2.543434377500539
0,1.0,1.0,3,2,90.0,1,1,3.9318256327243257,True,False,19.655623504613832
1,2.0,3.0,1,76,98.0,0,2,6.2166061010848646,False,False,59.96728322365723
1,1.0,2.0,2,56,95.0,1,1,4.812184355372417,False,False,13.755624281857013
0,1.0,1.0,1,109,98.0,0,2,4.418840607796598,True,False,4.0176793450385135
0,1.0,1.0,2,9,91.0,0,4,3.8918202981106265,True,False,42.95466146926554
0,1.0,3.0,1,14,94.0,1,38,5.117993812416755,False,False,13.355253021795612
0,1.0,1.0,2,16,95.0,0,6,4.02535169073515,True,False,19.456608720702118
1,1.0,1.0,2,3,100.0,0,6,4.983606621708336,True,False,35.939329104590556
1,1.0,2.0,2,35,98.0,0,1,4.394449154672439,True,False,1.267416390419526
0,1.0,1.0,1,14,93.0,1,30,4.394449154672439,False,False,10.867495975061647
1,1.0,3.0,6,3,100.0,0,9,5.075173815233827,False,False,3.9246262174825843
1,1.0,4.0,2,24,98.0,1,5,5.529429087511423,False,False,3.0830144058499855
0,1.5,5.0,7,2,100.0,1,14,5.0689042022202315,False,False,9.86675552132213
0,1.0,1.0,2,2,100.0,0,7,3.6888794541139363,False,False,3.3819928816356937
0,1.0,2.0,1,3,87.0,1,4,5.111987788356544,False,False,1.6124718436234702
1,1.0,2.0,3,54,95.0,0,17,5.19295685089021,False,False,5.2628207621650605
0,2.0,2.0,1,1,100.0,1,50,5.087596335232384,False,False,1.8656625895792498
0,1.5,1.0,3,16,98.0,0,1,4.584967478670572,False,False,6.887452410338605
0,1.0,1.0,3,50,96.0,1,1,3.6888794541139363,True,False,7.167555784027282
0,1.0,2.0,1,24,97.0,0,1,4.110873864173311,False,True,54.81426254481295
0,1.0,1.0,2,1,100.0,0,1,4.584967478670572,False,False,7.305060930890125
0,1.0,1.0,3,21,97.0,0,1,4.343805421853684,True,False,3.044817752450856
0,1.0,3.0,5,3,100.0,0,1,4.795790545596741,False,False,7.593085339310363
0,2.0,1.0,4,39,88.0,1,7,3.9318256327243257,True,False,0.6475549731781551
0,1.0,1.0,3,11,96.0,0,1,4.330733340286331,True,False,7.232559752810634
0,2.0,8.0,3,35,94.0,1,14,5.1647859739235145,False,False,9.148658357531499
0,2.0,6.0,2,16,99.0,0,1,5.993961427306569,False,False,44.990767209992754
1,1.0,1.0,1,200,97.0,1,3,4.430816798843313,True,False,0.4744789915523473
0,2.0,3.0,2,8,88.0,1,8,5.298317366548036,False,False,0.8099768307938034
0,1.5,1.0,1,32,83.0,1,7,3.8918202981106265,True,False,17.998944835232898
1,1.0,4.0,2,121,97.0,0,2,5.198497031265826,False,False,6.415891491556006
0,1.0,1.0,1,47,98.0,0,1,4.61512051684126,True,False,51.965012767796594
0,1.0,1.0,2,9,100.0,0,1,3.9318256327243257,True,False,11.91430257909949
0,1.0,2.0,2,1,80.0,1,1,4.836281906951478,False,False,11.051698467311912
1,1.0,1.0,2,21,97.0,1,1,4.61512051684126,False,False,0.9120151874404708
0,1.0,1.0,3,3,100.0,1,2,4.795790545596741,False,False,3.8982694583821944
0,1.0,2.0,2,1,60.0,1,50,5.857933154483459,False,False,2.2749762078541047
0,1.0,1.0,1,3,80.0,0,1,4.442651256490317,True,False,0.6987045753900466
1,1.0,1.0,1,190,99.0,1,1,4.499809670330265,True,False,4.811796224449568
1,1.0,2.0,1,55,98.0,1,3,4.382026634673881,False,False,25.904408808450615
0,1.0,2.0,2,9,98.0,0,1,4.61512051684126,False,False,3.578889434859283
0,1.0,2.0,7,5,90.0,0,20,4.61512051684126,False,False,0.6746858159890545
1,1.0,1.0,2,3,100.0,1,2,4.77912349311153,False,False,6.006696913895299
0,1.0,1.0,1,19,91.0,1,3,4.110873864173311,True,False,1.6535887252642922
0,1.0,2.0,3,48,96.0,0,2,5.529429087511423,False,False,2.3139664738493617
0,1.0,1.0,2,6,100.0,0,1,4.02535169073515,True,False,5.811951424706767
1,3.0,4.0,2,8,98.0,0,1,5.579729825986222,False,False,11.98865726260726
0,1.0,1.0,2,2,100.0,0,1,4.795790545596741,False,False,5.2308550720586515
0,1.0,1.0,1,1,100.0,1,9,3.8918202981106265,True,False,8.701330097852493
0,2.0,1.0,3,12,93.0,0,50,5.1298987149230735,False,False,0.7625879780689183
0,2.0,2.0,2,8,93.0,1,1,5.198497031265826,False,False,14.325459814215378
1,1.0,1.0,2,200,96.0,1,1,4.875197323201151,False,False,1.5869278534005873
0,1.0,1.0,1,58,95.0,0,1,3.9318256327243257,True,False,12.5140965669659
0,1.0,1.0,2,14,93.0,0,1,4.007333185232471,True,False,1.7419876587346481
0,1.0,2.0,2,13,95.0,1,1,4.997212273764115,False,False,2.5048719117622893
0,1.0,2.0,30,1,100.0,0,1,4.02535169073515,False,False,6.345021994476443
1,1.0,2.0,2,24,98.0,1,6,4.61512051684126,False,False,1.4298671022664768
0,1.0,1.0,10,43,99.0,0,1,5.298317366548036,False,False,3.0723583114970308
0,1.5,2.0,1,17,78.0,1,4,4.9344739331306915,False,False,6.157845837588956
0,1.0,1.0,1,1,100.0,0,1,3.367295829986474,True,False,10.562539352649713
0,1.5,2.0,2,2,100.0,0,1,4.51085950651685,True,False,8.827188548706484
0,1.0,1.0,1,2,80.0,0,1,4.61512051684126,True,False,1.131776868412483
0,1.0,1.0,2,29,91.0,1,42,4.61512051684126,False,False,1.8840189849286362
0,2.0,2.0,1,1,100.0,0,1,4.875197323201151,True,False,14.451459731767542
0,2.0,3.0,1,73,94.0,1,10,5.017279836814924,False,False,0.7510607304255426
0,1.0,1.0,2,1,80.0,1,1,4.30406509320417,True,False,2.799419181239686
0,2.5,8.0,4,1,100.0,0,1,5.786897381366708,False,False,16.77007795141294
0,2.5,6.0,2,2,100.0,1,26,5.4638318050256105,False,False,22.42885443743377
0,1.0,2.0,1,27,95.0,0,1,3.9318256327243257,True,False,40.92894446331952
1,2.0,1.0,1,34,95.0,1,1,3.8501476017100584,True,False,36.7444079910818
0,1.0,2.0,4,63,97.0,0,2,4.812184355372417,False,False,2.2877615044218134
1,1.0,2.0,1,39,98.0,1,1,4.700480365792417,False,False,7.839099449870011
0,1.0,1.0,1,53,93.0,1,33,5.241747015059643,False,False,1.8310801739744695
0,1.0,3.0,1,15,93.0,1,17,4.836281906951478,False,False,0.9806678057220212
0,1.0,3.0,2,73,86.0,1,1,4.499809670330265,False,False,8.394440070024046
1,2.0,3.0,3,4,90.0,0,2,5.030437921392435,False,False,20.790684117815868
0,2.0,3.0,2,6,90.0,1,1,5.707110264748875,False,False,0.9337946349938184
0,2.0,2.0,1,15,95.0,1,10,4.394449154672439,True,False,9.461675210257711
0,1.5,3.0,1,61,98.0,0,1,4.875197323201151,False,False,3.722416817808532
0,2.0,2.0,2,74,93.0,1,47,5.662960480135946,False,False,0.9102605341745614
0,1.0,1.0,3,3,87.0,0,1,4.574710978503383,True,False,6.099873270498716
0,1.0,3.0,1,4,90.0,0,50,4.9344739331306915,False,False,0.9195630594871916
0,1.0,2.0,1,2,100.0,1,16,4.9344739331306915,True,False,5.357274569898619
0,1.0,2.0,1,12,97.0,0,1,5.442417710521793,False,False,1.0028579810276597
0,1.0,1.0,1,4,75.0,0,1,3.258096538021482,True,False,5.246504176486991
1,1.0,1.0,2,43,97.0,0,1,4.61512051684126,True,False,0.31271141301017275
1,1.0,1.0,2,50,99.0,1,1,4.330733340286331,False,False,9.684234825362429
0,2.0,3.0,1,3,100.0,1,2,5.003946305945459,False,False,1.1182774032645924
1,1.0,1.0,1,19,97.0,0,1,4.51085950651685,True,False,2.5473840883618597
0,1.0,1.0,2,7,94.0,0,1,4.02535169073515,True,False,4.691970992695212
0,1.0,3.0,2,22,95.0,1,1,4.919980925828125,False,False,13.880567783866578
0,1.0,2.0,2,52,98.0,1,1,5.017279836814924,False,False,0.498200972655652
0,1.0,1.0,2,3,93.0,1,1,3.8501476017100584,True,False,7.921571054793294
0,1.0,2.0,2,9,95.0,0,1,4.7535901911063645,False,False,2.599878540768819
0,1.0,1.0,2,8,95.0,0,3,4.442651256490317,True,False,1.1181655601613778
0,1.0,1.0,1,45,88.0,0,3,4.110873864173311,True,False,7.382515985878364
1,1.0,1.0,1,26,93.0,1,1,4.110873864173311,True,False,40.97474519596601
0,1.0,1.0,5,3,93.0,1,21,4.727387818712341,False,False,6.4916150430904045
0,1.0,1.0,7,3,80.0,0,1,4.110873864173311,False,False,9.363202449158702
0,1.0,2.0,2,1,100.0,0,1,4.189654742026425,True,False,31.827930595574372
0,1.0,1.0,3,20,98.0,1,1,4.394449154672439,True,False,3.2001089623405896
0,1.0,1.0,2,4,95.0,1,2,3.8918202981106265,True,False,10.658703638011808
1,1.0,1.0,4,26,99.0,1,3,4.61512051684126,True,False,36.15344373535643
1,1.0,1.0,3,7,97.0,0,3,3.6888794541139363,True,False,20.289485016983118
0,2.0,2.0,1,4,67.0,0,1,5.25227342804663,False,False,0.7923575552148842
1,2.0,2.0,1,4,95.0,1,11,5.298317366548036,False,False,0.8026364869451087
1,1.0,2.0,2,67,95.0,1,34,4.897839799950911,False,False,5.2671087811853
1,1.0,1.0,2,71,99.0,1,1,4.74493212836325,False,False,15.059886109166353
0,2.0,8.0,1,13,85.0,1,12,5.017279836814924,False,False,9.287958776812028
0,1.0,1.0,2,27,98.0,0,1,4.110873864173311,True,False,2.194031568498303
0,1.0,1.0,1,81,94.0,1,22,4.9344739331306915,False,False,1.2981745118436199
1,2.0,4.0,2,77,94.0,1,20,5.342334251964811,False,False,0.7388857888931349
0,1.0,1.0,7,27,95.0,0,1,4.276666119016055,True,False,0.9027268848119417
0,1.0,1.0,3,1,100.0,0,1,5.198497031265826,False,False,4.418739772927384
1,1.0,1.0,1,145,95.0,1,18,4.382026634673881,True,False,0.46347429509551125
0,1.0,1.0,2,7,91.0,0,1,4.61512051684126,False,False,7.4014530110792105
0,1.0,1.0,2,3,100.0,1,1,4.442651256490317,False,False,4.003220137528956
1,1.0,1.0,1,82,98.0,0,1,4.276666119016055,True,False,29.29002079504401
0,1.0,2.0,1,26,86.0,1,16,3.4339872044851463,True,False,6.545036674857621
0,1.0,3.0,3,8,83.0,1,19,5.429345628954441,False,False,1.1393221855959084
1,1.0,2.0,2,53,99.0,1,1,5.017279836814924,False,False,5.4415105050282415
0,1.0,1.0,4,5,100.0,1,1,4.394449154672439,False,False,3.8746762395914542
0,1.0,2.0,1,1,80.0,1,1,3.258096538021482,True,False,8.177963157012712
0,1.0,3.0,2,3,93.0,0,1,5.66988092298052,False,False,3.0913600982956955
1,2.0,5.0,2,74,96.0,0,3,5.375278407684165,False,False,1.6174577917525417
0,1.0,1.0,1,17,95.0,0,5,4.330733340286331,True,False,0.7110943488731519
0,1.0,1.0,3,8,100.0,0,2,2.9444389791664403,False,True,10.223583046354932
0,1.0,1.0,2,2,100.0,0,1,4.477336814478207,False,False,0.6233581872912191
1,1.0,2.0,2,75,97.0,0,1,4.7535901911063645,False,False,1.1981342985350496
0,1.0,1.0,3,4,100.0,0,1,3.58351893845611,True,False,7.206796514295619
0,1.5,2.0,2,5,100.0,1,1,5.442417710521793,False,False,3.729353577028913
0,2.0,3.0,2,3,73.0,1,1,5.298317366548036,False,False,3.507113976268697
1,2.0,3.0,3,18,100.0,0,1,5.017279836814924,False,False,2.977079982942042
0,2.0,1.0,10,1,100.0,0,1,4.143134726391533,True,False,2.611940959581562
0,2.0,2.0,1,3,73.0,1,1,3.8066624897703196,True,False,11.380359605015128
0,1.0,1.0,3,14,97.0,0,2,3.6375861597263857,True,False,6.517836610917068
1,1.0,2.0,1,56,96.0,1,41,4.867534450455582,False,False,0.7965591989342811
1,1.0,1.0,1,94,96.0,0,1,4.634728988229636,False,False,3.8489717867956883
0,2.0,4.0,1,43,94.0,1,12,5.017279836814924,False,False,0.8986425680001059
1,1.0,1.0,3,6,100.0,1,26,5.402677381872279,False,False,3.7452241883343342
1,1.5,1.0,2,6,100.0,0,2,3.58351893845611,True,False,4.322258112227111
1,1.5,2.0,2,64,98.0,0,2,4.875197323201151,False,False,0.5844730254797176
0,1.0,4.0,1,7,91.0,1,1,4.663439094112067,False,False,18.424395679599986
0,3.0,6.0,4,8,97.0,1,1,6.040254711277414,False,False,7.3498775181304765
1,2.5,8.0,2,13,98.0,0,2,6.68586094706836,False,False,2.204260699178875
1,1.0,1.0,2,5,100.0,0,2,4.110873864173311,True,False,16.50031994162737
0,1.0,2.0,5,2,100.0,0,4,3.713572066704308,True,False,7.006531790830756
0,1.0,1.0,1,18,94.0,1,3,3.7612001156935624,True,False,9.883662959601446
0,2.0,2.0,1,14,97.0,0,11,5.231108616854587,False,False,1.3985510669700398
0,1.0,1.0,7,17,97.0,0,1,4.442651256490317,False,False,20.840818682671618
0,1.0,1.0,1,3,100.0,0,1,3.713572066704308,True,False,8.407647845322643
1,1.0,1.0,5,2,100.0,1,1,3.6109179126442243,False,True,0.9808270869254327
0,2.0,2.0,3,2,100.0,0,1,5.017279836814924,False,False,5.991408615029438
1,1.0,1.0,2,21,98.0,0,1,4.204692619390966,True,False,5.344137292147848
0,1.0,3.0,1,2,90.0,1,3,5.480638923341991,False,False,0.9011781295045105
1,1.0,2.0,2,25,98.0,1,3,5.298317366548036,False,False,3.7196005000314964
0,1.0,1.0,2,59,95.0,1,1,4.3694478524670215,True,False,1.5714997372989583
1,1.0,1.0,2,70,96.0,1,2,4.330733340286331,True,False,1.6152593051672943
1,1.0,2.0,2,79,98.0,1,1,5.375278407684165,False,False,1.448990643968268
1,1.0,4.0,2,46,99.0,0,1,5.3981627015177525,False,False,6.463446222417682
0,1.0,1.0,2,2,100.0,1,3,3.4339872044851463,True,False,35.06164521520676
0,1.0,2.0,1,37,85.0,1,50,4.836281906951478,False,False,2.092736544164286
0,1.0,2.0,1,24,88.0,0,9,4.330733340286331,True,False,0.8564891221705112
0,1.0,1.0,2,3,93.0,0,1,4.61512051684126,True,False,2.171719746519537
0,1.0,1.0,5,4,100.0,0,1,4.290459441148391,False,False,4.443234419549624
0,1.5,3.0,2,5,96.0,1,1,5.198497031265826,False,False,13.69236520399643
1,1.0,1.0,2,151,96.0,0,1,4.189654742026425,True,False,1.5864125016286894
0,1.0,1.0,2,12,85.0,1,30,4.61512051684126,False,False,1.8737103043069434
1,1.0,3.0,3,12,100.0,0,1,4.948759890378168,False,False,1.5143720418335078
0,1.0,3.0,1,35,92.0,1,50,5.087596335232384,False,False,1.3343339900616944
0,1.0,1.0,1,4,93.0,1,1,4.110873864173311,True,False,6.2115495777959016
1,1.5,2.0,1,7,100.0,1,2,4.68213122712422,True,False,15.173196508714913
0,1.0,4.0,2,7,91.0,0,22,5.3471075307174685,False,False,3.693494970525085
0,1.0,1.0,1,4,100.0,0,1,4.61512051684126,False,False,1.7883633941162373
0,1.0,1.0,1,70,93.0,1,4,4.59511985013459,False,False,3.728247628969546
0,1.0,1.0,3,6,90.0,0,1,4.276666119016055,False,False,4.067033521167811
1,1.0,2.0,1,2,100.0,1,1,5.099866427824199,True,False,62.2334906171657
1,2.5,4.0,2,25,98.0,0,1,5.529429087511423,False,False,3.593710221823914
0,1.0,2.0,2,4,100.0,1,2,5.056245805348308,False,False,0.816507561834058
0,1.0,1.0,1,13,94.0,0,1,3.784189633918261,True,False,12.150579416844579
0,2.0,3.0,3,5,100.0,1,35,5.1647859739235145,False,False,8.223311934480648
0,1.0,2.0,2,44,91.0,1,3,4.02535169073515,True,False,6.320181850973591
0,1.0,1.0,1,1,100.0,1,1,4.875197323201151,False,False,1.7344343618992475
0,1.0,2.0,5,49,96.0,1,50,4.61512051684126,False,False,0.47019598187674894
0,1.0,1.0,2,4,70.0,0,1,4.394449154672439,False,False,7.296359966954302
0,2.0,4.0,2,7,83.0,1,47,5.918893854273146,False,False,6.114987237685473
0,1.5,3.0,2,4,100.0,0,1,5.5053315359323625,False,False,6.784771225832708
0,1.0,1.0,1,3,93.0,1,3,4.983606621708336,True,False,3.2052096333084883
0,1.0,1.0,4,4,100.0,1,2,3.9318256327243257,True,False,6.194040963618778
0,1.0,2.0,1,3,100.0,1,5,4.51085950651685,False,False,2.1200207593296883
0,1.0,2.0,2,9,89.0,1,50,5.351858133476067,False,False,3.935326961189109
1,1.0,1.0,3,98,95.0,1,2,5.017279836814924,False,False,4.328693683005209
1,2.5,3.0,3,32,95.0,0,2,4.442651256490317,True,False,11.112687452187073
0,2.0,6.0,1,43,92.0,1,12,5.017279836814924,False,False,0.8888776877216845
0,1.0,1.0,1,20,97.0,0,7,4.23410650459726,True,False,0.6303908140504855
0,2.0,8.0,3,14,79.0,1,2,5.030437921392435,False,False,18.667523151854365
0,1.0,2.0,2,15,96.0,1,3,5.786897381366708,False,False,59.098711127473415
1,1.0,1.0,1,41,97.0,0,1,4.174387269895637,True,False,0.6500110269870691
1,2.0,5.0,2,64,97.0,0,13,5.771441123130016,False,False,0.9884773937371668
0,2.0,4.0,2,12,95.0,1,12,5.298317366548036,False,False,6.31407317499815
0,1.0,1.0,7,87,95.0,0,1,4.787491742782046,False,False,5.259880698170414
0,2.0,2.0,10,4,85.0,0,1,5.298317366548036,False,False,8.291564765248326
0,1.0,2.0,1,2,100.0,0,1,4.919980925828125,False,False,4.667368532429996
0,1.0,2.0,6,42,94.0,0,1,5.1647859739235145,False,False,4.021295282662057
0,1.0,1.0,1,1,100.0,0,1,4.795790545596741,False,False,2.293398059354157
1,1.0,1.0,2,38,98.0,0,1,4.795790545596741,False,False,31.180356104618426
0,1.0,2.0,1,1,60.0,1,31,5.293304824724492,False,False,1.659424236361433
0,1.0,1.0,2,1,100.0,0,1,4.5217885770490405,False,False,2.134759543958852
0,1.0,1.0,2,10,96.0,1,2,4.110873864173311,True,False,5.462697877610875
0,1.0,1.0,1,1,60.0,0,3,4.02535169073515,True,False,8.75815329707038
0,1.0,1.0,1,1,100.0,0,1,3.8918202981106265,True,False,5.720358736094267
0,1.5,1.0,2,2,100.0,0,1,3.58351893845611,True,False,6.16166669854798
1,2.0,2.0,2,71,99.0,1,50,4.787491742782046,False,False,5.132386557193274
0,1.0,2.0,2,4,100.0,1,1,3.8918202981106265,True,False,11.499638352295747
0,1.0,3.0,1,118,83.0,0,1,4.61512051684126,False,False,14.208179668398072
0,1.0,1.0,1,14,87.0,0,1,3.871201010907891,True,False,5.598332786984586
1,1.0,2.0,2,41,100.0,0,23,5.017279836814924,False,False,0.5125479440432199
1,1.0,1.0,3,50,97.0,0,1,3.6888794541139363,True,False,9.571326854054329
1,2.0,2.0,1,2,100.0,1,38,5.075173815233827,False,False,0.6856678399613085
0,1.0,2.0,2,17,89.0,1,6,4.969813299576001,False,False,0.3029017168181418
1,2.0,6.0,3,2,100.0,0,22,5.231108616854587,False,False,20.85063812287609
0,2.0,2.0,1,19,100.0,0,1,5.231108616854587,False,False,1.4474749143129173
1,1.0,2.0,1,15,88.0,1,10,4.875197323201151,False,False,0.9309980036725868
1,1.5,3.0,1,60,97.0,1,1,4.663439094112067,True,False,51.694198020864214
0,1.0,1.0,1,13,97.0,1,1,4.3694478524670215,True,False,1.0978757145751512
0,2.0,3.0,3,31,94.0,0,1,5.298317366548036,False,False,4.742109482649964
1,1.5,3.0,2,33,96.0,0,1,5.017279836814924,False,False,6.68689759831043
1,1.5,4.0,2,90,98.0,0,1,5.298317366548036,False,False,3.6589334370981237
1,2.0,3.0,2,106,95.0,1,34,5.327876168789581,False,False,0.9965133808988775
0,1.0,1.0,1,1,100.0,0,1,4.189654742026425,True,False,17.08623653034344
0,3.0,5.0,3,11,91.0,0,1,5.638354669333745,False,False,1.7923256515737624
0,1.0,3.0,3,56,93.0,1,1,5.198497031265826,False,False,7.080980522282325
0,1.0,3.0,1,72,93.0,1,33,5.529429087511423,False,False,0.9536761157303293
0,1.5,1.0,1,4,90.0,0,5,3.6375861597263857,True,False,26.775028401507758
1,2.0,3.0,1,179,98.0,1,1,5.529429087511423,False,False,1.2170382691626158
1,1.0,1.0,2,51,99.0,0,2,4.700480365792417,True,False,6.382704158350424
0,1.0,1.0,5,5,100.0,1,2,4.762173934797756,False,False,2.1455023967627014
1,1.5,4.0,3,16,95.0,1,4,4.976733742420574,False,False,34.41458784248038
0,2.0,4.0,3,3,70.0,0,2,5.529429087511423,False,False,18.962351777182885
0,1.0,1.0,1,3,93.0,1,2,4.394449154672439,True,False,0.807029119191951
0,1.0,1.0,2,2,100.0,0,1,4.51085950651685,False,False,5.744372885951155
1,1.0,1.0,2,99,99.0,0,2,5.017279836814924,False,False,28.995124244284966
1,2.0,6.0,2,40,96.0,1,1,5.602118820879701,False,False,46.24711519981814
0,2.0,5.0,1,1,100.0,0,1,5.017279836814924,False,False,15.65636200176548
0,1.0,1.0,3,2,100.0,0,1,3.295836866004329,True,False,18.293804910984257
0,2.0,4.0,1,29,87.0,1,3,5.087596335232384,False,False,0.9589814559694742
0,2.0,2.0,17,5,95.0,0,1,4.795790545596741,True,False,1.098957680345572
1,2.0,2.0,1,6,100.0,1,18,5.135798437050262,False,False,0.40261919317473677
0,1.0,1.0,1,31,95.0,1,1,4.174387269895637,True,False,0.9439370989685364
0,1.0,1.0,6,4,95.0,1,1,3.9318256327243257,True,False,16.663024561604264
1,1.5,1.0,2,24,93.0,1,1,4.394449154672439,False,False,8.064284927999672
1,2.0,3.0,2,16,96.0,1,2,4.61512051684126,False,False,4.726500864279003
0,1.0,2.0,3,1,100.0,0,1,5.298317366548036,False,False,6.958972777545453
0,1.0,2.0,3,6,80.0,1,50,5.017279836814924,False,False,0.8380857841795226
0,2.0,3.0,2,10,98.0,1,1,5.707110264748875,False,False,4.30027516609513
0,1.0,3.0,1,114,88.0,1,4,4.394449154672439,True,False,1.455718056032471
0,1.0,3.0,7,1,80.0,0,4,4.836281906951478,False,False,0.663812499259546
0,1.0,1.0,1,1,100.0,0,1,4.983606621708336,False,False,13.71759985705287
1,1.0,2.0,2,142,96.0,1,50,4.61512051684126,False,False,3.192235470376075
0,2.0,4.0,2,9,93.0,0,1,6.111467339502679,False,False,39.97274253457827
0,1.0,1.0,3,8,90.0,1,3,4.51085950651685,False,False,1.8890137710637989
0,1.0,1.0,14,1,80.0,1,2,3.2188758248682006,False,True,1.2163618804470988
0,1.0,2.0,1,27,92.0,0,11,4.9344739331306915,False,False,1.6385459161161176
1,1.0,2.0,1,60,96.0,1,3,4.795790545596741,False,False,2.650991375933492
0,1.0,4.0,4,3,100.0,0,3,6.480044561926653,False,False,7.564086696752182
0,1.0,1.0,3,9,93.0,0,1,3.8918202981106265,True,False,4.523712130610239
1,1.0,1.0,30,14,99.0,0,1,3.9318256327243257,False,False,3.627898631920229
1,1.0,1.0,1,25,95.0,0,2,4.574710978503383,False,False,2.3101178076894584
0,1.0,1.0,1,1,80.0,1,1,3.4339872044851463,True,False,4.774730452306619
0,1.0,1.0,3,3,100.0,0,1,4.499809670330265,False,False,2.2544354756600455
0,1.0,3.0,3,8,91.0,1,6,5.087596335232384,False,False,10.879222527096815
0,0.5,1.0,2,18,99.0,0,2,4.248495242049359,True,False,8.343209111424411
0,2.0,1.0,1,20,95.0,0,1,3.8918202981106265,True,False,35.98006897678537
1,1.0,1.0,3,20,100.0,0,1,4.574710978503383,True,False,11.082092878976379
0,1.0,1.0,2,4,90.0,1,2,4.110873864173311,True,False,5.23919806232871
1,1.0,2.0,1,36,94.0,0,2,4.787491742782046,False,False,0.5553645829582696
0,1.0,3.0,1,18,93.0,1,36,4.983606621708336,False,False,14.129376640023878
0,1.0,1.0,2,3,93.0,0,1,4.276666119016055,True,False,8.509826379992685
0,1.0,1.0,1,7,97.0,0,1,4.795790545596741,True,False,8.16934019111645
0,1.0,1.0,2,5,100.0,0,6,3.7612001156935624,True,False,18.873895707561445
0,3.0,1.0,2,4,100.0,1,1,3.713572066704308,True,False,13.763625335931248
1,1.0,1.0,4,40,96.0,0,4,4.61512051684126,False,False,11.954166073013155
0,1.0,1.0,2,5,92.0,0,1,4.890349128221754,True,False,5.505522615041364
1,1.0,2.0,1,34,95.0,1,41,4.61512051684126,False,False,0.716348856978181
0,1.0,1.0,1,20,96.0,0,2,3.8918202981106265,True,False,6.736084370905091
0,1.0,1.0,1,54,90.0,0,5,3.8501476017100584,True,False,7.88206242713999
0,1.0,2.0,7,1,100.0,0,1,4.61512051684126,False,False,7.152062599188882
0,1.0,1.0,1,4,100.0,1,5,6.626717749249025,True,False,0.6129020435980747
0,1.0,2.0,2,200,93.0,1,4,4.77912349311153,False,False,0.13118275296356008
1,1.0,2.0,1,121,97.0,0,1,5.049856007249537,False,False,35.43680041165746
0,2.0,3.0,1,32,98.0,1,1,5.111987788356544,False,False,17.628847899083173
0,1.0,1.0,30,1,100.0,0,1,3.58351893845611,True,False,15.848478421435985
0,1.0,4.0,1,2,90.0,1,4,5.231108616854587,True,False,0.6662359917422821
1,2.0,2.0,1,7,100.0,1,1,5.529429087511423,False,False,41.223847201591354
1,1.0,1.0,1,2,70.0,1,2,4.653960350157523,False,False,0.249376504091806
1,1.0,4.0,3,137,98.0,0,1,5.153291594497779,False,False,4.189373534539946
0,2.0,4.0,1,85,95.0,1,7,5.521460917862246,False,False,0.7058567011140375
1,1.0,1.0,1,4,95.0,1,41,4.927253685157205,False,False,0.8168329911097517
0,2.0,2.0,4,4,95.0,0,1,5.298317366548036,False,False,5.33935276097708
1,1.0,5.0,3,51,95.0,0,2,4.574710978503383,False,False,3.7694560274891895
1,1.0,2.0,2,24,98.0,0,1,4.875197323201151,False,False,6.228139102254431
0,1.0,1.0,2,6,100.0,1,1,5.017279836814924,False,False,4.515349053954868
0,1.0,1.0,1,2,100.0,0,21,5.017279836814924,False,False,1.7701561900064655
0,1.0,2.0,2,4,100.0,0,1,5.017279836814924,False,False,2.2823505595448474
1,1.0,1.0,1,14,99.0,0,2,3.8918202981106265,True,False,16.528520446622952
0,1.0,2.0,5,1,100.0,0,1,5.017279836814924,False,False,3.7212033890281706
0,3.0,3.0,2,13,97.0,1,5,5.82600010738045,False,False,2.1038058756922604
0,1.5,2.0,2,2,100.0,1,12,5.231108616854587,False,False,1.14042402500352
0,1.5,1.0,2,9,96.0,0,1,4.189654742026425,True,False,20.775779591520543
0,1.0,1.0,3,7,100.0,0,1,4.61512051684126,False,False,7.105863911221667
0,1.0,2.0,2,5,96.0,1,2,4.9344739331306915,False,False,2.0340183164178005
0,1.0,1.0,1,20,89.0,0,1,3.713572066704308,True,False,10.038965386381179
1,1.0,1.0,2,14,92.0,1,2,4.23410650459726,True,False,0.6702977820217565
0,1.0,1.0,2,42,99.0,0,1,4.700480365792417,False,False,2.571516746862619
0,1.0,3.0,2,1,100.0,1,7,5.087596335232384,False,False,1.9911684889941788
0,1.0,1.0,2,1,100.0,1,4,3.5263605246161616,False,True,1.1208125604452595
0,1.0,1.0,4,6,97.0,1,1,4.189654742026425,True,False,4.774292034020896
1,1.0,2.0,6,54,93.0,0,5,4.330733340286331,True,False,5.242543941261382
1,1.0,3.0,1,53,99.0,1,1,5.298317366548036,False,False,0.4866810474139036
0,1.5,3.0,5,6,97.0,0,1,5.1647859739235145,False,False,8.946255715844
1,1.0,3.0,2,2,90.0,0,2,5.14166355650266,True,False,25.67917280338293
0,2.0,3.0,1,2,80.0,0,1,5.799092654460526,False,False,1.3509617074041438
0,1.5,2.0,3,4,100.0,1,1,5.017279836814924,False,False,8.923396702130152
1,1.0,2.0,2,125,96.0,1,1,4.110873864173311,False,False,29.98367489298297
0,3.0,8.0,1,13,94.0,1,50,5.786897381366708,False,False,0.8157688828190878
0,1.0,1.0,2,2,70.0,0,28,5.153291594497779,False,False,0.2497955795443447
0,1.0,2.0,3,11,91.0,1,50,5.204006687076795,False,False,0.8467353537719676
0,1.0,1.0,14,2,100.0,0,1,4.61512051684126,False,False,6.152813421555894
0,1.0,1.0,1,13,94.0,1,17,4.442651256490317,True,False,1.5646668384914637
0,2.0,3.0,2,1,100.0,1,1,6.3818160174060985,False,False,4.746013518984703
0,1.0,2.0,3,10,96.0,0,1,4.574710978503383,False,False,8.005134964350187
1,1.0,1.0,1,15,100.0,1,1,3.9318256327243257,True,False,27.338340911898758
0,2.5,1.0,1,13,88.0,1,16,3.8501476017100584,True,False,2.891791844471751
1,2.0,5.0,2,86,95.0,0,1,5.771441123130016,False,False,1.1703402568279588
1,2.0,1.0,2,16,96.0,0,1,3.8918202981106265,True,False,5.902542371414069
0,1.0,1.0,2,8,88.0,0,3,3.6888794541139363,True,False,23.358161385654817
0,1.0,3.0,1,28,94.0,1,38,4.983606621708336,False,False,13.436093832754192
1,1.0,1.0,2,3,93.0,0,2,4.290459441148391,False,False,2.9661755319332936
0,1.0,2.0,2,3,100.0,0,1,5.860786223465865,False,False,2.3251755057668104
0,1.0,1.0,3,4,90.0,0,1,4.795790545596741,False,False,0.7319345526603327
0,1.0,1.0,3,43,86.0,1,14,3.9318256327243257,True,False,11.600602346164044
0,1.0,1.0,14,5,100.0,0,1,4.919980925828125,False,False,2.1974942392453265
0,1.0,1.0,1,2,100.0,0,4,4.499809670330265,True,False,16.203997057352076
1,1.5,1.0,1,59,95.0,1,1,4.110873864173311,True,False,22.949301189481357
0,1.0,1.0,2,4,100.0,0,1,3.713572066704308,True,False,8.228611370778367
0,2.0,7.0,2,4,80.0,0,5,6.396929655216146,False,False,0.851473887062028
0,1.0,1.0,1,9,87.0,1,1,4.330733340286331,True,False,0.6389282901982529
0,2.0,2.0,3,3,80.0,1,50,4.875197323201151,False,False,0.9018254313687174
0,2.0,1.0,1,3,87.0,0,1,3.9318256327243257,True,False,5.5621448699863
0,1.0,2.0,1,1,100.0,1,16,4.77912349311153,False,False,0.4505325254254839
0,1.0,1.0,1,7,90.0,0,1,4.189654742026425,True,False,0.6362627836143051
0,1.0,2.0,14,6,100.0,0,1,5.087596335232384,False,False,5.312544062368011
0,1.0,1.0,2,36,91.0,1,1,4.382026634673881,False,False,12.497784791435556
1,1.0,1.0,1,26,99.0,1,1,4.700480365792417,True,False,5.546335096453194
1,1.0,1.0,2,21,99.0,0,1,3.713572066704308,True,False,7.10920719016537
0,1.0,2.0,1,32,94.0,0,2,4.7535901911063645,False,False,1.985497282898432
1,1.0,2.0,2,6,100.0,1,16,5.017279836814924,False,False,1.1243457192721247
0,1.0,1.0,2,10,98.0,1,1,4.51085950651685,False,False,2.468197466097818
0,1.0,3.0,1,97,90.0,1,33,5.298317366548036,False,False,0.45699376608584324
0,3.0,8.0,2,8,95.0,1,2,5.231108616854587,False,False,52.47374296925695
1,2.0,2.0,3,33,98.0,1,1,4.700480365792417,False,False,18.357955752293655
1,1.0,1.0,3,200,99.0,1,2,4.51085950651685,True,False,1.7184538764328057
1,1.0,1.0,1,84,100.0,0,1,5.017279836814924,False,False,3.8411896001910617
0,1.0,2.0,7,46,97.0,0,1,4.61512051684126,False,False,3.84688403670003
1,1.0,1.0,2,16,100.0,0,23,4.51085950651685,False,False,0.8165438124367927
0,1.0,1.0,2,109,91.0,1,2,3.58351893845611,False,True,5.095058821417473
0,1.0,1.0,1,3,90.0,0,1,4.394449154672439,False,False,6.011080127658968
1,1.0,1.0,1,13,100.0,1,1,3.713572066704308,True,False,4.6318676598741435
1,1.0,1.0,2,54,97.0,0,2,4.442651256490317,True,False,1.5514646192392376
0,1.0,1.0,2,13,100.0,1,1,4.394449154672439,True,False,12.476343584472117
0,1.5,1.0,1,19,99.0,1,2,3.9318256327243257,True,False,7.249573490140911
0,1.5,1.0,6,5,100.0,0,2,3.58351893845611,True,False,18.497630040769995
0,2.5,7.0,2,1,100.0,1,3,5.25227342804663,False,False,23.357213614338562
0,1.5,3.0,2,21,91.0,0,1,5.14166355650266,False,False,5.276753684915221
1,1.0,1.0,1,127,97.0,0,1,3.8066624897703196,True,False,22.131749158219424
0,2.0,3.0,1,4,100.0,0,11,6.68586094706836,False,False,0.7983761169485748
0,1.0,1.0,2,6,100.0,0,1,4.394449154672439,False,False,8.17800246977817
0,1.0,2.0,2,11,93.0,1,2,5.14166355650266,False,False,0.9145665371977769
0,1.0,2.0,3,20,89.0,0,2,4.875197323201151,False,False,4.366758388589781
0,1.0,1.0,1,2,100.0,1,6,4.90527477843843,False,False,0.6681864988934332
0,2.0,3.0,1,31,92.0,1,33,5.049856007249537,False,False,0.9540731023783959
1,1.5,3.0,2,23,100.0,0,1,5.236441962829949,False,False,3.9057578386296767
0,1.0,1.0,3,2,100.0,1,1,5.017279836814924,False,False,2.062218945487988
1,2.0,3.0,3,7,89.0,1,3,5.1647859739235145,False,False,0.7819729971685988
0,1.0,1.0,4,49,92.0,1,1,4.3694478524670215,True,False,0.45146414544545693
0,1.5,1.0,30,4,100.0,0,1,4.499809670330265,False,False,6.23121142455965
1,1.0,2.0,1,3,93.0,1,5,4.663439094112067,False,False,27.219735663338845
0,1.0,6.0,1,2,100.0,1,1,4.276666119016055,False,False,11.590810921658257
0,1.5,1.0,1,6,73.0,1,3,3.4965075614664802,True,False,12.624816612550292
0,1.0,6.0,2,2,70.0,0,9,5.66988092298052,False,False,52.22385626545305
0,1.0,1.0,2,6,97.0,1,2,4.553876891600541,True,False,0.9235964605012241
1,2.0,3.0,5,14,100.0,1,1,5.198497031265826,False,False,2.5333912049883165
0,1.0,1.0,1,67,93.0,0,4,3.367295829986474,False,True,0.5314809336617332
1,1.0,2.0,2,4,100.0,1,5,4.382026634673881,False,False,2.0847119628873227
1,1.0,2.0,2,65,96.0,1,34,4.820281565605037,False,False,3.8603169278093956
1,3.5,5.0,2,34,99.0,0,1,6.311734809152915,False,False,6.094560429790072
0,1.0,3.0,1,2,80.0,1,16,4.61512051684126,True,False,5.459206842570236
0,1.0,1.0,1,1,80.0,0,1,4.948759890378168,False,False,0.5587984786906086
0,1.0,1.0,1,5,85.0,1,1,3.7612001156935624,True,False,29.31077913020687
0,1.0,2.0,2,44,95.0,0,23,4.61512051684126,False,False,0.3216677360736797
0,1.0,2.0,1,3,67.0,0,17,4.23410650459726,True,False,0.6792343703849821
1,1.0,1.0,1,117,99.0,1,4,4.875197323201151,True,False,36.18420742029542
0,1.0,1.0,2,24,98.0,0,1,5.017279836814924,False,False,4.263804530116645
0,1.0,2.0,1,18,93.0,0,1,3.9318256327243257,True,False,26.36612522591522
0,1.0,1.0,1,4,95.0,1,1,4.02535169073515,True,False,18.88636395068522
0,1.0,4.0,1,188,94.0,1,1,5.236441962829949,False,False,54.38916067391138
0,1.0,1.0,3,6,96.0,0,1,4.442651256490317,False,False,5.488269783247327
0,1.0,1.0,3,8,100.0,0,1,4.3694478524670215,True,False,1.3415067408748311
1,2.0,2.0,1,3,87.0,1,38,5.075173815233827,False,False,0.6569605352898334
0,2.0,1.0,1,1,60.0,0,2,3.6375861597263857,True,False,23.384385510652884
0,2.0,2.0,2,15,92.0,1,2,5.298317366548036,False,False,4.342774813821209
1,2.0,6.0,2,63,96.0,1,7,5.472270673671475,False,False,2.007338510458134
1,1.0,1.0,3,81,97.0,0,1,5.017279836814924,False,False,1.6489339657912279
0,1.0,1.0,1,7,94.0,0,2,4.787491742782046,True,False,1.9784407777885278
0,1.0,1.0,3,4,100.0,0,1,3.9318256327243257,True,False,5.194239847566619
0,1.0,1.0,2,14,80.0,0,3,4.394449154672439,False,False,1.8810073506658842
0,1.0,3.0,2,7,69.0,1,12,5.087596335232384,False,False,2.1219352421342776
1,1.5,2.0,1,20,99.0,1,17,5.176149732573829,False,False,10.27898734703503
0,1.0,1.0,2,24,94.0,0,1,4.574710978503383,False,False,17.081003293279007
0,1.0,1.0,1,9,100.0,1,1,4.442651256490317,False,False,32.053038232045665
0,0.5,1.0,2,3,100.0,1,1,3.5263605246161616,True,False,15.981565271355253
0,2.5,1.0,1,4,100.0,1,16,3.8501476017100584,True,False,2.7640412279537756
1,1.5,3.0,2,15,97.0,0,1,3.8501476017100584,True,False,41.158670283606156
0,1.0,3.0,5,12,95.0,1,21,5.214935757608986,False,False,5.317113383897215
0,1.0,2.0,3,19,94.0,1,1,4.442651256490317,False,False,4.627920121641532
1,1.0,1.0,1,22,96.0,1,1,3.8918202981106265,True,False,5.5951118724652895
0,1.0,4.0,2,21,98.0,0,1,5.860786223465865,False,False,39.065194348199874
0,1.0,2.0,1,9,93.0,0,2,4.59511985013459,False,False,7.288204564159525
0,1.0,1.0,1,151,91.0,0,7,3.713572066704308,True,False,16.051757920120266
0,1.0,2.0,7,4,100.0,0,1,5.017279836814924,False,False,7.154179415334196
0,2.0,3.0,3,14,97.0,0,2,6.208590026096629,False,False,2.791066147926915
0,1.0,2.0,2,17,99.0,0,1,4.74493212836325,False,False,4.487965100110689
0,1.0,2.0,1,4,85.0,0,1,4.276666119016055,False,False,5.61977712326853
0,1.0,1.0,4,1,100.0,0,23,4.890349128221754,False,False,5.380492042999022
0,1.0,2.0,1,4,55.0,1,2,4.248495242049359,False,False,17.97135759052015
0,1.0,1.0,1,3,80.0,1,1,4.382026634673881,True,False,12.178935025399902
0,1.5,4.0,3,10,96.0,0,9,4.836281906951478,False,False,5.341926949532382
1,1.0,1.0,2,82,99.0,0,2,3.8501476017100584,True,False,14.694697668128022
0,1.0,1.0,1,3,100.0,1,1,4.110873864173311,True,False,5.904499904147579
0,1.0,1.0,2,9,98.0,0,1,3.8501476017100584,True,False,8.522017947805974
0,2.5,4.0,3,6,97.0,1,14,3.258096538021482,False,True,21.72790584435581
0,1.0,1.0,1,11,100.0,0,1,3.4339872044851463,True,False,16.49153813565771
1,1.0,2.0,2,21,94.0,0,1,5.3981627015177525,True,False,52.79033104518095
1,1.0,1.0,2,14,99.0,0,2,3.9318256327243257,True,False,14.706860656001027
0,1.0,2.0,3,28,93.0,1,50,5.25227342804663,False,False,0.5671371067478733
0,1.0,1.0,2,4,100.0,0,1,4.127134385045092,True,False,3.9449322208230764
0,1.0,1.0,1,6,100.0,0,1,4.110873864173311,True,False,8.79582623318363
0,1.0,1.0,1,2,100.0,1,2,5.529429087511423,True,False,46.9961446935158
1,2.0,2.0,2,38,100.0,0,2,5.517452896464707,False,False,30.250761547545054
1,1.0,2.0,2,12,98.0,0,1,4.394449154672439,True,False,32.799634206953
0,1.0,2.0,2,19,92.0,0,1,4.204692619390966,False,False,22.784438742329872
1,1.0,1.0,1,10,98.0,0,1,4.61512051684126,True,False,3.979587998524439
1,2.0,3.0,1,58,92.0,1,35,5.135798437050262,False,False,0.9710923735134711
0,1.0,1.0,3,4,95.0,1,50,4.875197323201151,False,False,0.48215832011357596
0,1.0,2.0,1,85,92.0,1,9,5.017279836814924,False,False,6.002754737965833
1,1.0,2.0,2,1,100.0,0,2,4.61512051684126,False,False,8.401754453883187
1,1.0,3.0,3,9,100.0,0,1,5.62040086571715,False,False,8.053776670541296
0,2.0,3.0,3,9,100.0,0,1,4.875197323201151,False,False,5.512628132088956
0,1.0,1.0,3,13,100.0,0,1,4.7535901911063645,False,False,3.5801480580514555
0,1.5,1.0,1,27,90.0,0,17,4.110873864173311,True,False,2.0625777409404984
0,1.0,1.0,1,2,100.0,0,2,3.9318256327243257,True,False,17.275531594594874
0,1.0,2.0,2,14,92.0,0,1,5.220355825078324,False,False,2.3279274558703165
0,1.0,2.0,2,8,90.0,0,42,4.820281565605037,False,False,0.9853074558622446
0,1.0,1.0,2,4,80.0,0,1,4.700480365792417,False,False,4.856763333425506
0,1.0,1.0,1,20,95.0,0,2,4.276666119016055,True,False,2.3647384098962587
0,1.0,1.0,1,61,93.0,0,1,4.189654742026425,True,False,4.305492799056872
0,1.0,1.0,2,6,100.0,0,2,4.442651256490317,True,False,2.8139494411741266
0,1.0,1.0,1,26,92.0,1,3,4.189654742026425,True,False,15.18704495750842
0,1.0,1.0,2,1,100.0,1,1,4.204692619390966,True,False,2.531853759373671
0,1.0,1.0,1,83,94.0,0,2,4.23410650459726,True,False,1.3967395139464165
1,1.0,1.0,6,43,96.0,0,1,4.852030263919617,False,False,4.3426174973329
1,1.0,2.0,1,47,95.0,1,1,5.017279836814924,False,False,2.0068307953198508
0,1.0,4.0,2,4,80.0,1,2,5.017279836814924,False,False,13.812911498884995
0,1.0,1.0,1,1,100.0,0,1,4.276666119016055,True,False,0.3709972375533027
0,1.0,1.0,2,4,100.0,0,1,5.298317366548036,False,False,4.556228451494257
0,1.5,1.0,1,14,91.0,1,3,3.6888794541139363,True,False,9.90016818121031
1,1.0,1.0,2,141,96.0,1,3,4.795790545596741,False,False,9.376347004033597
1,1.0,1.0,2,24,98.0,0,1,4.795790545596741,False,False,0.4582139273363412
0,1.0,1.0,1,84,88.0,1,26,4.787491742782046,False,False,0.4072702729877077
1,1.0,1.0,1,11,98.0,1,1,3.8918202981106265,True,False,5.235561465924709
1,1.0,2.0,3,9,98.0,0,2,4.68213122712422,False,False,2.074915344296826
0,2.0,4.0,7,2,100.0,1,1,6.396929655216146,False,False,7.322802016211634
0,1.0,1.0,2,49,99.0,1,1,4.276666119016055,True,False,6.050962245458197
0,1.0,1.0,2,1,100.0,0,2,3.58351893845611,True,False,12.822291855458076
0,1.0,1.0,1,2,100.0,0,1,3.713572066704308,True,False,10.677184923700352
1,1.0,1.0,1,31,98.0,0,1,4.330733340286331,False,False,4.849905204676611
0,3.0,5.0,4,1,100.0,0,1,5.860786223465865,False,False,5.26012987112046
1,1.0,2.0,3,80,97.0,1,3,4.948759890378168,False,False,2.491166570741745
0,2.0,2.0,1,18,98.0,1,15,5.017279836814924,False,False,0.9154869885962191
0,2.0,7.0,2,3,93.0,1,26,5.5053315359323625,False,False,15.16637960012144
0,2.5,6.0,2,22,93.0,1,7,5.860786223465865,False,False,0.5999437119604075
0,2.0,2.0,3,7,100.0,1,2,5.3981627015177525,False,False,3.913679801780071
0,1.0,1.0,2,4,95.0,1,1,4.700480365792417,False,False,1.4346513633958369
0,2.0,2.0,14,20,95.0,0,1,5.1647859739235145,False,False,4.534454962415993
0,1.0,1.0,1,10,90.0,1,2,3.9889840465642745,True,False,2.8851001169659356
0,1.0,2.0,2,2,90.0,0,1,4.795790545596741,False,False,3.9655325152477086
0,1.0,1.0,7,1,100.0,0,1,4.330733340286331,False,False,4.685565393957079
1,1.0,1.0,1,7,100.0,0,4,3.4339872044851463,True,False,28.818959627716882
0,2.0,2.0,2,52,99.0,0,2,5.424950017481403,False,False,2.7325980626067157
0,1.0,1.0,3,2,100.0,1,1,4.02535169073515,True,False,2.116281206063652
1,1.0,2.0,2,6,100.0,0,6,5.860786223465865,False,False,36.26187434950897
0,1.0,1.0,3,1,100.0,0,2,5.278114659230517,False,False,5.951200828600303
0,1.0,2.0,2,96,91.0,1,3,4.276666119016055,True,False,1.1502836899316076
1,1.0,1.0,2,79,98.0,1,1,4.3694478524670215,False,False,4.096797584363054
1,1.0,3.0,1,23,99.0,0,1,4.61512051684126,False,False,1.7064351818459345
0,2.5,8.0,2,1,80.0,1,12,5.393627546352362,False,False,16.68665881623479
0,1.0,2.0,2,23,90.0,0,1,4.61512051684126,False,False,6.607845268555264
1,1.0,2.0,1,200,98.0,0,1,4.700480365792417,False,False,1.6679144393202583
1,1.0,2.0,1,3,100.0,1,2,3.9318256327243257,True,False,11.740637262879108
0,2.0,1.0,21,2,80.0,0,1,3.4339872044851463,True,False,12.876214309273646
0,2.0,2.0,2,2,100.0,0,1,4.762173934797756,False,False,3.0776410227109583
0,1.0,1.0,1,17,93.0,0,1,4.23410650459726,True,False,1.3615082140718793
0,1.0,1.0,2,1,100.0,0,1,3.784189633918261,True,False,1.177181883092336
0,2.0,1.0,1,53,99.0,0,1,4.02535169073515,True,False,5.615714153426712
0,1.0,2.0,1,4,95.0,1,4,4.9344739331306915,False,False,1.4944543716424197
0,1.0,2.0,5,36,93.0,1,50,5.017279836814924,False,False,0.5679882537046608
1,1.0,1.0,1,40,97.0,0,5,4.110873864173311,True,False,1.347173204646344
0,1.0,3.0,2,14,83.0,0,3,4.795790545596741,False,False,0.992139453022619
0,1.0,1.0,3,22,96.0,0,3,5.19295685089021,False,False,1.5074157149104555
0,2.0,5.0,1,25,94.0,1,1,4.9344739331306915,False,False,28.03784965628798
0,1.0,1.0,1,4,100.0,1,5,4.499809670330265,True,False,29.12908708961611
0,2.0,3.0,3,7,100.0,1,9,4.948759890378168,False,False,1.9488001923049771
0,1.0,1.0,1,15,96.0,0,1,4.330733340286331,True,False,26.732243612467382
1,1.0,2.0,3,14,100.0,0,1,4.248495242049359,False,False,4.426076158461152
0,2.0,8.0,2,5,92.0,0,1,5.860786223465865,False,False,18.48554387202967
1,2.0,1.0,7,19,99.0,1,2,3.8501476017100584,True,False,7.62424221023377
0,1.0,2.0,1,1,100.0,1,36,4.875197323201151,False,False,1.6420702116710413
0,1.0,3.0,5,39,93.0,1,50,5.087596335232384,False,False,0.367626441589949
1,3.0,4.0,4,22,98.0,0,2,6.68586094706836,False,False,12.31313355278418
0,1.0,1.0,1,6,97.0,0,2,3.6888794541139363,True,False,17.30666861449458
0,1.0,1.0,1,5,100.0,0,1,4.51085950651685,True,False,4.446255336298281
0,2.5,6.0,2,1,100.0,1,1,5.442417710521793,False,False,14.228289113227694
1,1.0,3.0,2,77,98.0,1,1,5.003946305945459,False,False,5.360317486905698
0,1.0,1.0,2,4,100.0,1,1,4.61512051684126,False,False,5.394218726246717
1,2.0,4.0,1,200,96.0,0,6,5.298317366548036,False,False,5.403247101575295
0,1.0,1.0,3,10,88.0,0,3,3.713572066704308,True,False,13.840678663964736
0,1.0,2.0,1,134,94.0,1,50,4.700480365792417,False,False,0.6153447779994152
0,1.0,3.0,1,12,92.0,1,50,5.017279836814924,False,False,6.29799727693377
1,1.5,1.0,1,44,98.0,1,1,4.330733340286331,True,False,7.517354020270161
1,1.5,1.0,1,15,99.0,0,4,3.7612001156935624,True,False,14.01798513878237
0,1.0,1.0,3,25,98.0,0,1,4.875197323201151,False,False,3.2115607459077444
1,1.0,1.0,1,43,98.0,0,1,4.663439094112067,True,False,0.693382241682464
1,1.0,1.0,2,52,97.0,1,1,3.6375861597263857,True,False,14.25220216629019
1,1.0,3.0,2,73,99.0,0,3,4.700480365792417,False,False,0.5834664843261393
0,1.0,1.0,1,2,80.0,1,4,4.795790545596741,False,False,1.181546324123764
0,1.0,3.0,5,2,90.0,0,1,5.075173815233827,False,False,12.921050515332015
0,2.0,4.0,1,6,83.0,0,1,4.836281906951478,False,False,1.2790417220895913
0,1.0,1.0,10,3,100.0,0,1,5.017279836814924,False,False,0.44048371661518887
0,2.0,3.0,3,17,85.0,1,38,5.198497031265826,False,False,22.72934091030473
0,1.0,2.0,1,1,100.0,1,4,6.551080335043404,False,False,3.826599608021563
0,1.5,3.0,3,3,100.0,0,1,5.5053315359323625,False,False,2.646602132314038
0,1.0,2.0,1,5,96.0,1,22,4.852030263919617,False,False,0.7972027240077273
0,2.0,2.0,2,7,89.0,0,1,3.9512437185814275,True,False,25.56483050399886
0,1.0,1.0,2,1,80.0,1,7,4.02535169073515,True,False,1.3308590104356761
0,1.0,2.0,2,10,91.0,1,1,4.61512051684126,False,False,6.154397537866766
0,1.0,1.0,4,7,100.0,0,1,4.574710978503383,False,False,1.1533755041868292
0,1.0,1.0,1,22,84.0,1,2,4.07753744390572,True,False,0.9115509852814955
1,1.0,3.0,2,8,98.0,0,1,5.3981627015177525,False,False,0.32481952370254197
0,1.0,1.0,1,1,100.0,1,31,5.0689042022202315,False,False,1.6669676540016267
0,2.0,3.0,5,2,100.0,0,1,5.017279836814924,False,False,11.358994036447404
0,1.0,1.0,2,8,93.0,0,1,4.9344739331306915,False,False,1.8644657653265693
0,1.0,1.0,1,20,84.0,0,2,3.6375861597263857,True,False,18.697116567775126
0,1.5,2.0,2,6,97.0,0,1,4.700480365792417,False,False,6.085209922065119
1,1.0,3.0,2,21,99.0,0,1,4.875197323201151,False,False,19.87863399677808
1,1.0,1.0,2,120,98.0,0,1,4.204692619390966,False,False,7.305647420218762
1,2.0,2.0,2,31,97.0,1,50,4.61512051684126,False,False,1.1388083419728232
0,1.0,1.0,2,2,100.0,0,1,4.442651256490317,True,False,4.185783380656063
0,1.0,2.0,2,1,100.0,0,1,4.795790545596741,False,False,6.672011764957748
1,1.0,1.0,2,17,96.0,0,3,4.919980925828125,False,False,1.8244613267562722
0,1.0,2.0,2,4,90.0,1,12,4.948759890378168,False,False,0.9382528421220065
0,1.0,3.0,2,3,80.0,1,1,5.111987788356544,False,False,14.353239329491561
1,2.0,6.0,2,48,98.0,0,1,5.529429087511423,False,False,1.2806528552019354
0,2.0,2.0,2,15,95.0,0,1,4.795790545596741,False,False,2.0938296079543117
0,1.0,1.0,1,143,89.0,1,2,4.02535169073515,True,False,2.8334819190692104
0,1.0,1.0,1,6,93.0,0,1,3.58351893845611,True,False,6.8733226938965615
0,1.0,2.0,1,50,91.0,1,3,4.983606621708336,False,False,0.7171166308514239
0,1.0,1.0,2,34,95.0,1,1,4.762173934797756,False,False,1.6111404168617924
0,1.0,1.0,2,2,100.0,1,1,4.382026634673881,True,False,4.323301448207415
0,1.0,1.0,1,11,88.0,1,1,3.4965075614664802,True,False,26.258235439007034
0,2.5,2.0,2,2,100.0,0,1,5.384495062789089,False,False,2.787731360490284
0,1.0,1.0,4,1,80.0,0,1,4.948759890378168,False,False,0.9182663856284599
0,2.0,3.0,2,2,100.0,0,24,5.049856007249537,False,False,5.135317265718101
0,1.0,2.0,5,12,100.0,0,1,5.198497031265826,False,False,3.323448498922387
0,1.0,1.0,2,108,91.0,0,50,4.919980925828125,False,False,1.5101716103661988
1,1.0,2.0,2,14,97.0,1,1,4.663439094112067,False,False,3.0870684910533903
0,1.0,1.0,1,4,100.0,1,31,4.110873864173311,True,False,14.222905248440188
0,2.0,3.0,7,2,100.0,0,1,4.948759890378168,False,False,2.4117339122601518
1,1.0,1.0,2,69,99.0,0,1,4.442651256490317,True,False,15.88586893031926
0,1.0,1.0,1,2,100.0,0,5,4.795790545596741,False,False,0.8492332508594167
0,1.0,2.0,1,10,94.0,0,2,4.700480365792417,False,False,2.2539634523007726
0,1.5,2.0,2,3,100.0,1,1,4.919980925828125,False,False,9.978802335642733
1,2.0,1.0,2,8,100.0,0,5,4.700480365792417,False,False,5.96082552532173
0,1.0,2.0,1,4,95.0,1,27,5.1647859739235145,False,False,0.7249214642069178
0,1.0,1.0,1,1,100.0,0,3,4.189654742026425,True,False,8.740321441043308
0,1.0,3.0,1,15,95.0,1,11,5.298317366548036,False,False,1.1175427656752226
0,2.0,2.0,2,20,100.0,1,1,5.231108616854587,False,False,5.500424172619766
0,1.0,2.0,3,10,90.0,1,24,4.574710978503383,False,False,1.0130496003558054
0,1.0,1.0,1,3,80.0,0,1,4.382026634673881,True,False,21.7146264738469
0,1.0,1.0,2,5,96.0,0,2,3.713572066704308,True,False,6.447806263195919
0,1.0,2.0,9,4,100.0,0,1,4.795790545596741,False,False,6.175371789697767
0,1.0,4.0,5,12,98.0,0,1,5.529429087511423,False,False,6.272367845178502
1,2.0,8.0,1,153,98.0,1,1,5.598421958998375,False,False,0.902216255187881
1,2.0,3.0,1,26,99.0,1,8,5.424950017481403,False,False,16.834394943867515
0,2.0,1.0,1,4,100.0,0,5,4.394449154672439,True,False,18.543635324117016
1,2.0,3.0,2,141,97.0,1,1,5.25227342804663,False,False,1.32624918398644
0,1.5,2.0,2,2,60.0,0,19,5.087596335232384,False,False,14.304164358907306
0,1.0,1.0,1,4,80.0,1,3,4.02535169073515,True,False,15.744621734180228
0,1.0,1.0,1,7,91.0,0,1,3.8918202981106265,True,False,2.5826857317296144
0,1.0,1.0,1,112,98.0,0,4,4.110873864173311,True,False,30.675969319087685
0,1.5,2.0,2,2,100.0,1,1,4.795790545596741,False,False,8.08067007853786
1,1.0,1.0,1,115,98.0,0,1,4.6913478822291435,False,False,4.056986138407543
1,1.0,1.0,1,57,95.0,0,2,4.442651256490317,True,False,2.3419957453232945
0,1.0,1.0,1,8,100.0,0,11,4.700480365792417,False,False,2.713928306928436
0,1.0,1.0,2,3,100.0,0,1,3.713572066704308,True,False,1.9464998919155723
0,2.0,4.0,1,17,95.0,1,14,4.875197323201151,False,False,1.9603800600033205
0,1.0,3.0,2,20,94.0,0,1,5.1647859739235145,False,False,3.6954015549731287
0,1.0,1.0,3,7,83.0,0,25,3.258096538021482,False,True,0.7293333007605975
0,1.0,1.0,1,7,86.0,0,5,3.4339872044851463,True,False,18.177053594173323
0,1.0,2.0,1,7,91.0,0,38,4.890349128221754,False,False,13.541187210168685
1,1.0,1.0,1,67,95.0,0,2,4.174387269895637,False,False,11.437885495966125
1,1.0,1.0,1,8,100.0,1,5,5.049856007249537,False,False,38.11082922085032
1,1.0,4.0,3,6,97.0,1,5,4.394449154672439,True,False,19.567100261789733
0,1.0,1.0,2,22,98.0,0,1,4.875197323201151,False,False,13.020106647201704
0,1.0,2.0,30,1,100.0,0,1,4.51085950651685,False,False,0.9252374049235077
0,1.0,1.0,2,6,100.0,0,1,3.713572066704308,True,False,7.883798761686449
0,1.0,4.0,2,47,90.0,1,2,4.61512051684126,False,False,7.26473416159176
1,1.5,3.0,2,19,97.0,1,1,5.579729825986222,False,False,52.17507204822513
1,1.0,2.0,1,200,98.0,1,11,4.804021044733257,False,False,6.341603486017491
1,1.0,1.0,7,35,99.0,0,1,4.110873864173311,True,False,4.844961062442681
0,2.0,3.0,1,24,89.0,1,1,5.3981627015177525,False,False,0.6193645453060476
1,1.0,2.0,3,25,99.0,0,4,4.248495242049359,True,False,9.322899459609303
0,2.0,2.0,2,10,100.0,0,1,4.875197323201151,False,False,8.883797282807418
0,1.0,1.0,1,3,100.0,1,1,3.6375861597263857,True,False,2.7796361930492233
0,1.0,2.0,3,1,100.0,1,50,4.948759890378168,False,False,2.172959822482227
0,1.0,1.0,3,190,98.0,1,2,4.787491742782046,False,False,1.0172308977261157
0,1.0,2.0,2,4,100.0,1,30,4.795790545596741,False,False,15.499371443030844
0,1.0,3.0,2,2,100.0,0,1,4.477336814478207,True,False,41.35840437139097
0,1.0,4.0,2,1,100.0,1,1,5.442417710521793,False,False,37.51589297115138
0,1.0,1.0,6,1,100.0,1,1,5.017279836814924,False,False,1.9823469561335438
0,2.0,8.0,3,8,98.0,1,1,5.4638318050256105,False,False,26.9780614099798
0,1.0,1.0,2,3,100.0,1,1,4.442651256490317,False,False,5.558424886982308
0,1.0,1.0,2,61,91.0,0,1,4.61512051684126,False,False,2.248718266291024
1,2.0,2.0,5,29,91.0,0,1,4.948759890378168,False,False,10.41325977267242
0,1.0,2.0,7,8,85.0,0,4,5.049856007249537,False,False,2.0627908485101885
0,2.0,4.0,5,5,96.0,0,1,5.521460917862246,False,False,3.3615884269001968
0,1.0,1.0,1,10,94.0,0,1,4.204692619390966,True,False,5.817710113889521
0,2.0,3.0,1,1,100.0,0,1,5.529429087511423,False,False,4.95383044184276
0,1.5,1.0,2,12,98.0,0,1,5.4638318050256105,False,False,0.8728281376315905
0,1.0,1.0,2,2,80.0,0,3,4.795790545596741,False,False,3.833234901399777
0,1.0,1.0,2,11,98.0,0,1,4.836281906951478,True,False,1.358241713535396
1,1.5,1.0,2,149,99.0,1,2,4.394449154672439,True,False,2.692626921470267
0,2.0,6.0,7,2,100.0,1,1,5.017279836814924,False,False,13.221235342704418
0,2.0,2.0,3,15,97.0,0,1,4.7535901911063645,False,False,6.1072388128496735
0,1.0,1.0,1,8,95.0,1,1,4.248495242049359,True,False,33.75222813858765
0,2.5,1.0,2,2,90.0,1,1,3.8501476017100584,True,False,5.563194072935712
0,1.0,3.0,1,24,88.0,1,4,5.25227342804663,False,False,0.888419326516255
0,1.0,1.0,1,10,82.0,1,38,4.9344739331306915,False,False,0.7180519385341472
0,2.0,2.0,20,6,93.0,0,1,4.7535901911063645,False,False,3.1243258535351317
1,1.0,1.0,3,47,96.0,0,1,4.02535169073515,True,False,6.23679966895998
0,1.0,2.0,1,1,100.0,1,4,4.9344739331306915,False,False,1.3102303402761348
0,1.0,1.0,1,2,100.0,0,1,5.198497031265826,True,False,7.108552548228759
1,2.0,5.0,2,4,100.0,0,3,5.993961427306569,False,False,2.7192847048685396
0,1.0,2.0,1,7,86.0,1,14,6.212606095751519,False,False,1.8608180197037716
0,1.0,2.0,1,32,94.0,1,33,5.198497031265826,False,False,1.446759147232658
0,1.0,1.0,3,10,90.0,1,4,4.795790545596741,False,False,3.7191753319035095
0,2.0,6.0,1,86,91.0,1,50,5.993961427306569,False,False,1.912194684381429
0,3.0,1.0,7,2,100.0,0,2,3.9318256327243257,True,False,14.509549385029363
1,1.0,1.0,2,17,100.0,1,6,4.110873864173311,True,False,1.1342745439567663
1,2.0,4.0,1,85,96.0,1,1,5.198497031265826,False,False,1.9571619785405419
0,1.0,2.0,3,3,93.0,0,1,5.564520407322694,False,False,5.939490140280985
1,1.0,2.0,1,68,100.0,1,2,4.836281906951478,True,False,51.667967923950215
0,1.0,1.0,7,1,100.0,0,9,4.983606621708336,False,False,0.842865636255082
1,1.0,1.0,2,6,100.0,0,3,4.189654742026425,True,False,2.1389188022222703
0,2.0,3.0,3,1,100.0,0,1,4.700480365792417,False,False,1.7562058121941642
1,1.0,1.0,1,98,99.0,0,1,4.394449154672439,True,False,41.853043986612214
0,1.5,3.0,1,3,100.0,0,1,4.700480365792417,False,False,7.419932558158185
0,1.0,1.0,1,51,95.0,1,1,4.276666119016055,True,False,21.995896445078834
1,1.0,1.0,1,7,100.0,0,4,3.713572066704308,True,False,28.676636990937542
0,1.0,2.0,2,31,92.0,1,1,5.017279836814924,False,False,1.0945056915012499
0,2.0,4.0,3,16,86.0,1,35,5.402677381872279,False,False,7.232731536973397
0,1.0,2.0,1,39,89.0,1,50,4.787491742782046,False,False,0.7564805859133664
1,1.0,2.0,2,110,98.0,1,50,4.61512051684126,False,False,3.348981878758559
0,1.0,2.0,1,9,96.0,1,3,4.867534450455582,False,False,0.926337999785829
0,1.0,2.0,1,1,80.0,1,4,3.9318256327243257,True,False,14.688001191114362
0,1.0,2.0,1,149,94.0,1,50,4.74493212836325,False,False,0.753759325519103
0,1.0,1.0,3,13,94.0,1,2,3.258096538021482,True,False,27.20216488010693
1,2.0,2.0,2,15,95.0,0,2,5.198497031265826,False,False,2.007047165478699
0,1.0,2.0,1,46,94.0,1,5,4.9344739331306915,False,False,0.8232004463246814
1,1.0,1.0,3,27,97.0,0,2,4.110873864173311,True,False,13.309279921039494
1,1.0,1.0,2,6,97.0,0,3,4.23410650459726,True,False,1.0930835602287925
0,1.0,1.0,1,2,90.0,0,1,4.110873864173311,True,False,6.008917392377254
0,1.0,1.0,1,1,100.0,1,1,4.574710978503383,True,False,1.60413662645575
1,1.0,2.0,1,106,98.0,0,1,4.955827057601261,False,False,53.45927334436635
0,1.0,2.0,18,3,100.0,0,1,4.795790545596741,False,False,1.831212918776371
0,1.5,1.0,1,46,86.0,1,2,3.258096538021482,False,True,5.532673560761517
0,1.0,1.0,1,6,100.0,1,1,4.276666119016055,True,False,0.9181863146891837
0,2.0,4.0,2,4,95.0,1,1,5.1647859739235145,False,False,22.560405736664446
0,1.5,1.0,1,3,100.0,1,4,3.8918202981106265,True,False,22.606698637855498
0,3.0,6.0,1,4,90.0,1,50,5.25227342804663,False,False,19.815591115271516
0,2.0,1.0,3,69,93.0,0,8,3.9318256327243257,True,False,5.632734360006403
0,1.0,3.0,5,3,93.0,0,1,5.327876168789581,False,False,8.512965192825948
0,1.0,2.0,4,87,94.0,1,1,4.61512051684126,False,False,8.321295498918508
0,1.0,3.0,1,84,91.0,1,7,5.135798437050262,False,False,0.4822365639974248
1,1.0,1.0,1,3,100.0,0,3,5.017279836814924,False,False,10.124753973394705
0,1.0,1.0,1,2,70.0,1,9,5.991464547107982,False,False,0.7361345771690784
1,2.0,4.0,2,17,100.0,1,4,5.529429087511423,False,False,3.868685287789348
1,2.0,8.0,2,142,98.0,0,3,5.857933154483459,False,False,1.1714483841673407
1,1.0,1.0,1,11,96.0,1,4,3.8918202981106265,True,False,19.558962274831
0,1.0,1.0,1,3,100.0,0,1,3.58351893845611,True,False,15.151785568878946
0,1.0,1.0,2,19,94.0,0,1,3.9318256327243257,True,False,6.695339325501421
0,1.0,1.0,1,1,100.0,0,9,4.51085950651685,False,False,0.45201076582221317
1,1.0,1.0,1,4,100.0,0,4,4.5217885770490405,True,False,31.9091128121827
1,1.0,2.0,1,135,97.0,1,9,4.812184355372417,False,False,0.852817002690063
0,1.0,1.0,1,3,100.0,1,1,4.060443010546419,True,False,0.7897203640708155
1,2.0,2.0,2,113,97.0,1,50,4.61512051684126,False,False,1.3954856827514082
0,1.0,1.0,5,18,84.0,1,10,4.394449154672439,True,False,0.33666513908222073
0,1.0,1.0,1,151,92.0,0,7,5.017279836814924,False,False,0.722575958316588
1,1.0,1.0,4,31,97.0,0,2,4.983606621708336,False,False,2.17478835547782
1,2.0,2.0,2,33,98.0,0,1,5.424950017481403,False,False,4.123067743044762
0,3.0,4.0,2,12,98.0,0,1,6.111467339502679,False,False,5.663000668843569
0,1.0,2.0,1,62,95.0,0,7,4.330733340286331,True,False,16.40365581076907
1,1.0,1.0,2,43,99.0,0,27,5.14166355650266,False,False,3.6163095603813664
0,1.0,1.0,30,1,80.0,0,1,4.02535169073515,True,False,3.1028140160291513
0,1.0,4.0,1,44,91.0,1,40,5.049856007249537,False,False,0.7665950398610694
1,1.0,3.0,3,31,95.0,0,1,4.795790545596741,False,False,6.230271025374049
1,1.0,1.0,2,122,93.0,1,2,4.394449154672439,False,False,7.136582445053211
0,1.0,4.0,3,27,91.0,1,3,4.51085950651685,True,False,13.298145390979098
1,1.0,2.0,2,80,97.0,0,1,5.298317366548036,False,False,1.0887817570503344
0,1.5,1.0,2,4,100.0,0,1,4.02535169073515,True,False,7.999006722093894
0,1.0,3.0,1,14,89.0,1,17,4.867534450455582,False,False,0.8457680563394504
1,1.0,2.0,1,87,97.0,1,1,5.298317366548036,False,False,5.640367213476829
0,2.0,4.0,5,2,100.0,0,1,6.311734809152915,False,False,3.8361985696271623
0,1.0,2.0,7,15,96.0,1,17,4.983606621708336,False,False,4.484509081001034
0,1.5,4.0,9,1,100.0,1,1,4.77912349311153,False,False,6.878950455812854
1,1.0,3.0,3,17,88.0,1,26,5.198497031265826,False,False,0.25154761085807836
0,2.0,2.0,1,26,95.0,1,10,5.049856007249537,False,False,2.0246272439702264
0,1.5,1.0,4,1,100.0,1,2,4.700480365792417,False,False,7.6244935125639035
0,1.5,1.0,2,2,100.0,0,2,4.795790545596741,True,False,0.28068036130324825
0,1.0,1.0,2,2,80.0,0,1,4.61512051684126,False,False,2.5420823644138495
0,1.0,1.0,2,1,80.0,1,1,4.61512051684126,True,False,10.800396509194572
0,1.0,1.0,3,59,88.0,1,6,4.700480365792417,False,False,0.992756269909151
0,1.0,1.0,1,3,87.0,1,1,3.713572066704308,True,False,20.123303079090192
0,1.0,3.0,1,52,95.0,1,4,5.003946305945459,False,False,0.4357712051791075
0,3.0,7.0,2,35,95.0,0,1,5.529429087511423,False,False,3.5892506202402403
1,1.0,1.0,2,99,97.0,1,1,4.30406509320417,True,False,0.5540605324632675
1,1.0,1.0,1,8,98.0,0,7,5.66988092298052,False,False,35.57428873501866
0,1.5,2.0,2,9,93.0,0,1,5.529429087511423,False,False,10.59249315065603
1,1.0,1.0,1,39,99.0,0,1,3.258096538021482,True,False,25.51585490281846
0,2.5,3.0,3,14,92.0,0,1,4.7535901911063645,False,False,42.62325878424822
0,1.0,1.0,3,3,100.0,1,2,4.110873864173311,True,False,3.884358351309471
0,2.0,3.0,3,2,80.0,0,2,4.875197323201151,False,False,4.21910159975723
1,1.0,2.0,2,25,99.0,1,1,5.111987788356544,True,False,4.546131052697275
0,1.0,2.0,3,4,100.0,0,1,4.795790545596741,False,False,2.2898281738670567
0,1.0,1.0,1,25,96.0,0,1,4.543294782270004,False,False,6.260747037035037
0,1.5,1.0,7,1,100.0,0,2,5.442417710521793,False,False,3.3121096607961626
0,2.0,3.0,2,5,92.0,0,1,4.90527477843843,False,False,9.69868398150822
0,1.0,1.0,3,3,80.0,0,28,5.056245805348308,False,False,1.2094406304660525
0,1.0,2.0,2,59,94.0,0,2,4.700480365792417,False,False,7.346092297698247
1,2.0,2.0,3,51,96.0,0,1,4.875197323201151,False,False,2.6126276997504103
0,1.0,1.0,5,16,98.0,0,1,4.007333185232471,True,False,6.3984456314228355
0,2.0,6.0,1,13,94.0,1,12,5.075173815233827,False,False,0.9189662058482715
0,2.5,5.0,2,25,98.0,0,9,6.396929655216146,False,False,0.3706454746942091
0,1.0,4.0,1,2,90.0,0,2,5.0238805208462765,False,False,1.2547971973432204
1,1.0,1.0,3,9,98.0,0,1,4.61512051684126,False,False,4.976164932524919
0,1.0,1.0,21,9,96.0,0,1,4.787491742782046,False,False,0.18550624134809257
1,1.0,2.0,2,16,96.0,1,3,5.017279836814924,False,False,9.563089452432331
0,2.5,8.0,3,11,76.0,1,9,5.631211781821365,False,False,11.419833628892047
1,1.0,1.0,1,16,99.0,1,2,5.529429087511423,False,False,48.43972489890735
0,2.0,2.0,3,3,100.0,0,1,4.795790545596741,False,False,3.064733453095675
0,1.0,2.0,1,9,93.0,1,1,4.51085950651685,False,False,3.0762744060952834
0,1.5,2.0,3,11,96.0,0,1,4.948759890378168,False,False,6.3543536118844095
0,1.0,2.0,1,9,98.0,1,7,4.61512051684126,False,False,0.5824491366184188
0,1.0,1.0,1,2,100.0,1,3,3.9318256327243257,True,False,18.142678741536916
1,2.5,5.0,2,62,96.0,0,1,6.2166061010848646,False,False,4.477108630967984
1,2.0,3.0,2,42,96.0,1,3,5.19295685089021,False,False,0.9869024019116256
0,1.0,1.0,3,21,92.0,0,2,4.330733340286331,True,False,7.349310704751387
1,1.0,3.0,1,13,90.0,0,12,5.14166355650266,False,False,64.06181182110765
1,1.0,4.0,2,63,96.0,1,1,5.707110264748875,False,False,52.72946075996463
0,2.0,2.0,21,1,100.0,0,1,4.663439094112067,False,False,1.7300059145279048
1,2.0,5.0,4,81,92.0,0,13,5.529429087511423,False,False,1.133111935750914
1,1.0,2.0,2,39,96.0,0,1,4.382026634673881,True,False,0.8600525068961012
0,1.0,1.0,1,7,91.0,1,11,4.23410650459726,True,False,0.8368510589599588
0,1.0,1.0,1,1,100.0,1,2,3.9318256327243257,True,False,22.20241648249432
0,2.0,2.0,1,6,97.0,1,11,4.795790545596741,False,False,0.5687361593800179
0,1.5,2.0,2,6,100.0,0,1,4.700480365792417,False,False,5.9982844634115695
1,1.0,2.0,2,49,95.0,1,34,4.836281906951478,False,False,1.927758060109372
0,2.5,7.0,2,41,100.0,0,1,5.638354669333745,False,False,6.845614620378824
0,2.0,3.0,20,1,100.0,0,1,4.51085950651685,False,False,8.777518172095073
1,1.0,1.0,1,153,96.0,1,18,4.330733340286331,True,False,0.5323539784219762
0,1.0,1.0,2,8,95.0,0,1,3.9318256327243257,True,False,7.66132214908217
1,1.0,1.0,3,191,98.0,0,1,4.174387269895637,True,False,2.789325803355622
0,0.5,1.0,2,2,90.0,1,4,4.23410650459726,True,False,17.33619384586872
0,1.0,1.0,2,3,100.0,1,1,4.543294782270004,False,False,4.550565223834322
0,1.0,1.0,2,87,86.0,0,5,4.02535169073515,True,False,2.145244461122477
0,1.0,1.0,2,22,96.0,1,3,4.276666119016055,True,False,0.5220126494340229
1,1.0,1.0,2,99,97.0,0,3,4.110873864173311,True,False,5.3119740944306715
0,1.0,1.0,1,3,93.0,0,1,4.61512051684126,True,False,5.925894759280441
0,1.0,2.0,1,2,80.0,1,2,5.198497031265826,False,False,0.1726261474478628
0,2.0,4.0,1,15,99.0,1,3,5.700443573390687,False,False,0.5775517685238947
0,2.0,4.0,5,8,100.0,0,1,6.393590753950631,False,False,44.045556526240745
0,1.0,1.0,3,2,100.0,0,1,4.875197323201151,False,False,3.1846484086592985
1,1.0,1.0,1,16,94.0,1,4,4.787491742782046,False,False,0.4017994847300622
0,1.0,2.0,2,1,100.0,0,1,4.77912349311153,False,False,0.942426450645082
0,1.0,1.0,5,5,100.0,1,1,4.51085950651685,False,False,4.544259236442989
0,1.0,2.0,1,1,100.0,1,3,4.330733340286331,False,False,0.2547598320911222
0,1.0,1.0,1,3,93.0,0,1,4.276666119016055,True,False,1.9848199090622662
0,1.0,1.0,2,24,97.0,1,3,3.9318256327243257,True,False,16.140746984106144
0,1.0,2.0,1,17,95.0,0,2,4.836281906951478,False,False,2.969402419484994
1,2.0,4.0,3,12,98.0,0,1,4.700480365792417,False,False,5.917021637665532
1,2.0,3.0,3,12,100.0,0,20,5.278114659230517,False,False,4.330088677630331
0,1.0,1.0,1,1,100.0,1,1,3.8066624897703196,True,False,4.594638736366451
0,1.0,2.0,2,2,100.0,1,1,4.74493212836325,False,False,6.591087090323996
0,2.0,6.0,1,14,84.0,1,1,3.258096538021482,False,True,11.353887283599729
1,1.0,3.0,1,1,100.0,1,5,4.948759890378168,False,False,0.7378359276778741
0,1.0,1.0,2,6,100.0,1,1,3.6375861597263857,True,False,20.031363275541707
0,1.0,4.0,2,200,88.0,0,2,5.529429087511423,False,False,1.016099235655183
0,1.0,2.0,3,24,89.0,1,1,4.499809670330265,False,False,7.111157167294441
0,1.0,3.0,1,14,92.0,1,1,4.919980925828125,False,False,12.894918962697266
1,1.0,1.0,2,39,99.0,0,1,4.330733340286331,True,False,18.56160059201266
0,2.0,2.0,2,4,100.0,0,1,4.61512051684126,False,False,7.494259792225462
0,2.5,5.0,2,3,80.0,0,3,6.2166061010848646,False,False,45.10530517550799
0,1.5,1.0,2,26,92.0,1,11,3.8918202981106265,True,False,24.446142005139407
1,2.0,2.0,30,50,97.0,0,1,5.424950017481403,False,False,6.299107319526604
1,2.0,2.0,1,9,100.0,1,38,5.075173815233827,False,False,0.5764764706489443
1,1.0,3.0,1,90,100.0,1,1,5.198497031265826,False,False,38.766600996357866
0,1.0,1.0,14,2,100.0,0,5,3.7612001156935624,True,False,8.65720417118014
0,1.0,1.0,1,11,80.0,1,11,4.07753744390572,True,False,0.8346079332821963
0,1.0,1.0,2,4,100.0,0,1,3.871201010907891,True,False,6.713034806249668
0,1.0,1.0,1,11,95.0,0,1,5.030437921392435,False,False,0.2374449938303075
0,1.0,1.0,3,4,100.0,0,1,4.110873864173311,True,False,3.149515745571787
0,1.0,2.0,3,1,100.0,0,1,5.3981627015177525,False,False,2.400299867056278
0,1.0,2.0,1,131,96.0,1,3,4.700480365792417,False,False,1.0283556491470036
1,2.0,4.0,4,39,95.0,0,13,5.529429087511423,False,False,1.1714187183436533
0,1.0,1.0,2,8,97.0,0,1,4.875197323201151,False,False,3.910904139880049
0,1.0,1.0,5,1,100.0,1,1,4.189654742026425,True,False,3.71843145682681
0,1.0,1.0,1,28,91.0,0,1,4.61512051684126,False,False,3.5581428526809997
0,1.0,3.0,2,119,94.0,0,1,5.278114659230517,False,False,1.6817022060626277
0,1.0,3.0,1,10,84.0,1,1,5.1647859739235145,False,False,0.5494683491211009
0,1.0,1.0,3,18,88.0,1,5,3.9318256327243257,True,False,0.6535480206665495
0,1.0,1.0,1,4,75.0,1,6,4.7535901911063645,False,False,0.6947682174664509
1,1.0,1.0,1,33,96.0,0,2,3.7612001156935624,True,False,34.773794352074255
0,1.0,1.0,1,1,80.0,1,1,3.258096538021482,False,True,1.6990210808549606
0,1.0,5.0,2,58,91.0,1,2,5.231108616854587,False,False,2.281395650710345
0,1.0,1.0,1,4,100.0,0,1,5.298317366548036,True,False,9.574714589792986
0,2.0,3.0,1,4,100.0,1,8,6.68586094706836,False,False,2.048370757834883
0,1.0,1.0,7,1,100.0,0,50,4.276666119016055,True,False,5.490698060467358
0,1.0,2.0,2,3,80.0,0,1,4.795790545596741,False,False,3.4552962292919216
0,1.0,1.0,1,17,84.0,1,36,5.017279836814924,False,False,1.5090009178511161
0,2.0,3.0,2,6,97.0,1,1,4.9344739331306915,False,False,3.456345226634102
1,1.0,4.0,2,15,97.0,0,12,5.3981627015177525,False,False,63.889084233608415
0,1.0,2.0,1,43,96.0,0,2,5.198497031265826,False,False,3.591121054507519
0,1.0,3.0,1,20,92.0,1,1,5.857933154483459,False,False,2.5014342875677738
0,1.0,5.0,3,18,95.0,0,1,5.135798437050262,False,False,19.898755126942465
0,2.0,1.0,2,14,100.0,0,1,4.189654742026425,True,False,1.7643572499061655
0,1.5,2.0,2,8,88.0,0,1,4.5217885770490405,False,False,5.943054282210603
0,3.5,5.0,2,3,100.0,1,1,5.529429087511423,False,False,23.94664491961483
0,2.0,2.0,1,7,87.0,0,1,5.278114659230517,False,False,1.9198069304659466
0,2.0,1.0,4,1,60.0,0,1,3.6375861597263857,True,False,2.576485615702603
0,1.0,1.0,1,1,80.0,1,7,5.049856007249537,False,False,13.438433504954492
0,1.0,5.0,1,58,89.0,0,4,3.9318256327243257,True,False,9.059135691821796
0,1.0,1.0,3,4,100.0,0,1,3.5263605246161616,True,False,6.612432661930533
0,1.0,1.0,1,4,100.0,1,27,4.875197323201151,False,False,1.970150365414825
0,1.0,2.0,3,1,100.0,0,2,4.795790545596741,False,False,1.8737972874203428
0,1.0,2.0,3,59,99.0,0,1,4.700480365792417,False,False,4.061697516842859
1,1.0,2.0,4,20,93.0,0,2,5.298317366548036,False,False,4.6754937649974275
0,1.0,1.0,1,4,100.0,0,1,3.367295829986474,True,False,16.713030284326752
1,1.0,1.0,3,14,97.0,0,2,3.8501476017100584,True,False,5.482979481098936
0,1.0,1.0,3,7,63.0,0,2,5.5053315359323625,False,False,4.6909459189100495
0,1.0,1.0,2,4,100.0,1,1,4.700480365792417,False,False,3.584693104226966
0,2.5,8.0,3,41,95.0,1,1,5.424950017481403,False,False,18.256646222628966
0,2.0,3.0,4,6,80.0,0,1,5.017279836814924,False,False,18.32578828062578
0,2.0,3.0,4,200,97.0,1,1,5.298317366548036,False,False,1.0920655065201081
0,1.0,6.0,7,98,93.0,0,14,4.919980925828125,False,False,2.07287239111268
0,1.0,1.0,1,23,99.0,0,1,4.110873864173311,True,False,5.563802934288819
0,2.0,2.0,1,14,89.0,0,1,5.14166355650266,False,False,7.847006202264696
0,1.0,1.0,1,1,100.0,1,1,3.8918202981106265,True,False,0.37616796838577976
0,2.0,3.0,1,8,88.0,1,1,5.198497031265826,False,False,0.9971241999968204
1,1.0,2.0,4,4,100.0,0,1,5.0238805208462765,False,False,3.142584616549359
0,1.0,3.0,4,5,84.0,1,1,3.4339872044851463,True,False,3.8258979377257125
0,2.0,2.0,3,7,100.0,0,1,5.14166355650266,False,False,3.6367550813309193
1,1.0,3.0,1,19,100.0,1,1,5.198497031265826,False,False,1.5150779262839338
1,1.0,3.0,1,46,91.0,1,3,4.875197323201151,False,False,1.2907948774439093
0,1.0,2.0,3,6,90.0,1,1,4.795790545596741,False,False,2.113448521484029
1,1.0,2.0,2,37,96.0,1,50,4.61512051684126,False,False,1.4628283510145759
0,1.0,1.0,21,20,96.0,0,1,3.8501476017100584,True,False,7.271201320722274
0,1.0,2.0,1,1,100.0,0,5,5.545177444479562,False,False,3.699875591136292
1,2.0,3.0,1,49,96.0,1,1,5.135798437050262,False,False,1.5878411732683166
1,2.0,2.0,1,2,100.0,0,4,4.51085950651685,False,False,28.64263253973448
0,2.5,8.0,21,2,80.0,0,5,5.703782474656201,False,False,19.1328517183045
0,1.0,1.0,12,1,100.0,1,4,3.367295829986474,True,False,10.906542447952674
1,1.0,2.0,2,120,98.0,1,50,4.61512051684126,False,False,5.174374827460106
1,1.0,1.0,3,18,99.0,0,2,4.276666119016055,True,False,3.4505879273166067
0,2.0,3.0,2,4,95.0,1,47,5.707110264748875,False,False,0.6768318912651028
0,1.0,1.0,2,1,100.0,1,1,4.61512051684126,False,False,3.169481317840726
0,1.0,1.0,5,5,92.0,0,1,4.919980925828125,False,False,1.8649478641594353
0,1.0,4.0,1,42,97.0,1,1,5.529429087511423,True,False,40.69423549312876
1,2.0,1.0,1,40,96.0,0,1,4.02535169073515,True,False,4.97806919746807
0,1.0,2.0,1,6,97.0,1,5,4.290459441148391,False,False,2.7084476264114197
0,1.0,1.0,3,3,100.0,1,1,4.330733340286331,True,False,3.2819465640561987
0,1.0,1.0,4,8,100.0,0,1,4.394449154672439,True,False,1.7900259732927561
1,1.0,3.0,1,19,98.0,1,1,5.075173815233827,False,False,42.963890938997885
0,1.0,2.0,4,5,96.0,0,1,4.61512051684126,False,False,6.4141743607064265
0,1.0,2.0,2,9,98.0,1,2,5.3981627015177525,False,False,53.92202336882543
0,1.0,2.0,1,2,90.0,1,16,5.14166355650266,False,False,0.495770713962116
0,1.0,1.0,2,1,100.0,0,1,4.700480365792417,False,False,8.039468970657474
0,1.0,1.0,1,48,99.0,0,1,4.330733340286331,True,False,3.4139926033187455
0,1.0,3.0,2,3,80.0,1,1,5.117993812416755,False,False,1.6615554418170946
1,1.0,1.0,2,22,98.0,0,1,5.049856007249537,False,False,2.8988707578782487
1,1.0,1.0,2,87,96.0,0,2,3.9889840465642745,True,False,6.781542074973308
1,1.0,2.0,2,28,96.0,1,6,4.61512051684126,False,False,1.6526893148576514
0,1.0,1.0,1,13,89.0,0,1,4.9344739331306915,False,False,3.8995015846895296
1,1.0,2.0,1,5,96.0,1,16,4.663439094112067,False,False,1.4744031797205273
0,1.0,1.0,1,1,80.0,1,29,4.5217885770490405,False,False,0.913230110224298
1,1.5,2.0,3,26,98.0,0,2,5.3981627015177525,False,False,2.376519644063915
0,1.0,1.0,2,15,100.0,0,1,5.14166355650266,False,False,1.5581228744033138
1,1.0,2.0,2,24,94.0,1,5,4.6913478822291435,False,False,7.4596574950884
1,1.0,1.0,2,37,99.0,0,1,4.795790545596741,False,False,0.6738162927419138
0,1.0,1.0,1,55,97.0,1,1,4.795790545596741,True,False,0.8670974595243266
0,1.0,2.0,7,13,95.0,0,1,4.836281906951478,True,False,6.562891272632716
1,1.0,2.0,1,34,94.0,1,3,4.787491742782046,False,False,1.4764200671738508
0,1.0,3.0,1,5,92.0,1,9,5.0689042022202315,False,False,0.938035146171107
1,1.0,1.0,2,73,98.0,0,1,4.02535169073515,True,False,18.52353536911224
0,3.5,7.0,2,6,76.0,0,5,5.860786223465865,False,False,6.9469562330955315
1,1.5,1.0,2,40,99.0,1,1,3.9318256327243257,True,False,5.632665171746835
0,1.0,2.0,7,1,100.0,0,20,4.61512051684126,False,False,0.8282358926662948
0,3.0,8.0,2,3,100.0,0,28,5.293304824724492,False,False,21.095128747517872
1,1.0,3.0,2,88,100.0,0,1,5.298317366548036,False,False,40.532703971537586
0,1.0,2.0,1,5,100.0,1,4,4.875197323201151,False,False,3.9739136559240227
0,1.0,3.0,1,23,85.0,1,50,4.976733742420574,False,False,0.7715614123569401
1,1.0,1.0,3,1,100.0,0,2,4.653960350157523,False,False,5.964561222682177
0,1.0,5.0,1,16,83.0,1,12,4.897839799950911,False,False,6.049510991155977
0,1.0,2.0,1,94,93.0,1,1,4.919980925828125,False,False,0.45152566857004084
0,1.0,2.0,1,8,95.0,1,27,5.087596335232384,False,False,0.4843518582990935
0,1.0,1.0,4,3,100.0,0,1,5.017279836814924,False,False,1.6736249916534702
1,1.0,2.0,1,67,96.0,1,1,4.983606621708336,False,False,0.46781964569170603
1,2.0,3.0,1,47,95.0,0,1,5.017279836814924,False,False,4.018880694710236
1,2.0,4.0,1,24,97.0,1,2,4.442651256490317,True,False,43.424866628813845
0,1.0,3.0,2,9,80.0,0,8,5.393627546352362,False,False,0.5765893989930164
0,1.0,1.0,2,18,93.0,0,1,4.700480365792417,False,False,3.076932029200203
0,1.0,1.0,1,21,91.0,0,4,3.9318256327243257,True,False,20.0343938499632
0,1.0,1.0,1,46,96.0,1,30,4.61512051684126,False,False,0.9321360660740653
0,1.0,2.0,1,9,88.0,0,2,4.969813299576001,False,False,0.781231982209506
1,1.0,1.0,2,88,97.0,1,1,4.948759890378168,False,False,0.37022845533309123
0,1.0,3.0,5,16,96.0,1,1,5.049856007249537,False,False,4.91233284602583
0,1.0,1.0,1,4,85.0,1,2,3.8501476017100584,True,False,12.218689704163367
1,1.0,1.0,2,121,96.0,1,1,4.574710978503383,False,False,55.67722794936094
1,1.0,1.0,2,3,100.0,1,2,4.948759890378168,False,False,1.236915884404469
1,1.0,4.0,1,30,99.0,1,1,5.529429087511423,False,False,3.761265342968096
0,1.0,2.0,1,56,87.0,1,26,4.787491742782046,False,False,0.5600696589858111
0,1.0,2.0,3,2,100.0,0,1,4.897839799950911,False,False,7.055743984387671
1,1.0,1.0,1,192,96.0,1,3,4.3694478524670215,True,False,0.5444221914068267
0,1.5,1.0,1,20,91.0,0,1,3.5263605246161616,True,False,20.292634892716688
0,1.0,2.0,2,1,100.0,1,7,4.110873864173311,True,False,8.436392491358271
0,1.0,2.0,2,13,100.0,0,2,5.017279836814924,False,False,4.978779246023781
0,1.0,1.0,1,64,93.0,0,2,3.713572066704308,True,False,14.062544925554139
0,1.5,3.0,6,9,96.0,0,1,5.017279836814924,False,False,5.49809821845235
0,2.5,6.0,2,6,97.0,1,3,5.739792912179234,False,False,59.74328202800446
0,1.0,3.0,1,2,100.0,0,23,4.867534450455582,False,False,0.8564531446683786
1,1.0,1.0,2,56,98.0,1,1,5.017279836814924,False,False,5.372777268265091
0,1.0,1.0,22,1,100.0,0,1,4.189654742026425,False,False,5.041757463943957
1,1.0,3.0,1,19,99.0,1,1,4.584967478670572,False,False,8.431251268717256
0,1.0,1.0,1,23,91.0,0,1,4.61512051684126,False,False,2.327594298969186
0,1.0,4.0,1,38,91.0,0,5,5.003946305945459,False,False,1.8042828385146188
0,2.0,2.0,1,4,95.0,0,2,5.552959584921617,False,False,14.377173335839053
0,1.0,1.0,2,13,98.0,0,1,3.9318256327243257,False,False,3.172869634546365
0,2.0,4.0,1,16,95.0,1,36,4.948759890378168,False,False,0.8004591422496975
1,1.0,3.0,1,62,94.0,1,2,4.61512051684126,False,False,10.36646573616939
0,1.0,1.0,1,1,100.0,0,3,3.6375861597263857,True,False,19.625795730603688
0,3.0,6.0,2,63,97.0,1,2,5.666426688112432,False,False,24.05401757910633
0,2.0,7.0,2,5,100.0,0,2,5.442417710521793,False,False,19.76991877175396
0,1.0,2.0,1,1,100.0,1,31,5.298317366548036,False,False,0.7882064107105636
0,1.0,2.0,2,7,90.0,0,2,5.087596335232384,False,False,1.108338011150496
1,2.0,3.0,2,2,100.0,0,6,6.111467339502679,False,False,36.265866031926265
1,1.0,4.0,2,33,98.0,0,2,5.087596335232384,False,False,8.816807440214562
0,2.0,1.0,3,5,100.0,0,1,3.7612001156935624,True,False,25.46512753812243
0,1.0,1.0,2,2,80.0,0,1,4.204692619390966,True,False,19.795564833543377
0,1.0,2.0,1,54,94.0,1,7,4.795790545596741,False,False,0.5627143811397
0,1.0,1.0,1,7,94.0,1,1,4.189654742026425,True,False,12.320425263158965
0,1.0,3.0,1,17,81.0,1,9,5.049856007249537,False,False,1.6118634372510325
0,2.0,1.0,1,4,95.0,1,3,4.02535169073515,True,False,14.98153357098599
0,1.0,1.0,1,6,97.0,0,1,4.836281906951478,False,False,7.8021031633191145
0,1.0,1.0,1,3,100.0,1,1,3.713572066704308,True,False,21.703431501164335
0,1.0,2.0,2,15,89.0,1,24,5.231108616854587,False,False,0.54753737975518
0,1.0,1.0,2,6,100.0,0,1,4.3694478524670215,False,False,1.9723645789212803
1,1.0,1.0,1,10,100.0,0,2,4.51085950651685,True,False,6.669496738113786
1,1.0,2.0,2,142,95.0,1,50,4.61512051684126,False,False,5.881046971802775
0,2.0,3.0,2,1,100.0,1,12,5.087596335232384,False,False,0.8776902617379212
0,1.0,1.0,1,2,100.0,1,1,4.61512051684126,True,False,27.799542531493437
1,1.0,1.0,2,34,99.0,0,1,4.189654742026425,False,False,7.404926849204795
0,1.0,1.0,3,12,93.0,0,1,4.7535901911063645,False,False,2.1911178597299106
0,2.0,3.0,2,27,98.0,0,1,5.69035945432406,False,False,3.4079385002899927
0,1.0,2.0,2,1,100.0,1,1,5.834810737062605,False,False,5.15401159677718
0,2.0,1.0,1,19,91.0,1,9,4.02535169073515,True,False,11.391745523880322
0,1.0,1.0,1,3,80.0,1,1,3.8918202981106265,True,False,13.359429722926336
0,2.0,7.0,3,35,98.0,1,17,5.860786223465865,False,False,1.3868549909621264
0,2.0,4.0,1,19,99.0,1,10,5.703782474656201,False,False,1.2345847767130849
0,1.5,1.0,2,26,94.0,0,2,3.6375861597263857,True,False,10.10164367874855
1,1.0,2.0,2,11,95.0,1,4,4.700480365792417,False,False,12.582086113723651
0,1.0,2.0,1,8,91.0,0,1,5.529429087511423,False,False,6.426561033482556
1,2.0,1.0,1,7,89.0,0,2,4.5217885770490405,True,False,1.1744196928958681
0,1.0,1.0,1,16,79.0,1,3,3.4339872044851463,True,False,15.934499722052568
0,1.0,1.0,1,1,100.0,1,1,4.110873864173311,True,False,19.95028297801191
0,2.0,3.0,7,1,80.0,0,1,5.298317366548036,False,False,14.161391347797563
0,2.0,1.0,1,8,71.0,1,1,3.713572066704308,True,False,20.591211081482616
0,1.0,1.0,3,1,100.0,0,1,4.59511985013459,False,False,17.59770612356169
0,2.0,2.0,3,14,99.0,1,1,5.1647859739235145,False,False,4.918779663699367
1,1.0,1.0,1,52,98.0,0,1,4.61512051684126,True,False,1.3557677655188534
1,1.0,1.0,2,156,99.0,0,2,3.58351893845611,True,False,14.701533990538788
0,1.0,1.0,1,59,92.0,1,1,3.9318256327243257,True,False,1.9161356888127183
0,1.0,2.0,1,18,86.0,0,1,3.9318256327243257,True,False,3.7331016079022765
0,2.0,1.0,3,3,93.0,0,4,3.9318256327243257,True,False,18.884821296451175
0,1.0,2.0,1,68,95.0,1,50,4.74493212836325,False,False,0.9140771131770339
0,3.0,5.0,3,9,96.0,1,2,4.9344739331306915,False,False,9.266461759431278
0,1.0,1.0,2,146,95.0,0,1,3.7612001156935624,True,False,6.31772643524273
0,1.0,1.0,3,5,90.0,1,35,5.030437921392435,False,False,3.6892859046755846
0,1.0,3.0,1,23,90.0,1,38,5.117993812416755,False,False,13.563773299156546
1,1.0,1.0,1,200,95.0,1,3,4.276666119016055,True,False,4.324309106722589
0,1.0,1.0,2,1,100.0,0,3,5.25227342804663,False,False,52.80940942661443
0,1.0,1.0,2,3,93.0,1,1,4.060443010546419,True,False,5.861776811913531
0,1.0,2.0,2,31,84.0,1,2,4.02535169073515,True,False,2.5461141676217314
0,1.0,1.0,1,5,100.0,0,1,4.61512051684126,True,False,2.4166985571425226
1,1.0,2.0,2,33,99.0,0,5,4.890349128221754,False,False,9.894614674738836
1,1.0,1.0,2,16,100.0,0,1,3.4965075614664802,True,False,5.783690952261055
0,1.0,3.0,7,1,100.0,0,1,4.852030263919617,False,False,19.646383782636995
0,2.0,2.0,3,1,100.0,0,28,5.375278407684165,False,False,1.4127653284236883
1,2.0,1.0,2,40,94.0,1,1,4.795790545596741,False,False,5.221684102926027
1,1.0,1.0,2,22,96.0,0,1,3.713572066704308,True,False,8.237065332029292
0,1.0,1.0,2,10,96.0,1,2,4.110873864173311,True,False,51.324156367225356
0,2.0,8.0,1,20,92.0,1,2,5.529429087511423,False,False,7.260066713083138
0,1.0,1.0,2,9,82.0,0,1,3.713572066704308,True,False,4.466168320483527
0,1.0,2.0,3,8,88.0,0,1,5.529429087511423,False,False,1.7680641425465777
0,2.0,2.0,2,2,100.0,1,1,5.198497031265826,False,False,3.5146147888096664
0,1.0,1.0,5,14,83.0,1,2,3.367295829986474,True,False,11.578498812201826
1,1.0,2.0,2,85,96.0,0,1,4.700480365792417,False,False,0.9619529191278499
0,1.0,2.0,2,28,97.0,0,1,4.836281906951478,False,False,1.3960347110004812
1,1.0,2.0,2,43,100.0,1,2,4.983606621708336,False,False,6.712131386027683
1,2.0,2.0,3,142,99.0,1,1,5.298317366548036,False,False,3.5361494724098734
1,1.5,4.0,2,62,99.0,1,1,5.517452896464707,False,False,2.0318906923911917
0,2.0,5.0,2,10,94.0,0,3,5.480638923341991,False,False,44.77379235711384
0,0.5,1.0,3,1,100.0,0,2,4.189654742026425,True,False,7.398508360612551
0,0.5,1.0,2,12,95.0,0,1,3.7612001156935624,True,False,5.515313358326007
0,1.0,1.0,1,24,83.0,1,50,4.663439094112067,False,False,0.9272642959785808
0,1.0,2.0,1,1,100.0,1,8,6.396929655216146,False,False,1.8274540644968904
1,2.0,8.0,1,2,100.0,0,18,6.282266746896006,False,False,0.9228661436481327
0,1.0,1.0,1,29,96.0,1,2,3.871201010907891,True,False,2.3959490211865653
0,2.0,2.0,2,1,100.0,1,1,4.795790545596741,False,False,1.1948699120767823
1,1.0,3.0,1,3,100.0,1,7,5.739792912179234,False,False,35.572734626461525
1,2.0,3.0,2,103,98.0,0,1,5.135798437050262,False,False,3.8613260199106763
0,2.0,3.0,2,13,100.0,1,1,5.298317366548036,False,False,1.007720099834873
0,1.0,2.0,1,4,75.0,1,38,5.117993812416755,False,False,13.357694769790182
0,1.0,1.0,3,20,85.0,0,2,3.784189633918261,True,False,7.7520328530805305
1,1.0,2.0,1,53,97.0,1,2,4.762173934797756,False,False,2.016284648583048
1,1.0,1.0,1,31,100.0,1,1,5.298317366548036,False,False,44.638394671075226
0,1.0,1.0,5,12,93.0,0,1,4.983606621708336,False,False,4.762434110930461
1,1.0,1.0,2,3,100.0,1,3,3.9318256327243257,True,False,23.30128504213714
1,1.0,2.0,3,200,96.0,1,5,5.14166355650266,False,False,1.1343860261650085
0,2.0,3.0,1,89,87.0,1,40,5.049856007249537,False,False,0.8786910010192296
0,1.0,1.0,3,2,100.0,0,1,4.795790545596741,False,False,4.05061902291236
1,2.0,2.0,1,140,98.0,1,18,4.07753744390572,False,False,0.5230971942553657
0,1.0,2.0,2,1,100.0,0,24,4.7535901911063645,False,False,5.136091447621494
0,2.0,2.0,4,3,100.0,0,1,5.703782474656201,False,False,0.9734770877885154
0,1.0,5.0,3,11,98.0,1,1,5.529429087511423,False,False,3.2407080891525752
1,2.0,4.0,2,59,98.0,0,3,5.278114659230517,False,False,1.2552906848484815
1,1.0,1.0,1,35,99.0,1,1,4.700480365792417,False,False,5.649966552592216
0,1.0,1.0,1,15,96.0,0,1,4.3694478524670215,True,False,0.3519080715842298
0,1.0,1.0,3,1,100.0,0,2,3.9318256327243257,True,False,4.190242337135118
1,1.0,2.0,1,103,97.0,0,5,5.075173815233827,False,False,0.6019319282312144
0,2.5,5.0,1,4,75.0,1,1,4.61512051684126,False,False,27.477982197396646
0,1.0,1.0,1,7,100.0,0,1,4.02535169073515,True,False,16.911349362517633
0,1.0,1.0,1,6,93.0,1,8,4.727387818712341,False,False,4.447459014303334
1,1.0,3.0,2,5,96.0,1,16,5.298317366548036,False,False,1.159252037260776
0,1.0,1.0,1,3,100.0,1,1,3.9318256327243257,True,False,16.701664679007088
1,1.0,1.0,2,79,99.0,1,1,4.330733340286331,True,False,1.0073450061982754
1,1.0,1.0,5,121,95.0,0,4,4.51085950651685,False,False,3.7566605718023567
1,2.0,2.0,1,148,98.0,0,1,5.017279836814924,False,False,2.7907334874754275
0,1.0,1.0,1,11,89.0,1,3,5.521460917862246,False,False,21.605117494500885
0,1.0,1.0,1,3,100.0,0,1,4.61512051684126,True,False,3.425633537091552
1,1.0,1.0,4,13,98.0,0,1,3.9318256327243257,True,False,5.0515233775695165
0,2.0,2.0,1,11,87.0,1,1,4.394449154672439,False,False,0.5825733947330413
0,1.0,1.0,1,1,80.0,0,1,4.23410650459726,False,False,5.837042822506148
0,2.0,5.0,1,95,94.0,1,1,5.860786223465865,False,False,1.8473055421154716
0,1.0,1.0,1,16,100.0,0,1,4.442651256490317,False,False,11.415155254487363
0,2.0,4.0,2,7,83.0,0,5,5.111987788356544,False,False,25.870825700943094
1,1.0,2.0,1,33,98.0,0,1,4.948759890378168,False,False,2.3811993578420165
0,1.0,1.0,1,3,93.0,0,36,4.875197323201151,False,False,1.4622443451785787
1,1.0,1.0,2,5,100.0,0,2,3.9318256327243257,True,False,11.70712713470615
0,1.0,1.0,2,170,98.0,1,1,5.442417710521793,False,False,1.4157870785954592
0,1.5,1.0,2,28,87.0,1,3,3.6375861597263857,True,False,7.794378981791883
1,1.0,2.0,1,22,96.0,1,35,4.852030263919617,False,False,0.8881488264114751
0,1.0,1.0,1,8,95.0,1,4,3.6888794541139363,True,False,29.3932905222045
0,2.0,4.0,5,3,100.0,0,1,5.3981627015177525,False,False,4.15555149617385
0,1.0,1.0,1,1,100.0,1,50,4.61512051684126,False,False,0.786997525805962
0,2.0,1.0,2,1,100.0,0,3,4.189654742026425,True,False,7.178251281331124
1,1.0,2.0,2,60,97.0,1,50,4.700480365792417,False,False,0.5598751420687106
0,1.0,1.0,2,2,100.0,1,1,3.8918202981106265,True,False,24.454849979550534
0,1.0,1.0,7,1,100.0,0,1,5.111987788356544,True,False,2.0980223725108633
0,1.0,1.0,1,11,87.0,1,1,4.875197323201151,True,False,0.5581837452940129
0,1.0,1.0,7,4,87.0,1,1,3.4339872044851463,True,False,22.11432018202137
0,1.0,1.0,5,1,100.0,0,1,4.110873864173311,True,False,3.770388433521728
1,1.0,3.0,1,31,97.0,1,2,5.003946305945459,False,False,7.296134752060024
1,1.0,1.0,14,12,98.0,1,2,4.276666119016055,True,False,4.673966957497635
1,1.0,1.0,2,15,97.0,0,1,5.135798437050262,False,False,0.7998298178468213
0,1.0,6.0,1,62,79.0,1,6,5.298317366548036,False,False,0.02166078381402894
0,1.0,1.0,3,1,100.0,0,1,4.61512051684126,False,False,3.389885592122274
0,2.0,2.0,1,4,95.0,1,10,4.02535169073515,True,False,12.58026037077591
1,2.5,5.0,2,28,99.0,0,1,6.621405651764134,False,False,51.66404644748306
0,1.0,1.0,1,13,92.0,1,2,4.189654742026425,True,False,2.918571817288175
0,1.0,2.0,2,2,80.0,1,1,5.017279836814924,False,False,0.5055175516375566
0,1.0,1.0,2,5,100.0,1,1,3.9512437185814275,True,False,3.336349933875084
1,2.5,4.0,2,51,96.0,1,1,5.017279836814924,False,False,52.15664166264247
0,1.0,1.0,2,1,60.0,0,1,4.875197323201151,False,False,3.499948591504105
1,1.0,2.0,1,10,98.0,1,38,6.396929655216146,False,False,0.6951189656697576
0,1.0,1.0,1,8,90.0,0,2,4.330733340286331,True,False,0.7750227232551424
0,1.0,1.0,1,1,100.0,0,1,5.087596335232384,True,False,10.836840743023078
0,1.5,1.0,2,13,98.0,0,3,4.276666119016055,True,False,16.464156658531092
1,1.0,2.0,2,28,99.0,1,1,4.61512051684126,False,False,4.265773249662846
0,0.5,2.0,1,2,100.0,1,1,3.713572066704308,True,False,2.1134995844231677
0,1.0,2.0,2,8,85.0,1,6,5.003946305945459,False,False,0.428183002875261
0,1.0,2.0,1,2,100.0,1,4,3.8501476017100584,True,False,17.547204651878456
0,1.0,2.0,1,2,90.0,1,50,5.298317366548036,False,False,3.8825261917854315
1,1.0,1.0,2,126,98.0,0,1,4.836281906951478,False,False,4.616861077161384
1,1.5,2.0,1,17,95.0,0,4,4.795790545596741,True,False,1.9874040477437023
1,2.5,2.0,1,76,100.0,1,3,5.111987788356544,False,False,34.54753676722089
0,1.0,3.0,1,1,60.0,1,1,4.795790545596741,False,False,0.7099432924759289
0,1.0,1.0,3,10,96.0,1,1,4.51085950651685,False,False,5.875592670597825
0,2.0,3.0,1,5,92.0,1,16,5.82600010738045,False,False,1.9352585048070021
0,1.0,1.0,1,22,93.0,0,1,3.9512437185814275,True,False,6.41643278366642
0,2.0,2.0,2,8,90.0,1,47,4.875197323201151,False,False,0.7310197772638662
1,1.0,1.0,2,5,100.0,0,2,4.110873864173311,True,False,20.063851091916256
1,1.5,1.0,2,106,97.0,1,2,4.418840607796598,True,False,3.4668217563453188
1,1.0,2.0,1,25,97.0,1,5,4.983606621708336,False,False,0.8456407356644048
0,2.0,2.0,1,19,100.0,0,2,5.017279836814924,False,False,2.0195784601248206
0,1.0,1.0,1,2,100.0,0,1,4.02535169073515,True,False,50.933093267617785
0,2.0,5.0,1,8,90.0,1,2,5.298317366548036,False,False,11.069752470848883
0,1.0,3.0,1,1,100.0,1,1,4.836281906951478,False,False,19.84931257653613
0,1.0,1.0,2,4,100.0,0,1,4.875197323201151,False,False,1.9723437208426169
0,2.5,2.0,2,18,97.0,1,2,5.135798437050262,False,False,1.6744620678123963
1,2.0,2.0,3,24,94.0,1,1,4.795790545596741,False,False,6.086990613160881
0,2.0,4.0,1,57,97.0,1,50,5.529429087511423,False,False,5.422486661395208
0,1.0,5.0,1,59,91.0,1,6,5.529429087511423,False,False,0.8050085713010244
1,1.0,3.0,1,9,98.0,1,7,5.529429087511423,False,False,35.375714054816335
0,1.0,1.0,1,16,89.0,0,2,3.4339872044851463,True,False,4.752389983788251
0,1.0,2.0,1,3,100.0,1,2,5.342334251964811,False,False,8.291057829977996
0,1.0,2.0,2,11,98.0,1,2,4.61512051684126,False,False,3.3759829720068133
1,1.0,1.0,1,119,95.0,0,1,4.189654742026425,True,False,1.067163172056629
1,1.0,3.0,4,52,98.0,0,1,5.220355825078324,False,False,5.993081696764651
0,1.0,1.0,1,1,80.0,1,1,4.634728988229636,True,False,19.61606854492759
0,1.5,2.0,3,7,100.0,0,1,5.75890177387728,False,False,5.560117629350669
0,1.0,1.0,1,3,80.0,1,6,4.7535901911063645,False,False,4.029895882962779
0,1.0,2.0,1,2,100.0,1,6,5.231108616854587,False,False,5.211385979439215
1,1.0,2.0,1,26,96.0,1,4,4.727387818712341,False,False,0.6828209824743863
0,1.5,1.0,1,20,92.0,0,17,3.9318256327243257,True,False,1.9536226299333328
1,2.0,3.0,2,22,100.0,0,1,5.017279836814924,False,False,5.895526677298782
1,1.0,2.0,2,159,95.0,1,50,4.61512051684126,False,False,3.8286978211591727
1,1.0,1.0,2,20,99.0,0,1,4.189654742026425,True,False,9.286088715207239
0,1.0,1.0,1,88,97.0,1,1,3.713572066704308,True,False,8.586545648187995
0,1.0,1.0,3,11,87.0,1,50,4.61512051684126,False,False,3.828952284300733
0,4.5,6.0,2,8,85.0,0,5,5.638354669333745,False,False,19.46523202106282
0,1.0,5.0,1,64,96.0,1,1,5.087596335232384,False,False,4.701777612871196
0,1.0,1.0,2,39,99.0,0,1,5.111987788356544,False,False,1.064742450338717
0,1.0,1.0,1,38,94.0,0,1,5.707110264748875,False,False,0.6039542428407698
0,1.0,2.0,2,7,91.0,0,1,4.948759890378168,False,False,7.619859757996917
0,2.0,2.0,1,33,95.0,0,1,4.700480365792417,False,False,8.144931224225362
1,1.0,1.0,1,25,92.0,1,16,4.852030263919617,False,False,2.1966585170947166
0,1.0,1.0,3,15,83.0,0,3,4.394449154672439,False,False,1.9291810334837434
0,2.0,3.0,1,70,91.0,1,10,5.017279836814924,False,False,0.8139216513573024
0,1.0,2.0,1,25,88.0,0,1,4.867534450455582,False,False,35.61518575748431
0,1.0,2.0,3,31,97.0,1,1,5.056245805348308,False,False,1.8561091639770426
0,0.5,1.0,1,7,93.0,0,1,3.258096538021482,True,False,12.051952387091605
1,1.0,1.0,2,18,98.0,0,1,4.394449154672439,True,False,2.914929365329323
0,1.5,2.0,2,15,100.0,0,1,5.087596335232384,False,False,5.235215375659033
0,1.0,2.0,2,2,100.0,0,1,4.634728988229636,False,False,0.5149639250156487
1,2.0,3.0,1,6,90.0,1,17,5.25227342804663,False,False,6.7681758925969575
0,1.0,1.0,3,7,86.0,1,6,3.713572066704308,True,False,32.437282085332804
0,1.5,1.0,3,2,90.0,1,14,3.258096538021482,False,True,21.63019269621379
0,1.0,2.0,3,1,100.0,0,1,4.59511985013459,False,False,2.3120632965364765
0,1.0,2.0,2,11,95.0,0,1,4.983606621708336,False,False,4.49531530137233
0,2.0,5.0,2,1,100.0,1,1,5.298317366548036,False,False,27.8999573461594
0,1.0,1.0,2,2,100.0,0,3,4.02535169073515,True,False,19.416300690019742
0,1.0,3.0,1,32,93.0,1,1,4.948759890378168,False,False,27.69713326480285
1,1.0,3.0,2,46,100.0,0,1,4.948759890378168,False,False,2.1248521297881307
0,1.0,1.0,1,27,99.0,0,1,3.9318256327243257,True,False,15.408713037453321
0,1.0,2.0,6,4,95.0,1,1,4.7535901911063645,False,False,2.7399307919850213
0,1.0,1.0,1,5,100.0,0,1,4.110873864173311,True,False,7.3121343298562005
0,1.0,1.0,3,3,93.0,0,1,4.51085950651685,False,False,4.5605688674533935
0,1.0,1.0,2,5,80.0,0,1,4.330733340286331,True,False,0.5816514251407066
0,1.0,1.0,2,28,97.0,0,1,4.499809670330265,False,False,3.5747543058025566
1,2.0,3.0,2,21,98.0,1,1,5.480638923341991,False,False,1.2774457942798187
0,1.0,1.0,1,4,85.0,0,1,4.574710978503383,False,False,7.353694682256804
0,2.0,6.0,2,12,90.0,1,9,5.3981627015177525,False,False,24.054789739849994
1,1.0,3.0,2,140,96.0,0,4,5.19295685089021,False,False,1.0331698616392007
0,1.0,3.0,1,1,100.0,1,1,5.017279836814924,True,False,13.255198543999619
0,1.0,2.0,2,28,98.0,1,1,4.189654742026425,True,False,28.482015421379245
0,1.0,1.0,1,1,100.0,0,2,4.23410650459726,True,False,0.3425916150019972
1,1.0,1.0,1,11,100.0,1,1,3.6888794541139363,True,False,7.251660058026037
0,1.0,1.0,7,2,90.0,0,50,4.276666119016055,True,False,5.4162068491222435
1,2.0,1.0,2,29,98.0,1,1,4.02535169073515,True,False,4.2463680926495755
0,1.0,2.0,1,7,94.0,0,1,5.564520407322694,False,False,1.8628804445466551
0,1.0,2.0,1,200,91.0,1,1,4.795790545596741,False,False,0.506686775809066
0,1.0,1.0,1,15,82.0,0,1,4.61512051684126,True,False,3.389379494741042
0,1.0,5.0,1,7,83.0,1,1,5.521460917862246,False,False,1.0458191595466548
0,1.0,1.0,1,7,97.0,1,1,3.8501476017100584,True,False,1.1263305522897096
1,2.0,3.0,2,47,93.0,1,10,5.241747015059643,False,False,0.18003726816439808
0,1.0,3.0,1,7,94.0,1,4,4.02535169073515,True,False,29.464460017997258
0,2.0,2.0,3,6,80.0,0,2,5.049856007249537,False,False,3.6941346784894162
0,2.0,3.0,1,30,95.0,1,38,5.278114659230517,False,False,0.881842640665715
1,1.0,1.0,2,145,100.0,0,1,4.51085950651685,False,False,7.28097399295992
0,2.0,2.0,2,34,98.0,0,1,5.278114659230517,False,False,2.6526924855313987
0,1.0,1.0,1,5,95.0,1,1,4.382026634673881,True,False,0.926293157144525
0,1.0,2.0,1,4,87.0,1,9,4.9344739331306915,False,False,1.5353389154895642
0,1.0,3.0,2,7,95.0,1,2,5.017279836814924,False,False,1.13042774858611
0,1.0,3.0,1,61,84.0,1,4,4.663439094112067,True,False,0.6452044442027343
0,1.0,1.0,2,8,92.0,0,1,3.58351893845611,True,False,8.346715055159162
1,1.0,1.0,3,124,94.0,0,2,5.25227342804663,False,False,0.3680887090713872
0,1.0,1.0,2,2,100.0,0,1,4.59511985013459,False,False,3.605685238111371
1,1.0,1.0,2,11,98.0,1,1,3.784189633918261,True,False,13.053761737515998
0,1.0,1.0,2,4,100.0,1,1,4.663439094112067,False,False,3.5857133372914785
1,2.0,5.0,2,15,97.0,1,29,4.61512051684126,False,False,0.8820162032231583
0,2.0,2.0,1,72,96.0,1,29,4.820281565605037,False,False,0.7236647987378427
0,2.0,3.0,5,1,80.0,1,1,4.77912349311153,False,False,37.029659785980684
0,1.0,5.0,1,106,93.0,0,11,5.075173815233827,False,False,1.989022829698034
1,1.0,2.0,2,11,96.0,1,50,4.700480365792417,False,False,1.6974840041400547
0,2.0,2.0,1,5,85.0,0,1,5.529429087511423,False,False,4.102372687992914
1,1.0,1.0,1,47,97.0,0,1,5.017279836814924,False,False,36.97704225781958
0,2.0,1.0,1,24,90.0,0,1,4.330733340286331,True,False,9.942433134665585
0,1.0,1.0,3,43,92.0,1,2,4.143134726391533,True,False,2.408948332949944
0,1.0,2.0,2,189,93.0,0,3,4.499809670330265,False,False,5.35524486319737
0,1.0,1.0,3,34,98.0,0,1,4.61512051684126,False,False,3.5011904060641195
0,1.0,2.0,2,3,90.0,0,3,4.276666119016055,True,False,0.32984332008137085
0,1.0,1.0,1,62,88.0,0,1,4.61512051684126,False,False,4.584032661081717
1,2.0,2.0,2,83,98.0,0,1,4.890349128221754,False,False,2.5421629411003726
1,1.0,1.0,2,71,94.0,0,27,5.017279836814924,False,False,5.674790425659001
0,1.0,3.0,1,5,100.0,0,4,5.940171252720432,False,False,27.899884635659994
0,1.0,2.0,1,24,93.0,0,1,4.330733340286331,False,False,3.8936142083668326
0,1.0,1.0,2,1,100.0,0,1,4.795790545596741,False,False,1.6613103542522312
0,1.0,1.0,2,37,96.0,0,2,3.9889840465642745,True,False,4.354745803890318
0,1.0,2.0,3,6,83.0,1,3,3.9318256327243257,True,False,3.5460408152875376
1,1.0,1.0,2,60,98.0,0,2,3.713572066704308,True,False,8.118454479161185
1,1.0,1.0,2,200,98.0,1,1,5.017279836814924,False,False,0.9031540514623155
1,1.5,1.0,2,49,98.0,1,2,3.58351893845611,True,False,12.540220014964554
0,3.5,4.0,5,2,100.0,1,1,6.68586094706836,False,False,13.154692983653385
0,2.0,2.0,2,60,95.0,1,50,5.111987788356544,False,False,1.5625849434942092
0,1.0,2.0,2,64,95.0,0,2,4.68213122712422,False,False,11.845316707495348
1,4.0,8.0,3,23,90.0,0,50,6.659293919683638,False,False,1.651757882983942
0,1.0,1.0,2,20,99.0,0,1,3.9318256327243257,True,False,8.45163840613534
1,1.0,1.0,1,55,92.0,1,1,4.060443010546419,False,False,14.438884226340104
0,1.0,2.0,1,49,98.0,0,1,5.19295685089021,False,False,1.5764373916876846
0,1.0,1.0,14,1,80.0,0,1,4.110873864173311,True,False,0.5471148818416095
1,1.5,4.0,1,25,97.0,1,4,5.017279836814924,False,False,5.194610974856928
0,2.0,3.0,3,29,90.0,0,1,4.983606621708336,False,False,0.8999648716609295
1,2.5,5.0,2,20,100.0,1,2,6.052089168924417,False,False,50.97835617847003
0,1.0,1.0,1,1,100.0,0,2,5.298317366548036,True,False,11.03613839836034
0,1.0,1.0,1,7,89.0,1,1,4.02535169073515,True,False,5.456333345066003
0,2.0,5.0,2,3,80.0,1,1,4.897839799950911,False,False,15.660666983620516
1,2.0,2.0,1,21,97.0,1,1,5.351858133476067,True,False,25.502964871373234
1,1.0,1.0,1,24,97.0,0,1,3.9318256327243257,True,False,5.970266881341048
0,2.0,3.0,3,2,100.0,1,1,5.579729825986222,False,False,0.7203128567880895
0,1.0,1.0,2,9,96.0,0,1,4.795790545596741,False,False,5.119772026648328
0,1.0,2.0,2,1,100.0,1,12,4.875197323201151,False,False,3.813146960082734
0,1.5,1.0,1,24,82.0,0,1,3.6888794541139363,True,False,17.070764984946656
0,1.0,1.0,2,29,99.0,0,2,5.198497031265826,False,False,64.43170980137289
1,1.0,4.0,2,48,97.0,1,1,4.59511985013459,False,False,55.58439842810008
1,2.0,2.0,2,178,95.0,1,8,5.3471075307174685,False,False,0.6152912810120613
0,1.0,1.0,14,1,80.0,0,1,3.58351893845611,True,False,26.958647976794285
0,2.0,2.0,14,2,100.0,0,2,5.25227342804663,False,False,6.234463378153312
0,1.0,1.0,7,10,93.0,1,1,4.189654742026425,True,False,11.334681421390572
1,1.0,1.0,2,19,100.0,0,2,4.330733340286331,True,False,27.75020924090951
0,1.0,1.0,1,45,96.0,1,11,3.6888794541139363,True,False,19.614808789935086
0,1.0,1.0,2,41,94.0,0,50,4.61512051684126,False,False,0.5318050535981801
1,1.5,1.0,2,91,98.0,0,1,3.8501476017100584,True,False,8.909175200230395
0,2.0,2.0,2,15,99.0,0,1,4.61512051684126,False,False,3.1648152851807465
0,1.0,1.0,4,4,100.0,0,1,4.875197323201151,False,False,1.5746170770578138
0,1.0,2.0,2,2,90.0,0,4,4.948759890378168,False,False,6.18877386155833
0,2.5,4.0,3,13,98.0,1,9,5.968707559985366,False,False,0.9775724412490816
0,1.0,1.0,2,4,100.0,0,5,3.4011973816621555,True,False,13.21223397272084
0,1.0,2.0,1,1,100.0,0,5,5.25227342804663,False,False,3.8390950021744064
1,1.0,3.0,2,9,100.0,1,2,5.298317366548036,False,False,6.547754908191177
0,2.0,3.0,1,75,93.0,1,4,5.017279836814924,False,False,2.0831512742365117
0,1.0,2.0,1,3,93.0,1,14,6.212606095751519,False,False,1.9849240026349717
0,1.0,1.0,2,2,100.0,1,2,3.9318256327243257,True,False,20.106261423140307
1,1.0,1.0,1,70,99.0,1,1,3.9512437185814275,True,False,5.404755974304478
1,1.0,2.0,1,154,99.0,0,1,4.836281906951478,False,False,0.8272848655900586
1,1.0,1.0,2,64,97.0,0,1,4.61512051684126,False,False,6.490165662009822
0,1.0,2.0,1,3,87.0,1,1,4.6913478822291435,False,False,0.7805502040430264
0,1.0,1.0,1,1,100.0,0,1,3.713572066704308,True,False,6.6044511764064895
0,1.0,2.0,1,2,100.0,0,1,3.6375861597263857,True,False,20.321602798600228
1,1.0,3.0,3,16,98.0,1,1,4.795790545596741,False,False,40.262726691757386
0,2.5,1.0,1,9,93.0,1,16,4.110873864173311,True,False,2.7641608874596244
0,2.5,2.0,2,35,91.0,0,1,5.298317366548036,False,False,6.7486455225830255
1,1.0,3.0,1,7,100.0,0,2,4.61512051684126,False,False,4.4704696960727865
0,1.0,1.0,2,5,100.0,0,1,4.795790545596741,False,False,7.027885481450251
1,1.5,2.0,1,200,97.0,1,2,4.700480365792417,False,False,0.7771783653253036
1,1.0,1.0,1,127,96.0,1,24,5.298317366548036,False,False,1.0758424333715564
1,1.0,2.0,1,26,99.0,0,1,4.442651256490317,False,False,8.20969220118068
1,1.0,1.0,1,21,99.0,1,1,4.574710978503383,False,False,6.092227417369866
0,1.0,2.0,1,4,95.0,0,2,5.298317366548036,False,True,5.7339716358252595
0,1.0,1.0,2,31,91.0,1,1,3.8918202981106265,True,False,7.674210249681725
0,1.0,1.0,2,8,93.0,1,50,4.948759890378168,False,False,3.8305065376956065
1,1.0,1.0,3,1,80.0,1,11,4.875197323201151,False,False,3.394748813298769
1,2.0,3.0,1,139,96.0,1,10,5.117993812416755,False,False,0.9504406926853021
0,1.0,3.0,2,8,93.0,0,8,5.393627546352362,False,False,0.4595509884462426
1,2.0,5.0,4,95,96.0,0,2,5.25227342804663,False,False,8.527601003642078
0,1.0,1.0,1,6,90.0,0,12,3.4011973816621555,False,True,12.504529265963065
1,1.0,1.0,1,80,98.0,0,1,4.02535169073515,True,False,27.979974262211858
1,2.5,4.0,5,1,100.0,1,50,6.077642243349034,False,False,11.478351541410637
0,1.0,1.0,1,2,90.0,1,1,3.367295829986474,True,False,32.73643398191896
0,2.0,3.0,1,2,100.0,0,50,5.480638923341991,False,False,14.560409380445126
0,2.5,3.0,3,1,100.0,1,1,5.707110264748875,False,False,5.47632066559671
1,1.0,1.0,2,61,99.0,1,1,3.9318256327243257,True,False,4.968752358308184
0,1.0,2.0,2,47,96.0,1,6,4.919980925828125,False,False,0.8531304941091337
0,1.0,5.0,2,13,98.0,0,33,5.707110264748875,False,False,7.135961306907356
0,2.0,3.0,1,53,88.0,1,38,5.278114659230517,False,False,0.9287563166712924
0,1.0,5.0,1,83,84.0,1,12,4.61512051684126,False,False,7.019821949313409
1,1.0,1.0,2,135,99.0,1,1,4.700480365792417,False,False,1.1012506041511505
0,1.0,1.0,2,5,95.0,1,1,4.23410650459726,False,False,6.742858033210014
1,1.0,1.0,2,60,97.0,0,2,4.189654742026425,True,False,6.627108265816291
1,1.0,1.0,3,96,94.0,0,3,3.784189633918261,True,False,5.357899219697682
0,2.5,4.0,3,3,90.0,0,6,5.846438775057725,False,False,7.566989795147881
0,1.0,2.0,1,52,88.0,1,50,4.948759890378168,False,False,0.5038220307667305
0,1.0,2.0,2,12,100.0,0,2,4.189654742026425,False,False,1.9892554802572822
1,1.0,1.0,2,104,98.0,0,1,4.61512051684126,False,False,2.909318725793876
1,1.0,2.0,1,96,99.0,0,2,5.159055299214529,False,False,39.0289744752421
0,1.0,4.0,3,16,91.0,1,1,4.875197323201151,False,False,0.7552827307995074
0,1.0,1.0,2,6,100.0,0,1,5.017279836814924,False,False,5.606911624327431
0,1.0,1.0,1,60,92.0,1,10,4.382026634673881,True,False,0.8536856405996375
0,1.0,1.0,2,4,90.0,0,1,4.836281906951478,False,False,1.548470567057132
1,1.0,1.0,3,4,65.0,1,26,5.117993812416755,False,False,1.2625543678619118
1,1.5,1.0,2,2,100.0,0,4,5.707110264748875,True,False,4.236060317115057
0,1.0,1.0,1,2,90.0,0,1,3.9318256327243257,True,False,2.1166957442094274
0,1.0,2.0,1,35,95.0,0,50,5.049856007249537,False,False,9.64593917946896
0,2.0,2.0,3,8,100.0,1,1,4.51085950651685,False,False,15.398477639310027
1,1.0,1.0,1,29,99.0,0,2,4.330733340286331,True,False,27.893953322932994
1,1.0,2.0,1,40,94.0,0,2,4.700480365792417,True,False,2.2078289199357597
1,1.0,1.0,1,5,92.0,0,1,4.543294782270004,False,False,2.1698380584063632
0,3.0,6.0,3,10,98.0,0,1,5.993961427306569,False,False,2.323746305423225
0,1.0,1.0,7,2,80.0,0,28,5.135798437050262,False,False,1.2188606996797446
1,1.0,1.0,1,200,98.0,0,1,5.017279836814924,False,False,5.41940182559005
0,1.0,1.0,3,4,90.0,0,2,5.0689042022202315,False,False,0.9355505292697651
0,1.0,1.0,1,1,80.0,1,2,5.017279836814924,True,False,44.77540812697765
0,1.0,2.0,2,4,100.0,1,2,5.017279836814924,False,False,4.990242623344269
0,1.0,4.0,3,6,97.0,0,1,5.099866427824199,False,False,6.0833378277128185
0,1.0,1.0,1,35,88.0,1,1,3.9318256327243257,True,False,15.268344394965842
1,1.0,1.0,2,83,99.0,1,1,4.795790545596741,False,False,3.5476793640731956
0,1.0,1.0,6,2,100.0,1,1,3.9318256327243257,True,False,4.482687137313997
0,1.0,3.0,1,5,80.0,1,3,5.099866427824199,False,False,0.8352908315843918
0,1.0,1.0,1,1,100.0,0,1,4.394449154672439,False,False,6.408602398476673
1,1.0,2.0,1,107,97.0,0,1,4.189654742026425,True,False,2.0831145463981153
0,2.0,4.0,3,68,88.0,1,2,5.19295685089021,False,False,12.411593308537517
0,1.0,1.0,1,44,94.0,0,5,4.700480365792417,False,False,2.1596072022793633
1,1.0,1.0,1,49,95.0,1,3,4.983606621708336,True,False,40.530934952029824
1,2.0,1.0,1,43,95.0,1,2,4.61512051684126,True,False,1.1725002682513557
0,1.0,2.0,3,5,96.0,1,50,4.394449154672439,False,False,0.5919917877180553
1,1.0,1.0,1,45,97.0,0,1,4.276666119016055,True,False,6.471323131514753
1,1.0,1.0,4,41,96.0,0,4,4.61512051684126,False,False,12.581143990804465
0,1.0,1.0,1,20,92.0,1,1,4.394449154672439,True,False,1.0885419673616024
1,1.0,1.0,1,86,93.0,1,35,5.017279836814924,False,False,0.5036328107353337
0,1.0,1.0,1,1,60.0,1,3,4.330733340286331,True,False,0.6164332960582812
0,1.0,1.0,2,11,96.0,0,2,4.02535169073515,True,False,13.082878745230886
0,1.0,2.0,7,1,80.0,0,1,5.529429087511423,False,False,0.7897753214169404
0,2.0,8.0,1,27,89.0,1,4,4.9344739331306915,False,False,0.8353692629351754
0,1.0,2.0,1,17,98.0,0,1,4.61512051684126,False,False,14.31304075074102
0,1.0,1.0,3,4,95.0,1,4,4.23410650459726,False,False,4.408809211651465
0,2.0,2.0,2,16,94.0,1,1,5.017279836814924,False,False,7.602596525206127
1,1.0,1.0,3,69,99.0,1,6,5.25227342804663,False,False,0.6883470664709939
1,1.0,2.0,1,42,97.0,1,1,5.62040086571715,False,False,60.229154306477625
0,0.5,1.0,2,6,83.0,0,4,3.6375861597263857,True,False,15.17851128743865
0,1.0,1.0,1,2,90.0,0,1,4.61512051684126,True,False,4.67750041395484
1,2.0,6.0,1,3,100.0,0,3,6.396929655216146,False,False,34.969044847579816
0,2.0,2.0,2,1,100.0,1,50,5.017279836814924,False,False,15.05303059414665
0,1.0,4.0,30,1,100.0,0,6,3.58351893845611,True,False,12.625401562789715
0,1.0,1.0,1,1,100.0,0,4,3.713572066704308,True,False,16.865398718827283
0,2.0,2.0,1,5,96.0,1,12,5.529429087511423,False,False,1.1858314053795977
0,1.0,3.0,3,20,90.0,0,8,4.61512051684126,False,False,16.29264786585628
0,1.0,1.0,2,9,82.0,1,2,4.07753744390572,True,False,6.9732266650037795
0,1.0,2.0,2,40,96.0,1,2,4.59511985013459,False,False,1.0327866516950106
0,3.0,8.0,1,1,100.0,1,12,5.707110264748875,False,False,10.6515617894813
1,1.0,3.0,1,200,99.0,0,6,4.867534450455582,False,False,0.1316969376408284
0,2.0,2.0,2,3,93.0,0,1,5.087596335232384,False,False,1.8033579571858247
0,1.0,2.0,5,1,100.0,1,1,4.61512051684126,False,False,5.500932965976004
0,1.0,1.0,14,26,95.0,0,1,3.6375861597263857,True,False,5.499461239029783
0,1.0,1.0,2,13,100.0,0,42,5.017279836814924,False,False,3.7745273872345955
0,2.5,2.0,2,11,91.0,1,11,5.298317366548036,False,False,1.8594144071696699
0,2.5,5.0,7,2,100.0,0,1,5.66988092298052,False,False,10.690954483491657
0,1.5,2.0,3,3,100.0,0,1,4.875197323201151,False,False,3.728490847865705
1,1.0,1.0,1,10,98.0,0,4,5.111987788356544,True,False,54.120797589392964
0,1.0,2.0,1,7,96.0,1,3,4.61512051684126,False,False,0.025197548972120093
0,1.0,1.0,2,42,97.0,0,1,4.110873864173311,True,False,3.311499199659028
0,1.0,1.0,2,7,90.0,1,2,4.276666119016055,False,False,1.1436975627544927
0,2.0,1.0,2,6,97.0,1,3,3.8501476017100584,True,False,6.851007195004403
1,1.0,1.0,1,5,100.0,0,5,4.867534450455582,False,False,0.6059418992961925
0,3.0,6.0,7,5,96.0,0,1,6.396929655216146,False,False,4.268535528470279
0,2.0,4.0,1,195,91.0,0,11,5.135798437050262,False,False,1.2483343901766948
1,1.0,1.0,3,27,97.0,0,1,4.59511985013459,False,False,5.502468130249577
1,2.0,3.0,2,15,97.0,0,23,4.875197323201151,False,False,0.9419533011993702
0,1.0,2.0,1,1,100.0,1,4,4.02535169073515,True,False,30.78326716514689
0,1.0,3.0,1,51,94.0,0,1,5.298317366548036,False,False,4.601490030577705
0,2.0,1.0,1,19,92.0,0,9,4.02535169073515,True,False,11.56985454674445
1,2.5,4.0,5,3,93.0,1,50,6.208590026096629,False,False,2.458911156983701
0,1.0,2.0,2,8,90.0,0,1,4.762173934797756,False,False,5.347833798235902
1,1.0,2.0,2,8,100.0,1,2,4.553876891600541,False,False,17.050099749882495
1,1.0,1.0,4,126,98.0,0,1,4.382026634673881,True,False,1.8149934704973587
0,1.0,1.0,1,24,97.0,0,1,4.499809670330265,True,False,0.6202587524181784
0,1.0,1.0,1,1,100.0,0,3,4.61512051684126,True,False,37.08116490171544
1,2.0,2.0,30,34,98.0,0,1,4.948759890378168,False,False,4.024120062126052
0,1.0,2.0,1,1,100.0,1,1,4.574710978503383,False,False,4.630146405812908
0,2.5,3.0,1,41,82.0,1,2,5.198497031265826,False,False,6.361238936882043
0,1.0,1.0,7,1,100.0,0,1,4.61512051684126,False,False,6.448643488725017
0,1.0,1.0,1,10,72.0,1,11,4.61512051684126,False,False,0.34342375431699895
1,1.0,1.0,2,79,97.0,1,3,4.61512051684126,False,False,7.341463538846449
0,1.0,4.0,2,96,95.0,0,4,5.25227342804663,False,False,1.3668809684962295
1,1.0,1.0,1,53,98.0,1,1,5.529429087511423,False,False,2.6939405050879035
0,1.0,1.0,3,2,100.0,0,1,5.198497031265826,False,False,0.9736577261454208
0,1.0,1.0,1,5,88.0,1,1,3.784189633918261,True,False,4.010698496349189
0,1.0,1.0,1,7,87.0,1,2,4.189654742026425,True,False,3.5940137589525354
0,2.0,1.0,1,2,60.0,0,3,3.8918202981106265,True,False,18.95339888363509
0,1.0,2.0,2,28,97.0,0,1,4.61512051684126,False,False,4.949698264487091
0,1.0,1.0,3,4,90.0,1,3,3.9318256327243257,True,False,2.6310549456640033
0,1.5,1.0,1,97,94.0,0,17,4.189654742026425,True,False,1.926932982782031
0,1.5,1.0,1,5,88.0,1,9,4.110873864173311,True,False,9.93295678481118
0,1.0,2.0,1,8,100.0,1,1,4.110873864173311,True,False,43.88608639736935
1,2.0,4.0,4,6,97.0,0,2,5.817111159963204,False,False,0.7768130263125557
1,1.0,1.0,1,64,98.0,0,3,5.327876168789581,False,False,35.42022029690186
0,1.0,1.0,3,58,97.0,1,1,4.59511985013459,False,False,3.6758914974311523
0,3.5,4.0,14,1,100.0,0,1,5.860786223465865,False,False,15.998279288068874
1,1.0,1.0,1,3,100.0,1,2,4.382026634673881,True,False,13.390409137736272
1,1.0,1.0,1,126,96.0,0,1,4.189654742026425,False,True,0.3472136168161482
0,1.0,1.0,1,3,100.0,1,9,4.61512051684126,False,False,1.5754210023390984
0,1.0,1.0,1,9,96.0,1,11,4.23410650459726,True,False,1.7182308343798662
0,2.0,4.0,1,3,90.0,1,3,5.846438775057725,False,False,38.768430859383834
0,1.0,1.0,1,2,100.0,0,1,4.836281906951478,False,False,13.441800933917513
0,1.0,2.0,1,15,89.0,0,4,4.61512051684126,False,False,0.765612836897486
0,2.0,4.0,1,38,92.0,1,50,4.875197323201151,False,False,0.6620588072503618
0,2.0,1.0,1,13,91.0,1,36,5.099866427824199,False,False,0.7415884930441005
0,1.0,1.0,5,2,90.0,0,1,4.700480365792417,False,False,4.849378110407807
0,1.0,2.0,6,15,89.0,1,1,4.919980925828125,False,False,0.5829505872000603
0,1.0,1.0,3,3,100.0,1,1,4.418840607796598,False,False,2.7411314245907015
1,1.0,1.0,1,29,96.0,0,1,3.8918202981106265,True,False,18.532632202587774
0,2.0,2.0,2,15,97.0,0,1,4.844187086458591,False,False,41.238747681264044
0,1.5,1.0,1,4,100.0,0,2,4.3694478524670215,True,False,6.077319903859116
1,1.0,2.0,2,6,93.0,1,34,4.634728988229636,False,False,1.880607295444565
0,1.5,5.0,3,2,100.0,1,1,5.62040086571715,False,False,5.532082259344712
0,1.5,1.0,1,4,75.0,1,1,4.127134385045092,True,False,0.2077050728528642
0,1.0,1.0,1,13,94.0,1,1,4.61512051684126,False,False,0.34182850624018696
0,1.0,1.0,1,15,93.0,1,31,4.02535169073515,True,False,14.18479534181437
0,1.0,2.0,1,12,97.0,1,22,4.919980925828125,False,False,0.8099221632641296
0,3.5,8.0,2,2,100.0,0,2,6.68586094706836,False,False,38.648480243162496
0,2.0,2.0,1,9,98.0,0,1,4.189654742026425,True,False,8.718658011950348
0,2.5,4.0,4,23,93.0,1,1,5.075173815233827,False,False,15.76281931578554
0,1.5,1.0,1,3,100.0,0,2,3.8501476017100584,True,False,14.902297148336228
0,1.0,1.0,2,6,100.0,0,1,4.61512051684126,False,False,4.5867659084891965
1,1.0,2.0,1,142,96.0,1,3,4.700480365792417,False,False,0.7477691925675154
0,1.0,1.0,1,2,100.0,0,1,4.700480365792417,True,False,1.824396205727474
0,1.0,4.0,1,80,93.0,0,1,5.087596335232384,False,False,1.9485360132886826
0,1.0,1.0,1,5,100.0,1,36,4.875197323201151,False,False,1.4699002545035924
1,2.0,2.0,1,12,98.0,1,4,5.075173815233827,False,False,0.6044572344960697
0,1.0,3.0,2,28,96.0,1,1,5.1647859739235145,False,False,0.2374856621094461
1,2.0,4.0,1,113,99.0,0,2,5.231108616854587,False,False,51.320200137768815
1,1.0,1.0,2,6,97.0,0,2,3.8918202981106265,True,False,23.718681712215673
0,2.0,3.0,1,125,92.0,0,1,5.3471075307174685,False,False,6.241071344191378
0,1.0,1.0,4,2,80.0,1,10,4.700480365792417,False,False,0.6113338880702168
0,1.0,2.0,10,4,80.0,0,1,4.060443010546419,False,False,6.8567901539313185
0,2.0,1.0,2,4,93.0,1,1,3.4965075614664802,True,False,2.1086759689644143
1,1.0,3.0,2,62,99.0,1,20,5.043425116919247,False,False,3.040154429903948
1,2.0,2.0,2,7,100.0,0,2,5.1647859739235145,False,False,3.5216808711656724
0,2.0,2.0,2,63,94.0,1,4,5.1298987149230735,False,False,0.691044424375249
0,3.5,8.0,1,11,95.0,0,1,5.198497031265826,False,False,52.23750886802768
0,2.0,3.0,2,3,93.0,1,16,4.948759890378168,False,False,1.1792371241817818
0,1.0,3.0,3,3,100.0,0,1,5.293304824724492,False,False,1.7425883803653175
1,1.0,3.0,4,198,98.0,0,1,5.017279836814924,False,False,1.2176080862932224
0,1.5,4.0,3,88,92.0,1,10,5.111987788356544,False,False,2.6091220651631724
0,1.0,2.0,1,23,95.0,1,18,4.795790545596741,False,False,0.9066760549339717
1,1.0,4.0,3,1,100.0,0,1,6.396929655216146,False,False,8.27637452244114
1,2.5,8.0,1,31,97.0,0,18,6.09807428216624,False,False,1.0478074566945095
0,1.0,1.0,1,11,96.0,0,1,4.110873864173311,True,False,5.3856335432027205
1,1.0,3.0,1,97,97.0,1,2,4.875197323201151,False,False,0.4304549647777814
0,1.0,3.0,2,29,90.0,1,1,4.543294782270004,False,False,11.04429735377279
0,1.0,2.0,1,140,93.0,1,33,4.61512051684126,False,False,0.8264675139151022
0,1.0,1.0,1,8,98.0,0,17,3.713572066704308,True,False,1.992462106384258
0,1.0,2.0,2,8,100.0,0,1,3.8501476017100584,True,False,25.26697279080951
0,1.0,2.0,1,39,96.0,0,1,5.231108616854587,False,False,56.81642324010883
1,2.5,5.0,2,92,98.0,0,3,5.707110264748875,False,False,1.4832417293686029
1,1.0,1.0,2,15,99.0,0,3,4.983606621708336,True,False,6.163032095428238
0,1.0,1.0,2,32,93.0,0,1,4.23410650459726,True,False,1.1118766662815305
0,1.0,2.0,2,39,95.0,1,3,5.198497031265826,False,False,0.5886580598051316
0,2.0,2.0,4,23,90.0,0,2,4.7535901911063645,False,False,6.030321300410591
0,1.0,1.0,2,12,93.0,1,16,5.1298987149230735,False,False,1.1618258867689457
0,2.0,5.0,2,8,100.0,0,36,5.579729825986222,False,False,1.5041727152789386
1,1.0,1.0,1,33,98.0,0,1,4.61512051684126,True,False,0.7491316760756348
1,1.0,2.0,3,3,93.0,0,2,4.948759890378168,False,False,0.7304290808776643
1,1.0,3.0,2,51,96.0,0,1,4.795790545596741,False,False,5.764630700671837
0,1.0,2.0,2,16,96.0,1,6,5.087596335232384,False,False,0.5183127736488421
0,1.0,1.0,3,2,100.0,0,1,4.51085950651685,True,False,3.18322472935704
0,1.0,1.0,7,1,100.0,0,20,4.543294782270004,False,False,0.6728291616866982
0,1.0,2.0,2,5,85.0,0,1,4.948759890378168,False,False,10.496310903002419
0,1.0,2.0,30,8,88.0,1,1,4.276666119016055,True,False,0.7077216277936
0,1.0,4.0,2,12,88.0,0,33,5.017279836814924,False,False,7.289783932190897
0,2.0,7.0,2,21,91.0,0,33,6.008813185442595,False,False,6.742065063609177
0,2.0,5.0,5,4,100.0,1,1,6.111467339502679,False,False,3.1779365301582576
0,1.0,2.0,5,11,93.0,0,1,4.663439094112067,False,False,7.433396752383046
0,1.0,2.0,1,13,97.0,1,3,5.017279836814924,False,False,18.268891876744444
0,1.5,4.0,7,1,100.0,0,1,5.480638923341991,False,False,7.7010653315374284
0,1.0,1.0,2,6,100.0,1,1,4.330733340286331,True,False,19.72276430062104
1,0.5,1.0,1,144,99.0,0,1,4.290459441148391,True,False,0.4383828528953427
1,4.0,8.0,1,151,95.0,1,8,5.993961427306569,False,False,2.466788344662265
0,1.0,2.0,3,2,90.0,0,1,5.111987788356544,False,False,1.9208679072633275
0,1.0,1.0,1,3,93.0,0,2,4.23410650459726,True,False,0.9769936158591616
0,2.0,2.0,2,8,100.0,0,1,5.638354669333745,False,False,17.56999398498049
1,1.0,3.0,1,9,93.0,0,2,5.135798437050262,False,False,0.7595571588549056
0,1.0,1.0,7,2,100.0,1,1,5.135798437050262,False,False,4.287633870723218
0,2.0,1.0,7,1,100.0,1,1,2.995732273553991,True,False,8.583343090936188
0,1.5,1.0,2,28,99.0,0,2,4.23410650459726,True,False,3.033028059457354
0,1.0,1.0,4,1,100.0,0,9,2.772588722239781,False,True,5.027900103677216
0,1.0,1.0,7,6,87.0,0,2,4.795790545596741,False,False,6.595198912973615
0,1.0,1.0,1,21,96.0,1,1,3.9318256327243257,True,False,6.063115827955956
1,1.0,1.0,3,15,100.0,0,1,4.61512051684126,False,False,18.360677460908168
0,2.0,4.0,1,22,93.0,1,36,5.087596335232384,False,False,3.899475292370896
1,1.0,4.0,1,200,95.0,0,6,5.25227342804663,False,False,5.147421782291017
0,1.0,1.0,2,2,80.0,0,1,4.30406509320417,False,False,5.150356922189402
1,1.0,2.0,2,51,98.0,1,1,5.278114659230517,False,False,55.54051845482641
0,1.0,1.0,1,2,70.0,1,4,5.991464547107982,False,False,3.874764160804758
0,1.5,1.0,2,22,100.0,0,1,4.02535169073515,True,False,4.494662299309419
1,1.0,1.0,28,66,91.0,1,3,4.110873864173311,False,False,4.054148726094126
0,1.0,1.0,1,200,95.0,0,1,4.276666119016055,False,False,5.900344941814032
0,2.0,5.0,4,2,100.0,0,1,5.638354669333745,False,False,7.618975307560629
1,1.0,1.0,2,14,100.0,0,1,3.9318256327243257,True,False,17.956112072845457
0,1.0,4.0,5,4,95.0,0,1,5.298317366548036,False,False,2.770147135613929
0,1.0,3.0,1,2,90.0,0,2,5.1647859739235145,False,False,0.9746226780640073
0,1.0,2.0,2,4,100.0,0,1,5.298317366548036,False,False,4.2735538338524774
1,1.0,2.0,1,77,96.0,0,1,4.574710978503383,False,False,3.3618320947459868
0,1.0,3.0,2,6,93.0,0,1,5.017279836814924,False,False,7.657353012115512
1,2.0,1.0,1,36,98.0,0,5,4.442651256490317,True,False,1.2833696282913778
1,1.0,1.0,2,7,91.0,0,4,3.9318256327243257,True,False,11.215681894163362
0,1.0,3.0,1,34,94.0,0,1,4.875197323201151,False,False,13.335489209700507
0,1.0,2.0,2,90,92.0,1,1,3.5263605246161616,False,True,0.5186919012613006
0,1.0,2.0,2,1,100.0,1,42,4.663439094112067,False,False,2.2859084407050325
0,1.0,2.0,2,50,94.0,1,1,5.198497031265826,False,False,2.8964803547178675
1,1.5,1.0,2,70,99.0,0,1,4.574710978503383,True,False,3.7050696531318943
0,2.0,5.0,3,9,98.0,0,2,4.499809670330265,False,False,15.501166310595325
0,1.0,1.0,1,29,94.0,1,1,4.02535169073515,True,False,25.941652756705352
0,1.0,1.0,1,7,97.0,0,1,3.713572066704308,True,False,6.338615993338663
0,1.0,3.0,2,27,94.0,1,2,5.087596335232384,False,False,0.8711237811061442
0,3.0,3.0,7,4,60.0,0,3,4.51085950651685,True,False,6.586179778858992
0,1.0,2.0,1,80,83.0,1,1,4.59511985013459,False,False,0.5466223446270556
0,1.0,3.0,2,55,88.0,0,1,5.25227342804663,False,False,0.9612580627902084
1,1.0,2.0,2,46,95.0,0,1,4.61512051684126,False,False,1.121232254535265
0,1.0,3.0,1,14,90.0,0,4,3.6109179126442243,False,True,0.526828551694114
0,1.0,4.0,1,24,96.0,1,3,5.075173815233827,False,False,0.9372429596801644
0,1.0,6.0,1,199,89.0,1,7,4.61512051684126,False,False,2.078441026459167
0,1.0,1.0,2,49,97.0,1,1,4.30406509320417,True,False,3.033607277589997
0,1.0,1.0,3,10,98.0,1,1,4.836281906951478,False,False,0.7469977576709752
0,1.0,1.0,2,25,89.0,0,1,4.948759890378168,False,False,2.327418756640969
0,1.0,1.0,1,9,91.0,0,1,4.3694478524670215,True,False,14.212797831339872
0,1.0,3.0,2,1,100.0,0,29,5.529429087511423,False,False,46.25924447313601
0,1.0,1.0,1,2,100.0,0,1,3.713572066704308,True,False,21.336506535991504
1,1.0,2.0,2,59,97.0,1,4,4.919980925828125,False,False,0.5128975660362097
0,1.0,2.0,1,97,92.0,1,1,4.700480365792417,False,False,0.9990313605482695
1,1.0,3.0,1,60,95.0,1,1,5.017279836814924,False,False,1.25552281840576
0,1.0,2.0,1,2,80.0,0,1,4.9344739331306915,False,False,1.0722237707963245
1,1.0,1.0,2,48,99.0,0,1,4.7535901911063645,False,False,3.087390997385206
1,2.0,1.0,1,14,100.0,1,2,4.61512051684126,True,False,42.07224140365565
0,1.0,1.0,6,2,100.0,1,1,3.6375861597263857,True,False,3.967571360248451
0,1.0,1.0,1,5,100.0,0,1,3.6375861597263857,True,False,5.52053138751061
1,2.0,4.0,1,20,98.0,1,1,5.298317366548036,False,False,48.928484525547255
1,2.0,2.0,1,5,96.0,1,16,4.852030263919617,False,False,3.772201503115542
1,2.0,8.0,2,186,96.0,0,3,5.521460917862246,False,False,3.6323653239033438
0,1.0,1.0,1,5,100.0,0,1,4.276666119016055,True,False,4.263646023718431
0,3.5,2.0,1,7,94.0,1,4,4.394449154672439,True,False,14.584519228069624
0,1.0,1.0,2,3,100.0,0,1,6.68586094706836,False,False,7.723807208148109
0,0.5,1.0,1,30,92.0,0,1,4.330733340286331,True,False,1.2948767171159734
0,1.0,1.0,2,2,100.0,0,1,4.394449154672439,True,False,12.147122874624584
0,1.0,2.0,1,21,91.0,1,1,4.795790545596741,False,False,20.830519408398462
1,1.0,2.0,3,36,96.0,0,10,5.087596335232384,False,False,1.686896304226602
1,2.0,3.0,2,125,97.0,1,6,5.69035945432406,False,False,0.6583275446458166
0,1.0,2.0,1,2,90.0,1,31,5.384495062789089,False,False,1.460026818107737
1,1.0,6.0,1,29,97.0,0,1,5.860786223465865,False,False,46.110788421493574
0,1.0,1.0,2,3,100.0,0,2,5.017279836814924,False,False,4.752471143327787
0,1.0,1.0,2,52,96.0,0,1,4.23410650459726,True,False,0.6048453510388494
1,1.5,1.0,1,10,98.0,0,2,3.6888794541139363,True,False,8.293265454613369
1,2.0,1.0,1,24,95.0,0,2,4.382026634673881,True,False,1.2183111435297511
1,1.0,1.0,2,58,99.0,0,1,5.375278407684165,False,False,3.264626996582371
0,1.0,1.0,2,2,100.0,0,1,4.61512051684126,False,False,6.023655296170056
1,1.5,1.0,7,37,97.0,0,1,5.293304824724492,False,False,13.721409491955969
0,1.0,1.0,4,1,80.0,1,1,4.852030263919617,False,False,4.8779153895386616
0,1.0,4.0,1,10,98.0,1,50,5.351858133476067,False,False,6.235198097181135
0,1.0,2.0,3,2,100.0,0,1,3.9318256327243257,False,False,4.441065898938961
1,1.0,1.0,1,60,91.0,0,8,4.795790545596741,False,False,0.6039464180072899
0,1.0,3.0,1,2,90.0,1,21,5.017279836814924,False,False,0.25529241304853484
0,1.0,2.0,1,25,91.0,1,6,4.7535901911063645,False,False,2.4117877911532197
0,1.0,1.0,1,3,100.0,0,9,4.30406509320417,True,False,0.364823300510809
0,1.0,3.0,1,73,93.0,1,25,4.983606621708336,False,False,1.0257778575988648
0,1.0,2.0,5,2,100.0,1,1,4.61512051684126,False,False,1.8667049276314136
0,1.0,2.0,2,64,95.0,1,17,4.875197323201151,False,False,1.7807404253787367
1,1.0,1.0,1,22,100.0,0,1,4.700480365792417,False,False,22.534040523387276
0,1.0,1.0,2,1,100.0,0,29,5.5053315359323625,False,False,34.945925539459175
0,1.0,1.0,1,12,95.0,0,3,3.713572066704308,True,False,12.223028540728695
1,1.5,1.0,1,89,96.0,1,1,3.8066624897703196,True,False,20.415793788808763
1,1.0,3.0,2,121,97.0,0,2,4.7535901911063645,False,False,4.428147071533687
0,2.0,2.0,7,6,100.0,0,17,5.231108616854587,False,False,4.130161546996963
0,2.0,3.0,2,15,91.0,1,1,5.117993812416755,False,False,8.413671954415758
0,1.0,2.0,1,5,68.0,1,1,4.653960350157523,False,False,1.5838359550363095
0,1.0,1.0,1,11,100.0,1,3,4.174387269895637,True,False,18.923131591243635
0,1.0,4.0,1,3,73.0,0,4,4.997212273764115,True,False,19.91031453336497
0,2.5,4.0,3,134,92.0,0,4,5.43372200355424,False,False,0.15675815287492675
0,2.0,2.0,1,3,93.0,0,8,4.852030263919617,False,False,1.0016869098165473
0,1.0,2.0,1,27,93.0,1,24,5.017279836814924,False,False,0.5309189866230661
0,2.0,3.0,3,12,89.0,1,35,5.1647859739235145,False,False,2.217872095674761
0,1.0,1.0,1,3,100.0,0,1,3.9318256327243257,True,False,18.30686350168696
0,1.0,2.0,3,3,93.0,0,28,5.288267030694535,False,False,1.305435512841127
0,1.0,2.0,1,4,100.0,0,11,4.795790545596741,False,False,1.6268543355676985
0,1.0,1.0,2,4,90.0,0,1,4.442651256490317,False,False,6.007269372560232
1,1.0,1.0,1,125,96.0,0,1,4.7535901911063645,False,False,6.649246618155185
1,1.5,1.0,1,34,99.0,0,4,3.8501476017100584,True,False,5.880998706700378
0,1.0,4.0,3,4,87.0,0,2,4.663439094112067,False,False,6.574490675946437
0,1.0,2.0,3,19,96.0,0,1,5.1647859739235145,False,False,4.116559037902261
0,1.0,3.0,1,179,88.0,1,40,5.043425116919247,False,False,0.8872138818467226
1,1.0,4.0,2,75,97.0,1,2,4.51085950651685,False,False,12.1933956070566
0,2.0,1.0,1,2,100.0,0,1,3.7612001156935624,True,False,4.995167148373353
0,2.0,3.0,1,48,90.0,1,50,5.056245805348308,False,False,1.5952799535934785
0,2.0,4.0,1,9,67.0,1,3,3.4011973816621555,False,True,16.86179875297035
0,1.0,3.0,1,5,93.0,1,1,5.529429087511423,False,False,4.928614603726897
1,1.5,2.0,1,33,99.0,1,1,4.189654742026425,True,False,41.073825390644146
1,2.0,2.0,2,24,97.0,0,1,4.997212273764115,False,False,3.488643325182544
0,1.0,3.0,1,5,92.0,1,1,4.77912349311153,False,False,7.036788167801398
0,1.0,1.0,2,4,90.0,0,1,4.23410650459726,True,False,8.605552341925721
0,1.0,1.0,3,6,97.0,0,1,4.795790545596741,False,False,7.708240483118586
1,1.0,3.0,1,200,93.0,0,1,4.852030263919617,False,False,0.4581327570993591
1,1.0,2.0,3,200,99.0,1,1,5.241747015059643,False,False,0.809731455921828
1,2.5,2.0,3,4,100.0,0,1,5.638354669333745,False,False,1.3577380804894945
0,1.0,8.0,1,13,74.0,1,12,5.54907608489522,False,False,8.486184884186533
1,1.0,2.0,2,34,98.0,0,5,4.59511985013459,False,False,6.404997656994016
1,2.0,3.0,2,63,98.0,0,2,5.529429087511423,False,False,1.591717008173865
0,1.0,1.0,2,8,90.0,0,1,3.58351893845611,True,False,6.70111653926584
0,1.5,2.0,1,5,88.0,1,2,4.795790545596741,False,False,1.142112138923343
0,1.0,3.0,5,4,85.0,1,50,4.890349128221754,False,False,0.5759549759188692
1,1.0,3.0,2,102,95.0,0,2,4.836281906951478,False,False,6.126674389609182
0,2.0,3.0,2,3,100.0,0,1,5.655991810819852,False,False,3.8853960099842557
0,1.0,3.0,2,1,89.0,1,1,4.983606621708336,False,False,6.2879678387868125
1,1.0,1.0,7,5,100.0,0,4,4.330733340286331,True,False,2.8057510756430717
0,1.0,1.0,2,2,80.0,1,1,4.007333185232471,True,False,31.68269768633662
0,1.0,1.0,2,129,94.0,0,1,3.58351893845611,True,False,4.321614452400231
0,1.0,2.0,1,133,92.0,0,4,5.087596335232384,False,False,0.9872467592366021
0,1.0,1.0,2,28,97.0,0,1,4.442651256490317,False,False,8.79901870194336
0,1.0,1.0,1,1,100.0,0,1,3.6375861597263857,True,False,14.937769892857752
0,1.0,1.0,3,2,80.0,0,1,3.784189633918261,True,False,5.585141826335894
0,2.0,4.0,2,13,92.0,0,24,5.049856007249537,False,False,7.5546608490418095
0,2.0,3.0,1,1,100.0,0,1,5.198497031265826,False,False,5.701915697042842
1,2.0,1.0,1,60,97.0,0,2,4.189654742026425,True,False,2.2978181387496144
0,1.5,1.0,4,13,100.0,0,2,3.9318256327243257,True,False,4.078670843525975
0,1.0,1.0,3,13,91.0,1,1,4.61512051684126,False,False,1.3684114166230559
0,2.5,4.0,5,1,100.0,1,1,4.890349128221754,False,False,15.362309973648
0,1.0,1.0,1,54,95.0,0,17,4.189654742026425,True,False,1.5827326577904473
0,1.0,1.0,3,2,100.0,0,7,4.51085950651685,True,False,0.5524320608161291
0,1.0,1.0,5,9,96.0,0,1,4.812184355372417,False,False,5.979579115903618
0,2.0,3.0,3,3,100.0,0,1,5.572154032177765,False,False,1.3260732945051048
0,1.0,1.0,2,1,80.0,0,3,4.51085950651685,True,False,6.186602414233005
1,2.0,4.0,3,91,98.0,0,1,4.948759890378168,False,False,1.959955060872558
0,1.0,3.0,2,28,96.0,0,2,5.278114659230517,False,False,3.819514469595772
0,1.0,2.0,1,6,97.0,1,1,4.204692619390966,True,False,0.5146477619768232
0,1.0,1.0,1,2,100.0,1,1,4.189654742026425,True,False,9.883738591070246
0,1.0,1.0,1,10,100.0,1,1,4.276666119016055,False,False,18.36711842436367
0,1.5,2.0,1,1,100.0,0,1,4.875197323201151,True,False,4.372137917148225
0,1.0,2.0,5,3,100.0,1,1,4.948759890378168,False,False,5.8088914800997955
0,2.0,3.0,4,2,100.0,0,1,5.69035945432406,False,False,5.585746931328535
0,1.0,1.0,7,21,85.0,0,4,4.663439094112067,False,False,1.945795824371854
0,1.0,1.0,1,10,100.0,1,2,3.4339872044851463,True,False,15.65821103197351
1,1.0,1.0,2,88,99.0,1,2,4.110873864173311,True,False,3.56560243477459
0,1.0,2.0,1,9,98.0,0,4,3.713572066704308,True,False,9.047269089367735
0,1.5,3.0,2,7,94.0,0,1,4.61512051684126,False,False,8.89420583562604
0,1.0,1.0,1,33,97.0,0,1,3.8918202981106265,True,False,7.567109127995968
0,1.0,2.0,2,16,94.0,0,1,4.51085950651685,False,False,6.729865583820091
0,2.0,2.0,1,39,92.0,0,11,5.14166355650266,False,False,1.585613096835104
0,1.0,1.0,2,25,98.0,0,3,5.529429087511423,False,False,33.9362972234363
0,1.5,1.0,2,1,60.0,0,1,4.61512051684126,False,False,5.341964015293684
0,1.5,2.0,2,3,100.0,0,1,4.276666119016055,False,False,6.285808040520474
0,2.0,4.0,5,2,100.0,1,1,4.867534450455582,False,False,5.969115366094247
0,1.0,3.0,2,13,80.0,1,3,4.51085950651685,True,False,10.342241728474631
0,1.0,1.0,1,24,90.0,1,6,3.6375861597263857,True,False,25.283780057192047
1,2.0,3.0,3,126,97.0,1,2,4.9344739331306915,False,False,5.811513873854624
1,2.0,2.0,3,53,99.0,0,2,5.940171252720432,False,False,2.5619587906200656
0,1.0,3.0,1,83,86.0,0,26,4.700480365792417,False,False,2.0897765890873514
0,2.0,3.0,2,2,90.0,0,1,5.1298987149230735,False,False,0.5029921201565919
0,1.0,1.0,1,2,100.0,0,1,4.394449154672439,True,False,10.842919794738519
1,1.0,2.0,1,78,97.0,0,13,4.795790545596741,False,False,1.004688346217911
1,1.0,1.0,2,38,99.0,1,1,3.8501476017100584,True,False,9.67744512274725
0,1.0,1.0,2,5,100.0,0,1,4.465908118654584,True,False,0.8939389558842827
0,1.0,3.0,3,9,89.0,0,1,4.983606621708336,False,False,1.7227993502088252
0,1.0,2.0,1,8,90.0,0,5,5.43372200355424,False,False,1.9812339575084552
0,1.0,2.0,1,11,91.0,1,36,4.983606621708336,False,False,13.67501985662879
0,1.0,1.0,1,16,100.0,0,1,4.795790545596741,False,False,5.9064414349168715
0,1.0,1.0,1,4,100.0,0,2,3.6888794541139363,True,False,17.134672710061423
1,1.0,1.0,1,22,100.0,0,3,4.330733340286331,True,False,8.96195756141377
0,1.0,1.0,1,10,100.0,1,1,4.442651256490317,True,False,6.1871677318747915
1,1.0,2.0,1,160,95.0,1,1,4.9344739331306915,False,False,1.3690892099997996
0,1.0,1.0,4,4,100.0,1,1,3.6375861597263857,True,False,4.5538466612842745
1,1.0,1.0,1,15,99.0,0,3,4.867534450455582,True,False,9.679164925511625
1,1.0,1.0,2,89,99.0,1,1,4.51085950651685,True,False,2.501991839903469
1,1.0,1.0,1,58,98.0,0,2,4.189654742026425,True,False,65.02642211204495
0,3.0,1.0,5,9,98.0,0,1,4.330733340286331,True,False,2.914715777801666
0,1.0,1.0,1,1,100.0,0,1,4.948759890378168,False,False,4.670759136727798
0,3.0,3.0,7,4,100.0,0,1,5.638354669333745,False,False,3.014590507875361
0,1.0,2.0,5,12,92.0,1,2,4.276666119016055,False,False,11.803082412494389
0,1.0,3.0,1,4,100.0,1,1,5.1647859739235145,False,False,1.5793940779180475
1,2.0,6.0,4,8,100.0,0,1,5.3981627015177525,False,False,7.818927054367074
1,1.5,2.0,4,18,100.0,0,1,4.418840607796598,False,False,2.7444195212451263
1,1.0,2.0,1,79,99.0,0,3,4.875197323201151,False,False,5.271256394426812
0,1.0,2.0,1,48,93.0,1,50,4.74493212836325,False,False,0.9196300560852549
1,1.0,3.0,1,200,97.0,1,5,5.1298987149230735,False,False,0.8135971809144665
1,2.5,3.0,4,16,98.0,0,3,4.875197323201151,False,False,6.926825287425191
1,1.0,1.0,2,32,94.0,1,2,4.02535169073515,True,False,6.432077266162664
0,2.0,4.0,2,3,100.0,0,1,4.343805421853684,True,False,8.806250470527639
1,1.0,2.0,2,51,99.0,1,1,4.948759890378168,False,False,33.1017589732898
0,1.0,1.0,1,8,100.0,0,1,4.248495242049359,False,False,7.740418726306482
0,1.0,2.0,3,1,100.0,1,50,4.61512051684126,False,False,4.981447595109735
1,1.0,1.0,2,200,95.0,1,2,4.61512051684126,False,False,1.6732489411258564
0,1.0,2.0,1,19,99.0,1,1,4.02535169073515,True,False,53.4334748775177
1,1.0,2.0,2,35,99.0,0,2,5.087596335232384,False,False,6.572993825139598
0,2.0,4.0,3,23,92.0,1,38,5.017279836814924,False,False,22.714906497887625
1,1.0,1.0,1,20,99.0,0,1,4.02535169073515,True,False,8.597831358587158
1,1.0,1.0,2,55,96.0,1,1,4.795790545596741,False,False,1.340353024221996
0,2.0,2.0,1,9,91.0,1,9,4.852030263919617,False,False,0.915419977208097
0,1.0,1.0,15,1,100.0,1,1,4.3694478524670215,False,False,5.94509491282754
0,1.0,1.0,2,22,99.0,0,1,5.278114659230517,True,False,48.763597505532
0,1.0,1.0,4,69,88.0,0,1,3.8501476017100584,True,False,15.993036710155815
0,1.0,1.0,3,1,100.0,0,1,4.61512051684126,False,False,0.8253671187572705
0,1.0,2.0,2,12,82.0,0,2,4.762173934797756,False,False,11.672556077420715
0,1.0,1.0,1,7,91.0,1,1,4.276666119016055,True,False,18.640818420977745
1,2.0,3.0,1,3,93.0,1,22,4.919980925828125,False,False,4.419863572946248
0,2.0,5.0,1,100,96.0,1,7,5.521460917862246,False,False,0.726358738945281
0,2.0,2.0,1,14,96.0,1,10,4.394449154672439,True,False,10.153429722996696
0,2.0,4.0,3,104,91.0,0,2,5.25227342804663,False,False,12.586306143612036
1,2.0,7.0,1,105,95.0,1,2,5.135798437050262,False,False,19.276586739715903
0,2.0,8.0,2,11,85.0,1,2,5.43372200355424,False,False,23.56728926476082
0,1.0,1.0,1,41,94.0,0,3,4.110873864173311,True,False,36.8992872589674
1,1.0,2.0,1,2,100.0,1,41,4.795790545596741,False,False,0.5918484315507047
0,1.0,1.0,1,5,88.0,0,1,4.61512051684126,False,False,1.570388661480018
1,1.0,1.0,3,9,100.0,0,2,4.7535901911063645,False,False,12.574364869769436
0,0.5,1.0,1,14,100.0,0,4,3.258096538021482,True,False,13.421650947314415
1,1.0,1.0,1,17,98.0,1,2,4.204692619390966,True,False,8.034988303874426
0,1.0,2.0,5,8,100.0,1,1,4.61512051684126,False,False,11.319808681142892
1,1.0,1.0,1,1,100.0,0,3,4.948759890378168,True,False,1.3568126238023497
0,2.0,6.0,2,30,100.0,0,1,5.25227342804663,False,False,4.1105771290334925
0,2.0,3.0,2,32,88.0,0,1,5.442417710521793,False,False,0.5701386811095723
0,1.0,1.0,2,11,90.0,1,1,3.784189633918261,True,False,5.9163855681758575
0,1.0,1.0,1,5,90.0,1,2,4.189654742026425,True,False,0.6054620098146007
0,2.0,2.0,1,2,80.0,0,1,5.19295685089021,False,False,2.4994220213408034
1,1.0,1.0,2,3,100.0,1,4,4.3694478524670215,True,False,0.9876100861491085
0,1.0,3.0,1,65,84.0,1,2,4.663439094112067,False,False,6.014756185024371
0,1.0,1.0,1,3,100.0,0,1,5.198497031265826,False,False,8.283203354262064
1,1.5,1.0,2,22,97.0,1,1,3.9318256327243257,True,False,46.74447046074511
0,1.0,1.0,4,2,80.0,1,1,4.51085950651685,False,False,2.1440466378326293
0,1.0,1.0,10,1,100.0,1,1,3.258096538021482,True,False,5.274044059673982
0,1.0,2.0,1,2,100.0,0,1,4.61512051684126,False,False,1.64178080398124
0,2.0,4.0,1,14,94.0,1,14,5.017279836814924,False,False,1.960769510141793
0,1.0,1.0,2,6,100.0,1,2,4.394449154672439,True,False,32.195949103319464
1,1.0,1.0,1,22,99.0,1,1,4.189654742026425,True,False,19.704094585109022
0,1.0,1.0,2,13,98.0,1,1,4.110873864173311,True,False,5.739696091995896
1,1.0,1.0,1,2,100.0,1,38,4.867534450455582,False,False,0.5529663058994374
1,1.0,2.0,2,23,100.0,0,3,5.087596335232384,False,False,3.7471132275628785
1,1.0,2.0,2,11,96.0,0,1,5.14166355650266,False,False,33.25403791433664
0,2.5,1.0,2,2,100.0,0,1,4.442651256490317,True,False,7.640084974506017
0,1.0,1.0,1,5,90.0,0,1,3.6375861597263857,True,False,21.54189357872842
0,1.0,2.0,3,8,97.0,0,1,5.198497031265826,False,False,6.528204281533332
0,1.0,1.0,3,7,97.0,0,3,4.007333185232471,True,False,3.6683170352144856
0,1.0,1.0,1,12,95.0,0,1,4.663439094112067,False,False,8.863785668047115
1,2.0,3.0,2,31,98.0,0,1,4.795790545596741,False,False,2.0245921636111457
0,1.0,1.0,1,8,80.0,1,31,4.110873864173311,True,False,14.102297720850633
1,2.0,3.0,1,24,96.0,1,6,5.1298987149230735,False,False,0.8989331749529972
0,1.0,1.0,2,38,94.0,0,1,5.111987788356544,False,False,2.1096310840368298
0,1.0,1.0,3,6,96.0,0,1,3.8501476017100584,True,False,7.280430489463567
1,1.0,3.0,1,49,97.0,1,17,5.017279836814924,False,False,0.990086155690644
0,2.0,2.0,6,13,95.0,0,1,4.394449154672439,True,False,3.8493317235743687
0,1.0,2.0,2,11,98.0,0,1,4.499809670330265,False,False,8.728232823290801
0,1.0,3.0,2,34,91.0,1,1,4.875197323201151,False,False,19.778818799638284
0,2.0,2.0,2,38,97.0,1,1,5.707110264748875,False,False,1.8254125069970504
1,1.0,2.0,2,53,99.0,1,1,4.718498871295094,False,False,5.123248036151714
1,1.0,6.0,1,79,94.0,1,1,5.529429087511423,False,False,4.882230108911486
1,1.0,2.0,7,10,94.0,0,50,5.771441123130016,False,False,2.6515421744313334
1,1.0,1.0,2,161,97.0,0,1,4.248495242049359,True,False,0.8820545661249424
0,1.0,3.0,1,10,88.0,1,2,4.61512051684126,False,False,5.725317544980469
0,1.0,1.0,1,6,100.0,0,1,4.189654742026425,True,False,4.320130986194978
1,2.0,3.0,2,198,97.0,1,4,5.3981627015177525,False,False,0.888676454590816
1,1.0,1.0,1,19,98.0,1,1,5.298317366548036,False,False,5.32775807283041
1,2.0,1.0,2,73,97.0,1,1,4.700480365792417,True,False,0.8275079669733216
0,2.0,5.0,2,92,96.0,1,3,5.545177444479562,False,False,38.35901038361081
0,1.0,1.0,1,1,80.0,1,1,4.110873864173311,True,False,1.9244440604130029
0,1.0,1.0,2,15,99.0,0,1,4.276666119016055,True,False,10.416260220463304
1,1.0,2.0,1,14,100.0,0,1,5.198497031265826,False,False,45.94661536141936
1,1.0,2.0,1,69,98.0,1,1,4.700480365792417,False,False,4.256477816228201
0,1.0,1.0,2,6,92.0,1,1,4.700480365792417,False,False,4.086272130999639
0,1.0,1.0,6,2,100.0,0,1,3.4339872044851463,True,False,1.9904898956723827
0,2.0,2.0,5,1,60.0,1,1,5.298317366548036,True,False,0.4147169954918533
1,2.0,3.0,3,43,97.0,1,4,5.529429087511423,False,False,1.8898419403854758
1,1.0,2.0,2,18,99.0,0,1,4.574710978503383,True,False,3.379393168494184
0,2.0,2.0,2,11,98.0,0,1,5.298317366548036,False,False,2.603426553036032
0,1.5,4.0,2,10,98.0,0,1,4.61512051684126,False,False,4.724808549974305
1,2.5,1.0,2,40,96.0,0,3,4.143134726391533,True,False,6.966584616584924
0,1.0,2.0,5,1,100.0,0,20,4.61512051684126,False,False,0.799846871847263
0,1.0,1.0,1,7,87.0,1,2,4.007333185232471,True,False,1.1370251904161968
0,1.0,1.0,1,7,100.0,0,3,4.330733340286331,True,False,2.646101778863955
0,1.5,2.0,3,3,100.0,0,1,5.8916442118257715,False,False,3.5097788247034627
1,1.0,2.0,1,51,95.0,1,11,5.231108616854587,False,False,1.5583161134069308
0,1.0,1.0,1,9,93.0,1,1,4.02535169073515,False,True,0.8743687838816883
0,1.0,1.0,1,5,95.0,1,2,4.382026634673881,False,True,1.6381890705894793
0,1.0,1.0,2,6,100.0,1,1,4.110873864173311,True,False,10.025210427249004
0,1.5,3.0,30,3,100.0,0,2,4.700480365792417,False,False,17.58645594585046
1,1.0,1.0,2,197,98.0,0,2,4.499809670330265,False,False,5.733327566673169
0,1.0,1.0,3,2,100.0,1,1,4.110873864173311,True,False,1.2486758542095435
0,1.0,2.0,5,1,100.0,0,2,4.727387818712341,False,False,3.8371554023192447
0,1.0,1.0,1,38,92.0,0,2,4.110873864173311,True,False,2.4861556050141553
0,1.0,1.0,1,17,95.0,1,3,4.174387269895637,True,False,19.000487761047733
0,2.0,4.0,3,8,85.0,1,14,3.258096538021482,False,True,13.901761735796306
0,3.5,4.0,4,6,100.0,1,1,5.940171252720432,False,False,12.769760855251985
1,1.0,4.0,2,43,95.0,1,2,5.552959584921617,False,False,6.273072968747091
0,1.0,2.0,2,3,80.0,1,3,4.836281906951478,False,False,1.2440566523517926
0,2.0,6.0,2,1,100.0,1,26,5.278114659230517,False,False,13.938682700188085
0,1.0,2.0,2,5,95.0,0,2,4.969813299576001,False,False,4.177819645667844
0,1.0,1.0,1,22,81.0,0,4,4.276666119016055,True,False,0.4894801904903035
1,1.5,1.0,3,8,100.0,0,1,5.298317366548036,False,False,0.28354544560741224
0,1.0,1.0,1,10,90.0,1,36,5.017279836814924,False,False,1.5315643213131998
0,1.5,2.0,1,1,100.0,0,2,4.394449154672439,True,False,10.766656111097712
1,1.0,1.0,4,46,100.0,1,1,5.017279836814924,False,False,0.5151977584057597
1,1.0,3.0,1,27,98.0,1,2,5.017279836814924,False,False,54.65589860684088
0,1.0,2.0,1,26,98.0,1,1,3.6375861597263857,True,False,5.388879224454569
0,2.0,3.0,1,53,96.0,1,4,4.787491742782046,False,False,1.1010292246402078
1,1.0,2.0,3,129,98.0,0,1,5.442417710521793,False,False,5.616117272975496
0,2.0,2.0,2,19,89.0,0,1,4.700480365792417,False,False,1.4528584880252058
0,1.0,2.0,1,18,94.0,0,4,4.9344739331306915,False,False,0.4174578704356182
0,1.0,1.0,2,1,100.0,1,2,5.529429087511423,False,False,5.4349703488890855
1,1.5,4.0,2,52,97.0,1,4,5.442417710521793,False,False,1.4578026231252392
0,1.0,1.0,1,2,90.0,1,1,4.499809670330265,True,False,7.427954265967579
0,1.0,1.0,1,1,100.0,1,1,4.61512051684126,True,False,1.579627345747781
0,1.0,3.0,3,46,90.0,1,10,5.111987788356544,False,False,2.7172741654034755
0,1.0,1.0,3,7,91.0,1,1,4.02535169073515,True,False,1.877800301511585
1,1.0,1.0,7,9,100.0,0,9,4.919980925828125,False,False,2.976525690800965
1,1.0,2.0,1,40,91.0,1,16,4.663439094112067,False,False,1.3678848243716584
1,1.0,3.0,2,106,95.0,1,13,5.017279836814924,False,False,1.334678610379586
0,2.0,2.0,1,44,89.0,1,38,5.278114659230517,False,False,0.4420559247462514
0,1.0,2.0,2,23,94.0,0,1,4.382026634673881,False,False,8.8759820696082
0,3.0,2.0,1,59,98.0,1,50,5.638354669333745,False,False,0.32335799767421214
1,1.0,2.0,2,14,96.0,1,1,4.61512051684126,False,False,5.175888598988485
1,1.0,1.0,1,58,98.0,1,1,4.189654742026425,True,False,3.7045789371397095
0,1.0,1.0,1,1,100.0,0,2,4.110873864173311,True,False,4.0012591341993895
0,1.0,2.0,2,2,90.0,1,1,3.9318256327243257,True,False,45.55394227586766
0,1.0,1.0,2,5,96.0,0,1,4.189654742026425,True,False,3.0406559992583797
0,1.0,1.0,5,4,90.0,0,1,4.61512051684126,False,False,5.369945395245186
1,1.0,3.0,1,56,98.0,1,10,5.135798437050262,False,False,0.38706298315534204
0,2.0,2.0,1,7,94.0,0,1,5.017279836814924,False,False,4.540456411264384
0,1.0,1.0,1,1,100.0,1,31,5.153291594497779,False,False,1.5183775425826804
0,1.0,3.0,1,22,88.0,1,17,4.787491742782046,False,False,0.8525240296488834
1,1.0,2.0,2,11,98.0,1,16,5.017279836814924,False,False,1.0998362151225247
1,1.0,3.0,4,18,97.0,0,1,4.74493212836325,False,False,4.288206811584174
0,1.0,2.0,1,200,95.0,1,9,5.003946305945459,False,False,1.8292505732640054
0,1.0,2.0,4,154,92.0,1,8,4.927253685157205,False,False,1.0688117609868169
0,1.0,2.0,3,1,100.0,0,2,4.852030263919617,False,False,4.293296141491002
0,1.0,1.0,1,38,94.0,0,1,4.02535169073515,True,False,17.20104509165844
0,1.0,1.0,1,46,89.0,0,13,5.19295685089021,False,False,0.9942585316084919
0,1.0,2.0,1,47,93.0,1,1,3.258096538021482,True,False,16.723711598595518
1,1.0,5.0,1,33,100.0,0,1,5.929589143389895,False,False,53.6279385874353
1,1.0,2.0,2,113,97.0,0,1,4.948759890378168,False,False,3.269399429071289
1,1.0,2.0,1,36,99.0,0,1,5.707110264748875,False,False,51.791842943102964
0,1.0,2.0,1,23,97.0,1,21,4.983606621708336,False,False,0.24732449664489065
0,1.5,1.0,2,7,100.0,0,1,3.8918202981106265,True,False,6.436841360509382
1,2.0,3.0,1,126,97.0,0,1,4.983606621708336,False,False,24.86559377420778
0,1.0,2.0,1,7,77.0,1,7,4.110873864173311,True,False,8.397357170660069
1,1.0,2.0,1,50,93.0,1,1,3.713572066704308,True,False,4.63542068183782
0,2.0,2.0,2,2,80.0,0,28,5.332718793265369,False,False,1.0299845863009947
1,1.0,2.0,2,100,99.0,0,1,4.890349128221754,False,False,0.7347897710492475
0,1.0,1.0,1,1,80.0,1,1,3.8501476017100584,True,False,0.5349506971016005
0,0.5,2.0,2,2,90.0,0,1,3.8501476017100584,True,False,26.636171870760936
1,1.0,1.0,2,102,98.0,0,1,4.700480365792417,True,False,4.939482911754052
0,1.0,1.0,13,1,100.0,0,1,4.110873864173311,True,False,3.8596647483253324
1,1.0,2.0,3,3,100.0,0,27,5.293304824724492,False,False,3.5270340117777366
1,2.0,5.0,1,31,99.0,0,1,5.786897381366708,False,False,58.454475038352555
1,2.0,4.0,2,10,100.0,1,2,5.1647859739235145,False,False,0.8677783288020003
0,1.5,1.0,2,6,97.0,0,1,4.795790545596741,False,False,4.689256347796825
0,2.0,2.0,2,24,96.0,0,4,5.075173815233827,False,False,0.4222638172032691
0,1.0,1.0,1,5,60.0,0,1,4.543294782270004,False,False,1.0141920807792617
0,1.0,2.0,1,13,94.0,1,3,4.110873864173311,False,False,1.7286883354920428
0,1.0,1.0,2,7,94.0,0,3,4.110873864173311,True,False,14.541794758186839
0,2.0,2.0,1,20,85.0,1,4,5.017279836814924,False,False,38.24259601302663
0,1.0,2.0,2,14,83.0,0,2,4.442651256490317,False,False,13.672020496973621
1,2.0,2.0,3,103,99.0,1,5,5.655991810819852,False,False,0.6376034346012583
0,1.0,2.0,2,4,100.0,1,2,5.111987788356544,False,False,0.6210586979621915
0,1.0,2.0,2,147,96.0,1,1,4.68213122712422,False,False,1.3355608184163612
0,1.0,4.0,1,64,84.0,0,31,4.867534450455582,False,False,0.6550826127317341
0,1.0,1.0,1,4,100.0,1,1,4.276666119016055,True,False,1.0284534872995994
0,1.0,1.0,3,2,100.0,0,1,4.51085950651685,False,False,17.696712959406394
1,1.5,3.0,3,93,98.0,1,2,4.948759890378168,False,False,7.4934920429009875
0,5.0,8.0,1,12,97.0,0,3,6.68586094706836,False,False,51.741519339003894
0,1.0,1.0,2,2,100.0,1,1,4.442651256490317,False,False,7.801058559357338
0,2.0,4.0,2,1,100.0,1,2,5.579729825986222,False,False,5.6334177577249624
0,1.0,1.0,1,1,100.0,0,1,3.091042453358316,False,True,0.440543343940039
0,1.0,1.0,2,55,88.0,0,1,4.836281906951478,False,False,6.237553897214679
0,1.0,1.0,3,2,100.0,1,1,3.7612001156935624,True,False,0.85601171328604
0,1.0,3.0,7,11,93.0,0,1,4.762173934797756,False,False,13.848095412406789
1,2.0,2.0,1,19,100.0,1,3,6.480044561926653,False,False,43.90129848570213
1,1.0,2.0,1,27,95.0,1,5,4.61512051684126,False,False,0.7680416099296736
1,1.0,1.0,1,10,98.0,1,5,3.9318256327243257,True,False,15.044052188732493
0,2.0,3.0,2,43,94.0,1,1,5.017279836814924,False,False,8.727842172662848
0,1.0,6.0,3,83,92.0,0,1,5.049856007249537,False,False,5.5886802313880395
1,1.0,2.0,2,27,98.0,0,1,5.298317366548036,False,False,2.7334461733633515
0,2.0,2.0,5,4,95.0,0,1,5.424950017481403,False,False,15.728439248848172
0,1.0,2.0,3,23,100.0,0,1,4.875197323201151,False,False,10.949100340841037
0,1.0,2.0,3,36,93.0,0,1,4.624972813284271,False,False,4.567196907486272
0,1.0,1.0,1,26,94.0,1,1,4.290459441148391,False,False,5.698427745295832
1,1.5,1.0,1,21,92.0,1,1,4.276666119016055,True,False,7.106277682524502
0,2.0,1.0,1,11,96.0,0,1,4.110873864173311,True,False,14.822437292479483
1,1.0,1.0,1,1,100.0,0,4,4.23410650459726,True,False,18.572773025477556
0,1.0,4.0,2,27,88.0,1,3,4.499809670330265,False,False,61.71570015722501
1,1.0,1.0,2,7,100.0,1,2,4.02535169073515,True,False,5.460040402183491
1,1.0,3.0,2,7,97.0,0,26,5.529429087511423,False,False,0.9498460797808098
1,1.0,1.0,2,200,98.0,1,2,4.59511985013459,True,False,1.3618548948643319
0,1.0,1.0,2,2,100.0,0,2,3.9318256327243257,True,False,7.162270474285719
0,1.0,1.0,1,12,96.0,0,1,3.8501476017100584,True,False,11.324833431210417
0,1.5,1.0,1,22,98.0,0,1,3.713572066704308,True,False,6.073983501806837
1,1.0,1.0,3,12,100.0,0,2,4.248495242049359,True,False,3.887730674922344
0,1.0,1.0,1,12,95.0,0,3,3.6375861597263857,True,False,16.896464214478538
0,2.0,3.0,3,2,60.0,1,50,5.1647859739235145,False,False,2.075705125550727
1,1.0,2.0,1,96,98.0,1,2,5.111987788356544,False,False,0.753083064982475
0,1.0,3.0,2,4,100.0,0,1,5.030437921392435,False,False,5.745724978687677
1,1.0,1.0,2,64,100.0,0,1,4.276666119016055,True,False,12.862721881710424
1,2.0,4.0,2,21,98.0,0,1,4.983606621708336,False,False,2.084841894715233
1,1.0,3.0,2,6,97.0,1,29,4.762173934797756,False,False,0.8824667189884656
0,1.0,1.0,1,1,80.0,1,9,6.396929655216146,False,False,4.946726981679616
0,1.0,1.0,5,1,80.0,1,6,3.8501476017100584,True,False,12.172394136213573
0,1.0,1.0,4,1,100.0,0,1,3.9318256327243257,True,False,4.019373502056645
0,1.0,1.0,1,77,98.0,0,50,4.875197323201151,False,False,9.594073015361671
1,1.0,1.0,1,24,95.0,1,1,4.61512051684126,False,False,39.90683728214382
0,5.0,8.0,1,2,100.0,0,2,6.68586094706836,False,False,14.860379870521092
0,1.0,1.0,1,10,98.0,0,7,3.6375861597263857,True,False,22.84881599636792
1,1.5,2.0,3,9,100.0,0,3,5.093750200806762,False,False,0.8174075889433859
0,1.0,1.0,2,12,100.0,0,1,4.110873864173311,True,False,1.8801237626926668
0,1.0,2.0,7,1,80.0,0,20,4.543294782270004,False,False,0.6369020696912456
0,2.0,2.0,1,9,89.0,1,6,5.19295685089021,False,False,0.4047576268773738
1,2.0,3.0,3,14,100.0,0,1,4.919980925828125,False,False,1.9783616384384857
0,1.0,1.0,1,31,89.0,1,10,4.110873864173311,True,False,0.6903918411938478
0,1.0,2.0,2,71,93.0,1,1,4.875197323201151,False,False,6.111314682505882
0,2.0,3.0,7,1,100.0,0,1,5.993961427306569,False,False,9.165768988294621
0,1.0,2.0,1,13,88.0,1,1,4.700480365792417,False,False,6.011467344881687
0,1.5,1.0,2,10,100.0,1,1,3.8501476017100584,True,False,11.020709243098537
0,1.5,4.0,7,2,100.0,0,1,5.846438775057725,False,False,11.704368619239572
0,2.0,3.0,3,31,99.0,1,1,5.14166355650266,False,False,1.4511394938855047
1,1.0,5.0,2,24,97.0,0,2,5.529429087511423,False,False,55.673564941596545
0,1.5,2.0,1,5,93.0,1,10,4.9344739331306915,False,False,1.6491846328074047
0,1.0,3.0,1,4,95.0,0,3,4.204692619390966,True,False,25.014525622188238
0,1.0,2.0,1,2,100.0,0,6,4.919980925828125,False,False,2.019638444561319
0,1.0,1.0,4,2,100.0,0,1,3.713572066704308,True,False,5.861010688386408
0,2.0,3.0,1,1,100.0,0,23,5.017279836814924,False,False,14.496376433903068
0,1.0,1.0,7,13,91.0,1,5,3.9512437185814275,True,False,0.8910534967510713
1,2.5,5.0,2,48,97.0,0,1,5.860786223465865,False,False,14.39182617352912
0,2.5,3.0,5,16,99.0,0,1,5.707110264748875,False,False,6.394653352370063
0,1.5,1.0,1,7,80.0,0,5,3.2188758248682006,True,False,11.119000213921405
0,1.0,1.0,3,3,100.0,1,1,3.9889840465642745,True,False,2.280420958375881
0,1.0,1.0,1,1,60.0,1,1,4.61512051684126,True,False,37.95866898597013
0,1.0,1.0,3,2,90.0,0,2,4.330733340286331,True,False,2.8874678163865783
0,1.0,1.0,5,2,100.0,1,2,3.9512437185814275,True,False,9.847080939425194
1,1.5,2.0,2,57,97.0,0,2,4.204692619390966,True,False,5.005597797013025
1,2.0,5.0,1,13,94.0,1,29,5.111987788356544,False,False,0.7106210579836851
1,1.0,1.0,3,186,98.0,1,1,4.919980925828125,False,False,7.048067878085497
0,2.0,1.0,2,75,96.0,0,3,4.51085950651685,True,False,1.598255829204983
0,1.0,1.0,4,28,90.0,1,2,4.110873864173311,True,False,2.8031976870757234
1,1.0,1.0,4,36,100.0,1,1,4.983606621708336,False,False,2.275506249745059
0,1.0,2.0,1,12,93.0,1,38,4.9344739331306915,False,False,0.934639737893565
0,1.0,1.0,2,3,87.0,1,1,4.442651256490317,False,False,5.97885417793386
0,1.0,2.0,2,1,100.0,1,50,5.19295685089021,False,False,2.4963594345191105
1,1.0,1.0,1,33,98.0,0,2,4.394449154672439,True,False,34.389797722972126
1,1.0,6.0,2,25,98.0,1,1,4.875197323201151,False,False,7.474043882462887
1,1.0,1.0,1,117,92.0,0,8,4.795790545596741,False,False,0.5875579152240773
0,1.0,2.0,1,3,87.0,0,3,5.771441123130016,False,False,52.930121221082494
1,3.0,4.0,1,15,100.0,0,2,5.666426688112432,False,False,2.581740453927413
0,1.0,1.0,4,12,97.0,0,3,3.9318256327243257,False,False,5.250094632166507
0,1.0,1.0,5,1,100.0,0,1,4.189654742026425,True,False,1.7181745308040146
0,1.0,2.0,1,4,95.0,0,9,4.5217885770490405,True,False,0.332188542410162
1,1.0,3.0,1,54,97.0,1,1,5.529429087511423,False,False,2.6588108815910974
0,1.0,1.0,1,29,98.0,1,1,5.049856007249537,False,False,3.431192596057298
1,2.0,6.0,2,6,96.0,0,5,5.5093883366279774,False,False,52.49128750942263
1,1.5,2.0,1,103,97.0,1,1,5.231108616854587,False,False,2.4940394527710636
0,1.5,1.0,2,3,60.0,0,1,4.23410650459726,True,False,15.06137942271507
0,1.0,6.0,2,23,97.0,0,1,5.529429087511423,False,False,45.02562005915795
0,1.0,3.0,2,2,100.0,1,1,4.795790545596741,False,False,6.7145993524080385
0,1.0,4.0,2,1,80.0,0,3,4.68213122712422,False,False,44.01056168662559
1,1.0,1.0,1,36,94.0,1,5,4.700480365792417,False,False,0.75550384799703
1,1.0,2.0,1,149,97.0,1,1,4.77912349311153,False,False,0.8607168385441745
1,1.0,1.0,3,17,95.0,1,3,4.110873864173311,True,False,8.203653199477179
0,2.0,3.0,1,11,78.0,0,2,5.43372200355424,True,False,37.20520403933907
0,1.0,2.0,2,3,100.0,0,1,4.343805421853684,False,False,8.605698495453971
1,2.0,2.0,2,13,97.0,1,1,4.276666119016055,True,False,17.082642088052175
0,1.5,1.0,2,15,99.0,0,1,4.007333185232471,True,False,9.845267296653079
1,1.0,1.0,2,3,93.0,0,4,5.14166355650266,False,False,1.129049094901397
1,2.0,2.0,2,25,94.0,1,1,4.5217885770490405,False,False,3.0327583123100483
0,1.0,1.0,1,1,80.0,1,1,5.3471075307174685,True,False,28.638487229177237
0,1.0,1.0,1,3,93.0,1,4,3.58351893845611,True,False,16.251944698343742
1,1.0,5.0,2,43,100.0,1,1,5.3981627015177525,False,False,35.937602289784806
0,1.0,2.0,2,18,95.0,0,1,5.375278407684165,False,False,1.48777858432602
0,1.0,1.0,1,2,100.0,0,1,4.795790545596741,True,False,1.7835959051549635
0,2.0,2.0,1,2,100.0,1,1,4.276666119016055,False,True,0.8775936057894472
0,1.0,1.0,1,4,90.0,1,3,3.8918202981106265,True,False,15.829609100435043
1,1.5,1.0,2,200,97.0,0,1,4.442651256490317,True,False,2.1303896702296377
1,1.0,1.0,14,25,98.0,0,1,4.61512051684126,False,False,4.084614519456281
0,2.0,2.0,7,1,100.0,0,2,5.707110264748875,False,False,3.2187599677639454
1,2.0,1.0,2,31,100.0,0,1,4.110873864173311,True,False,1.9005248507024244
0,1.0,1.0,5,3,100.0,0,1,4.02535169073515,True,False,4.003157838245333
0,2.0,2.0,3,4,90.0,0,28,5.327876168789581,False,False,1.179586098765903
0,2.0,3.0,2,4,93.0,0,1,4.68213122712422,False,False,7.814733660179364
0,1.0,1.0,1,13,88.0,0,4,3.6888794541139363,True,False,19.74779057962887
0,1.5,3.0,2,3,100.0,0,1,5.198497031265826,False,False,60.56399547293863
1,1.0,2.0,2,27,97.0,0,1,3.9318256327243257,True,False,6.015555741852836
0,1.0,1.0,1,3,80.0,1,3,4.700480365792417,False,False,0.936956387540825
0,2.0,2.0,2,5,100.0,0,1,5.480638923341991,False,False,3.2572157578095093
0,1.0,1.0,3,7,100.0,0,1,5.049856007249537,False,False,4.751012193995251
0,1.0,3.0,1,31,93.0,0,1,4.955827057601261,False,False,10.399496011953879
0,1.5,1.0,1,1,100.0,0,1,3.9318256327243257,False,True,18.66089451062159
0,1.0,1.0,1,4,100.0,0,1,4.394449154672439,True,False,13.346436955098785
0,2.0,4.0,3,17,91.0,0,1,5.480638923341991,False,False,10.734363916261218
0,1.5,1.0,2,2,90.0,0,1,3.8918202981106265,True,False,43.92981219761076
1,1.0,1.0,2,200,96.0,0,1,4.890349128221754,False,False,0.38755529680564926
0,1.0,1.0,1,5,100.0,1,1,4.189654742026425,True,False,18.489793488139192
1,1.5,2.0,3,16,100.0,0,2,4.7535901911063645,True,False,7.427329482801645
1,1.0,2.0,7,83,98.0,1,1,4.787491742782046,False,False,1.057676923501999
1,2.0,3.0,1,7,100.0,1,15,5.351858133476067,False,False,9.66466857875445
1,2.0,3.0,4,15,99.0,0,1,5.929589143389895,False,False,5.169323794048256
1,2.5,2.0,3,2,100.0,0,2,5.017279836814924,False,False,2.061145722199524
0,1.0,1.0,1,8,86.0,0,1,4.795790545596741,False,False,0.7473098452012277
0,1.0,1.0,3,5,96.0,0,3,3.8501476017100584,True,False,13.964078177202897
0,1.0,4.0,2,5,84.0,0,1,4.110873864173311,False,False,0.42459495088233645
0,1.0,1.0,5,1,100.0,1,1,4.51085950651685,False,False,7.1744570065682725
1,1.0,2.0,1,12,93.0,1,11,4.983606621708336,False,False,0.5333175361709961
0,1.5,1.0,2,2,100.0,0,1,4.02535169073515,True,False,1.9559318086230062
1,1.0,1.0,1,67,98.0,0,1,4.61512051684126,False,False,2.3942213416102924
0,1.0,2.0,5,2,100.0,0,2,5.017279836814924,False,False,3.9482523525161577
0,1.0,1.0,3,9,100.0,0,1,4.276666119016055,True,False,1.3909606542269826
0,1.0,2.0,1,12,95.0,1,27,5.087596335232384,False,False,0.5682982854635682
1,1.0,3.0,1,101,99.0,1,1,4.584967478670572,False,False,6.448668054212244
1,1.0,1.0,7,19,97.0,1,1,3.9318256327243257,True,False,6.364325444590352
0,2.0,4.0,1,3,100.0,1,1,4.382026634673881,False,False,28.572280686302275
1,1.0,3.0,2,32,94.0,0,1,4.795790545596741,False,False,6.906581781915761
0,2.0,2.0,2,27,84.0,0,1,4.787491742782046,False,False,2.152809766801031
1,1.0,1.0,1,73,97.0,1,11,4.61512051684126,False,False,6.048978261964756
0,2.0,3.0,3,2,100.0,0,1,5.703782474656201,False,False,18.87918498131091
0,2.0,4.0,1,1,80.0,0,50,5.19295685089021,False,False,19.806548901919875
0,2.0,1.0,1,2,100.0,0,4,3.6888794541139363,True,False,23.51002255713117
0,1.0,2.0,1,83,95.0,1,1,4.663439094112067,False,False,0.37220802962402805
0,1.0,2.0,1,3,100.0,1,1,3.713572066704308,False,False,1.221766410194247
0,1.0,1.0,2,2,90.0,0,1,4.51085950651685,False,False,37.747329179834495
1,1.0,2.0,1,50,100.0,1,1,4.465908118654584,False,False,55.65494529670663
1,1.0,1.0,3,114,96.0,0,1,4.836281906951478,False,False,4.618400827430946
0,1.0,1.0,5,1,80.0,0,1,4.51085950651685,False,False,4.372309074892823
1,2.0,4.0,3,43,97.0,0,23,5.765191102784844,False,False,0.8424467270865341
0,1.0,1.0,2,3,100.0,0,1,4.700480365792417,True,False,16.390307861345544
1,1.0,2.0,2,112,97.0,1,50,4.61512051684126,False,False,0.7344086335366183
1,1.0,1.0,2,12,100.0,0,1,4.948759890378168,False,False,6.014607797654809
1,1.0,2.0,1,17,92.0,1,41,4.875197323201151,False,False,0.7143275265081896
0,1.0,2.0,1,1,100.0,0,3,4.110873864173311,True,False,22.467281692978318
1,1.0,1.0,1,47,100.0,0,1,4.110873864173311,True,False,5.943894190840862
1,1.0,3.0,2,57,94.0,1,1,5.231108616854587,False,False,0.44338212386716463
0,2.0,3.0,2,3,80.0,0,21,5.351858133476067,False,False,0.7811398110316673
1,1.0,1.0,1,166,97.0,1,2,4.787491742782046,False,False,0.5614481079837681
0,1.0,1.0,1,3,93.0,0,1,4.3694478524670215,True,False,32.50127392591945
0,1.0,3.0,2,1,100.0,0,2,5.0689042022202315,False,False,0.6847811624029456
0,2.0,1.0,2,21,89.0,0,1,3.4339872044851463,True,False,22.0993112335527
0,1.0,2.0,1,2,80.0,0,6,4.852030263919617,True,False,14.200575306922513
0,1.0,1.0,1,19,97.0,0,2,4.02535169073515,True,False,16.348384200811363
0,1.0,1.0,7,46,99.0,0,4,4.700480365792417,False,False,3.5411852939905932
1,1.0,2.0,2,141,94.0,1,50,4.61512051684126,False,False,3.2189530065165974
0,1.0,4.0,1,41,92.0,1,19,4.852030263919617,False,False,0.6780566063327766
0,2.0,1.0,1,17,100.0,1,1,3.9318256327243257,True,False,12.30329723282359
1,1.0,1.0,4,176,98.0,0,4,4.59511985013459,False,False,3.6627189366516864
0,1.0,1.0,1,22,98.0,1,1,4.465908118654584,True,False,37.22785290582344
0,1.0,1.0,1,13,97.0,1,16,4.948759890378168,False,False,0.6065534629854001
1,1.0,1.0,1,200,97.0,0,1,4.394449154672439,True,False,52.00365338404242
0,1.0,1.0,2,11,98.0,1,1,4.634728988229636,False,False,7.354932003432553
1,1.0,1.0,2,82,99.0,1,1,4.6913478822291435,False,False,10.648815700650156
0,2.0,2.0,1,14,87.0,1,11,4.948759890378168,False,False,0.6143215851008936
1,2.0,4.0,1,9,98.0,1,22,5.5093883366279774,False,False,4.726090500364136
0,1.0,1.0,2,1,100.0,0,1,4.276666119016055,True,False,2.6308756041758485
0,1.0,4.0,1,10,98.0,1,4,5.25227342804663,False,False,0.8120495022652371
1,2.0,3.0,3,31,95.0,1,1,5.087596335232384,False,False,1.8301847486415985
0,1.0,1.0,1,2,60.0,1,1,4.442651256490317,True,False,31.692784668460078
0,1.0,1.0,1,11,98.0,1,2,4.127134385045092,True,False,5.2674596172334995
0,1.0,1.0,2,5,100.0,0,1,4.61512051684126,False,False,6.295417016313251
0,2.0,1.0,14,1,100.0,0,1,4.442651256490317,False,False,3.52072370813357
1,1.5,1.0,1,9,96.0,1,3,3.713572066704308,True,False,6.343052468586022
0,1.0,1.0,1,1,100.0,0,2,4.276666119016055,True,False,3.5631911995298564
0,1.0,1.0,3,2,100.0,0,4,3.8501476017100584,False,True,0.9164561678254577
0,4.5,8.0,21,2,100.0,1,5,5.703782474656201,False,False,17.910345367683217
0,2.0,6.0,5,2,100.0,0,1,5.198497031265826,False,False,8.945012876321945
0,1.0,1.0,1,3,100.0,1,3,4.276666119016055,True,False,3.5080606222595514
1,1.0,1.0,2,104,97.0,0,3,4.574710978503383,False,False,4.4075258372417965
0,2.0,1.0,1,16,100.0,0,1,4.394449154672439,True,False,1.313119135545031
1,1.0,1.0,3,76,97.0,0,2,5.19295685089021,False,False,2.7188871554571645
0,1.0,1.0,2,6,97.0,1,1,5.993961427306569,False,False,1.0103701431746612
0,1.0,2.0,1,5,100.0,0,1,5.231108616854587,False,False,5.692032007547075
0,1.0,1.0,21,1,100.0,0,1,4.875197323201151,False,False,1.2173611510601856
0,1.0,1.0,2,2,100.0,0,1,4.290459441148391,True,False,12.914934470324107
0,1.0,2.0,2,36,97.0,0,1,5.19295685089021,False,False,2.9871164048832153
1,1.0,3.0,7,1,100.0,0,50,6.29156913955832,False,False,5.454861898474195
0,1.0,2.0,1,1,100.0,1,4,4.59511985013459,True,False,19.50647978525236
0,1.0,1.0,1,9,100.0,1,1,3.58351893845611,True,False,6.982205766396947
1,1.0,2.0,1,9,96.0,1,11,5.14166355650266,False,False,1.6145665294350526
0,1.0,4.0,3,1,100.0,1,50,5.707110264748875,False,False,3.0426178662136203
0,1.0,6.0,2,15,93.0,1,3,5.135798437050262,True,False,19.434781671351207
0,1.0,1.0,2,13,98.0,0,1,4.875197323201151,False,False,28.564808547747855
0,1.0,1.0,1,10,94.0,1,13,5.786897381366708,False,False,35.59418203217996
0,2.0,4.0,2,5,96.0,1,1,5.529429087511423,False,False,51.452176460959905
0,1.0,1.0,4,36,95.0,0,1,4.574710978503383,False,False,5.899986423868468
0,1.0,1.0,1,8,94.0,0,2,4.51085950651685,True,False,35.28460395592748
1,2.0,2.0,2,16,99.0,1,50,4.700480365792417,False,False,1.5924498686872497
1,1.0,1.0,2,167,94.0,1,50,4.499809670330265,False,False,4.125853591565093
0,1.0,1.0,2,2,100.0,0,1,5.017279836814924,False,False,3.2539788550832176
1,3.5,4.0,2,19,95.0,0,26,5.993961427306569,False,False,0.6678541399793038
1,1.0,6.0,4,33,91.0,1,2,5.857933154483459,False,False,1.0392599788280603
0,1.0,3.0,1,3,100.0,0,23,5.017279836814924,False,False,1.0207131057365304
1,1.0,1.0,7,72,99.0,0,4,4.442651256490317,True,False,3.051773251088033
0,1.0,3.0,1,2,60.0,1,9,4.51085950651685,False,False,1.0457557986257429
0,2.0,2.0,1,23,95.0,1,1,5.017279836814924,False,False,1.9605375504554456
0,1.0,2.0,2,9,90.0,1,5,5.1647859739235145,False,False,1.4243343518994263
1,2.0,3.0,1,158,98.0,1,5,5.1647859739235145,False,False,0.43655340723167124
1,1.0,3.0,2,4,100.0,1,2,5.424950017481403,False,False,4.105298056376973
0,1.0,2.0,3,1,80.0,1,1,3.9318256327243257,True,False,3.5074680816960666
0,1.0,2.0,2,26,93.0,0,1,2.5649493574615367,False,False,11.686427580470617
0,1.0,1.0,1,6,97.0,1,3,4.330733340286331,True,False,1.2558401137465252
0,1.0,2.0,3,4,100.0,0,1,3.713572066704308,True,False,17.8449698182043
0,1.0,2.0,1,42,98.0,1,50,5.3981627015177525,False,False,0.9028778541697603
1,1.0,2.0,2,82,98.0,0,1,4.795790545596741,False,False,6.885208925879469
0,2.0,5.0,1,23,92.0,0,50,5.017279836814924,False,False,0.7391089676232763
0,2.5,3.0,1,2,60.0,1,7,6.375024819828097,False,False,2.194047536389366
0,2.0,2.0,3,2,100.0,0,1,5.075173815233827,False,False,2.224426749145746
0,1.0,1.0,21,1,100.0,0,1,3.58351893845611,True,False,1.1122665937235399
0,1.0,2.0,3,33,86.0,0,1,4.700480365792417,False,False,0.43413971647150834
0,1.0,2.0,2,76,94.0,0,2,4.852030263919617,False,False,5.261971537731068
0,2.0,2.0,2,52,92.0,0,4,4.875197323201151,False,False,3.539976866565665
0,1.0,4.0,2,7,89.0,0,1,5.529429087511423,False,False,3.347167092491537
1,2.0,4.0,2,65,98.0,1,1,5.198497031265826,False,False,4.043073678623901
0,1.0,1.0,1,10,88.0,0,1,3.1354942159291497,True,False,11.978134516840354
1,1.0,2.0,2,55,97.0,1,50,4.61512051684126,False,False,1.751581095555171
0,1.0,2.0,1,62,91.0,1,50,4.74493212836325,False,False,0.9344237265440335
0,2.0,2.0,1,1,100.0,0,1,4.61512051684126,False,False,3.5891211069292654
1,2.0,2.0,2,28,98.0,1,1,5.153291594497779,False,False,6.144933760283829
0,2.0,8.0,1,19,86.0,1,12,4.9344739331306915,False,False,9.064896623052391
0,2.0,2.0,3,29,99.0,1,1,5.298317366548036,False,False,8.60101973231234
1,1.5,1.0,2,71,98.0,0,1,4.330733340286331,False,False,6.884224894387995
0,1.0,1.0,2,20,95.0,1,1,4.110873864173311,True,False,6.059807394634687
1,2.0,4.0,1,3,100.0,1,2,5.262690188904886,False,False,0.8940362950953697
0,1.0,1.0,3,3,100.0,0,1,4.330733340286331,False,False,6.023409612375982
0,1.5,2.0,1,12,93.0,0,2,4.795790545596741,True,False,0.0947806040717098
1,1.0,2.0,2,9,98.0,1,6,4.890349128221754,False,False,0.7717141604491227
0,2.0,5.0,3,10,100.0,0,8,4.852030263919617,False,False,16.180464936943142
1,1.0,2.0,2,38,98.0,1,3,5.198497031265826,False,False,52.29817492126717
0,1.0,4.0,2,19,96.0,0,33,5.017279836814924,False,False,7.5891359498741435
0,1.0,1.0,2,4,95.0,0,1,4.330733340286331,True,False,0.8101875479302979
1,1.0,2.0,1,12,97.0,0,4,4.700480365792417,False,False,0.719952167981894
0,2.0,6.0,3,86,97.0,1,17,5.993961427306569,False,False,1.2460092841314798
0,1.5,3.0,1,175,93.0,0,1,4.787491742782046,False,False,17.192244309565005
0,1.0,2.0,7,9,100.0,1,1,4.663439094112067,False,False,1.60370000170936
1,1.0,1.0,3,149,97.0,1,1,4.442651256490317,True,False,1.4369759666323474
0,1.0,1.0,1,18,100.0,0,1,4.700480365792417,True,False,1.6336562575559017
0,1.0,1.0,2,7,80.0,1,1,5.25227342804663,False,False,1.452316728800121
1,2.0,2.0,2,7,100.0,0,2,5.198497031265826,False,False,7.794839363587098
1,1.0,2.0,1,29,98.0,0,1,4.700480365792417,False,False,7.908979701917361
0,1.0,1.0,1,1,100.0,0,1,3.9318256327243257,True,False,6.996444280519275
1,1.5,1.0,1,3,100.0,1,5,3.9318256327243257,True,False,37.07827756913964
0,1.0,2.0,2,10,87.0,0,3,4.6913478822291435,False,False,0.9178003337003561
1,2.5,1.0,2,2,100.0,0,8,4.51085950651685,True,False,7.316352796903781
1,1.5,1.0,28,1,100.0,1,3,4.875197323201151,False,False,3.353688711586287
0,1.0,3.0,1,17,96.0,0,1,5.017279836814924,False,False,3.6940658397841046
1,1.0,1.0,2,200,97.0,1,2,4.919980925828125,False,False,2.4559543818009955
0,1.0,1.0,2,8,100.0,0,1,3.9318256327243257,True,False,4.696209020876906
0,1.5,1.0,2,4,95.0,0,2,4.23410650459726,True,False,11.66423097988709
0,1.0,1.0,1,23,98.0,1,5,4.51085950651685,False,False,3.6727738958893634
1,4.5,6.0,2,1,100.0,0,10,6.68586094706836,False,False,2.538802972760095
0,1.0,1.0,1,6,100.0,0,1,3.6109179126442243,True,False,14.859068449750628
0,1.0,2.0,21,4,95.0,0,1,4.795790545596741,False,False,6.722912138719422
1,1.0,2.0,2,25,96.0,1,1,4.795790545596741,False,False,4.462533223389266
0,1.0,6.0,1,1,80.0,0,5,4.30406509320417,True,False,21.50752314384408
0,1.0,1.0,1,16,95.0,1,1,4.248495242049359,True,False,3.0903941909154944
1,1.0,3.0,2,20,100.0,0,1,5.017279836814924,False,False,20.765539157675985
0,1.0,3.0,2,23,92.0,0,2,5.3981627015177525,False,False,34.10817252089681
1,1.0,2.0,13,10,98.0,0,4,4.700480365792417,False,False,3.854435058994015
1,1.0,1.0,1,4,100.0,1,2,4.574710978503383,True,False,7.69030236272982
0,2.5,4.0,2,24,90.0,0,1,5.69035945432406,False,False,22.02184867339852
0,1.0,1.0,1,33,88.0,1,1,4.02535169073515,True,False,11.960699481854771
0,1.5,1.0,2,5,90.0,0,1,3.8501476017100584,True,False,5.552529317588957
0,1.0,1.0,2,4,95.0,1,1,5.075173815233827,False,False,2.5753095969691073
0,1.0,2.0,1,39,95.0,1,50,4.74493212836325,False,False,0.7994950759213902
1,1.0,1.0,2,32,98.0,0,1,4.477336814478207,False,False,6.506280994496223
0,2.5,5.0,2,10,98.0,1,3,5.198497031265826,False,False,17.980216050304325
0,1.0,1.0,1,43,95.0,1,2,3.713572066704308,True,False,6.022705661067536
1,1.0,1.0,1,108,96.0,1,4,5.017279836814924,False,False,1.9226302106038913
0,1.0,1.0,1,8,90.0,1,31,4.189654742026425,True,False,14.12398361292173
0,1.0,1.0,2,8,98.0,0,1,4.394449154672439,True,False,6.081733640708977
1,1.0,2.0,2,51,100.0,0,2,4.9344739331306915,False,False,4.556343331310473
1,1.0,5.0,2,25,98.0,1,26,5.017279836814924,False,False,1.2468882733647193
0,3.5,7.0,2,14,90.0,0,4,5.993961427306569,False,False,36.816348872483736
0,1.0,2.0,1,36,89.0,1,6,4.204692619390966,True,False,1.0133637927774166
0,2.0,4.0,1,3,53.0,1,14,4.875197323201151,False,False,1.4448317971030216
0,1.0,1.0,1,1,100.0,1,1,5.707110264748875,False,False,2.173307566393858
0,2.0,3.0,2,1,80.0,1,4,5.298317366548036,False,False,0.7829197213768819
1,1.0,2.0,2,42,99.0,1,1,5.198497031265826,False,False,7.614004578019549
0,1.5,1.0,1,92,92.0,0,17,4.189654742026425,True,False,1.850667745991268
0,2.5,8.0,3,50,90.0,1,1,5.707110264748875,False,False,7.992031238562157
0,2.0,2.0,2,1,100.0,0,2,5.993961427306569,False,False,5.0733045363145415
1,1.0,1.0,1,108,99.0,0,1,4.442651256490317,False,False,7.17878825647063
0,1.0,1.0,2,15,97.0,1,1,3.9889840465642745,True,False,2.005350115047105
0,1.0,3.0,2,4,95.0,1,1,5.968707559985366,False,False,1.8956387770365268
0,1.0,1.0,1,2,100.0,1,2,4.51085950651685,False,False,1.7880559458585719
1,1.0,2.0,1,92,98.0,1,11,5.087596335232384,False,False,0.3023801638820421
1,1.0,2.0,3,146,98.0,1,1,4.919980925828125,False,False,3.231603871007194
0,1.0,2.0,2,12,98.0,1,30,5.087596335232384,False,False,1.7615218976835052
0,1.5,2.0,2,3,93.0,0,1,5.087596335232384,False,False,3.3644229917958204
0,1.0,1.0,1,81,94.0,1,2,5.564520407322694,False,False,35.068390669260346
1,1.0,2.0,1,102,94.0,1,2,4.700480365792417,False,False,0.9434777465900197
1,1.0,2.0,1,7,97.0,1,35,4.919980925828125,False,False,0.8904026640321399
1,2.0,3.0,2,12,97.0,1,29,5.135798437050262,False,False,0.7335861590580893
0,1.0,1.0,2,11,95.0,1,1,4.51085950651685,True,False,1.4044136733839856
0,1.0,1.0,1,2,90.0,1,1,4.330733340286331,True,False,54.84215773576958
0,1.0,2.0,2,5,88.0,1,16,5.017279836814924,False,False,0.5338260891495341
1,1.0,1.0,3,200,98.0,0,1,4.836281906951478,False,False,6.065010138885568
0,1.0,1.0,1,34,96.0,1,30,4.61512051684126,False,False,0.4483428064509767
1,1.0,1.0,1,56,96.0,0,2,5.111987788356544,False,False,0.7473504459545147
0,1.0,3.0,5,11,96.0,1,21,5.117993812416755,False,False,6.473801837181192
1,2.0,1.0,1,12,97.0,0,4,3.9512437185814275,True,False,20.527512282740222
1,2.5,4.0,2,22,99.0,0,3,5.940171252720432,False,False,21.54971024993138
0,1.0,2.0,1,18,92.0,1,50,4.9344739331306915,False,False,3.817440808257245
0,1.0,2.0,4,9,93.0,0,1,4.836281906951478,False,False,7.267249508226002
0,2.0,6.0,1,2,80.0,1,5,5.135798437050262,False,False,0.7576218962863132
0,0.5,1.0,7,4,100.0,1,2,3.713572066704308,True,False,12.425646165413076
1,2.0,1.0,2,3,100.0,1,2,3.871201010907891,True,False,12.046657080932096
1,1.0,1.0,2,19,98.0,0,1,4.875197323201151,False,False,12.1702202696334
1,1.0,1.0,1,200,96.0,1,1,4.454347296253507,False,False,51.27078281841782
1,1.5,5.0,1,7,97.0,0,5,5.602118820879701,True,False,36.891964176721686
0,1.0,3.0,1,2,60.0,0,2,4.61512051684126,False,False,15.561123390525122
1,3.5,3.0,5,15,100.0,0,1,6.39024066706535,False,False,2.9199426927430654
0,2.5,3.0,3,2,100.0,1,1,5.017279836814924,False,False,8.23272967918857
1,1.0,1.0,2,53,98.0,0,1,4.51085950651685,False,False,6.654826423908052
0,2.0,3.0,2,13,94.0,1,1,5.1298987149230735,False,False,3.579671465023471
0,1.0,1.0,7,1,100.0,0,1,4.61512051684126,False,False,7.285319114559326
0,1.0,4.0,1,68,94.0,0,1,5.017279836814924,True,False,14.005576738408932
1,1.0,3.0,2,10,100.0,0,1,5.298317366548036,False,False,0.533373089036827
0,1.0,1.0,2,7,100.0,0,1,4.969813299576001,False,False,2.8257772942607002
0,1.0,1.0,2,1,100.0,0,28,5.017279836814924,False,False,1.0541131741096799
0,1.0,1.0,1,14,100.0,0,1,4.61512051684126,True,False,8.972443992876943
1,1.0,1.0,1,23,98.0,1,1,3.6375861597263857,True,False,20.97689784268309
1,2.0,8.0,2,87,99.0,0,1,6.39024066706535,False,False,49.19534126738418
1,1.0,1.0,21,3,100.0,0,1,4.700480365792417,False,False,7.316528500186904
0,2.5,2.0,1,3,100.0,1,1,5.298317366548036,False,False,2.2568466571024426
0,1.0,2.0,1,6,80.0,1,9,4.795790545596741,False,False,2.1082336305321716
1,1.0,1.0,1,154,96.0,1,24,5.298317366548036,False,False,1.0628858487419868
0,1.0,2.0,4,74,94.0,0,1,4.394449154672439,False,False,7.4253906887864645
0,2.0,2.0,2,5,100.0,1,3,5.293304824724492,False,False,0.6633779507431831
0,1.0,1.0,3,6,100.0,0,4,4.7535901911063645,False,False,0.593980776567012
1,1.0,2.0,1,32,87.0,1,41,4.74493212836325,False,False,0.864246182021764
1,1.5,1.0,1,31,99.0,1,3,5.049856007249537,False,False,34.625085909993146
0,1.0,2.0,1,133,95.0,1,50,4.787491742782046,False,False,0.8811601751783488
1,1.0,3.0,5,2,100.0,1,50,6.030685260261263,False,False,8.44311834110548
0,1.0,1.0,7,2,90.0,0,1,4.61512051684126,False,False,3.0442251480494935
1,1.0,2.0,10,19,94.0,0,3,5.298317366548036,False,False,4.810215111231127
0,1.0,1.0,1,76,94.0,0,1,3.9889840465642745,True,False,2.5855415581106436
0,3.5,4.0,2,16,99.0,0,1,5.62040086571715,False,False,3.446429042436696
0,1.0,1.0,3,9,95.0,0,1,4.51085950651685,False,False,5.933425979193151
1,2.0,1.0,1,21,95.0,1,4,3.9512437185814275,True,False,20.819958745573857
0,2.0,2.0,3,11,100.0,0,1,5.093750200806762,False,False,13.562062946160642
0,2.0,3.0,2,7,97.0,0,1,5.703782474656201,False,False,3.2787307609700416
1,2.0,3.0,1,35,96.0,1,5,5.14166355650266,False,False,0.5709504305911666
0,1.0,2.0,1,1,100.0,0,2,5.298317366548036,False,False,0.5153466357616797
0,2.0,1.0,5,2,80.0,0,1,4.663439094112067,False,False,8.449199235862055
1,1.0,2.0,4,56,100.0,0,4,4.867534450455582,False,False,10.319325477663728
0,1.0,4.0,1,2,70.0,1,3,5.638354669333745,False,False,18.868555039442175
0,2.0,3.0,1,3,93.0,1,22,5.093750200806762,False,False,0.9780406538788168
0,1.0,3.0,5,15,87.0,1,21,5.056245805348308,False,False,5.693642077268103
0,1.0,1.0,1,3,93.0,1,7,4.919980925828125,False,False,0.875235275160647
0,2.0,2.0,1,23,93.0,0,11,5.231108616854587,False,False,1.8566523107192674
0,1.0,2.0,1,2,100.0,0,1,4.110873864173311,True,False,6.44900415736759
1,1.0,1.0,5,4,100.0,0,2,5.480638923341991,False,False,2.0258640254402502
0,1.0,1.0,7,1,100.0,0,1,4.61512051684126,False,False,6.306163713660429
1,1.0,2.0,7,4,100.0,0,50,5.707110264748875,False,False,1.7200556367717115
1,1.0,1.0,1,2,100.0,0,2,4.442651256490317,True,False,1.8161952138875634
0,1.0,3.0,3,3,93.0,0,2,5.655991810819852,False,False,6.121906733315707
1,1.0,3.0,3,8,100.0,1,3,5.087596335232384,False,False,1.692780380400989
0,1.0,1.0,3,9,93.0,0,1,4.442651256490317,True,False,1.0769707220362414
0,2.0,2.0,5,6,93.0,0,1,5.351858133476067,False,False,1.8616898000402793
0,1.0,1.0,1,8,93.0,1,11,4.23410650459726,True,False,1.6273298539141023
0,1.0,4.0,1,59,84.0,1,6,5.1647859739235145,False,False,0.4919824182982665
0,1.0,4.0,1,70,99.0,0,1,5.017279836814924,False,False,35.749702797313354
0,1.0,1.0,1,57,95.0,0,3,3.4339872044851463,True,False,18.936963986149316
0,1.0,1.0,1,59,94.0,1,1,4.189654742026425,True,False,3.891071645548592
0,1.0,3.0,2,11,89.0,1,23,5.017279836814924,False,False,6.266861418417339
0,1.5,1.0,2,12,100.0,0,3,3.6888794541139363,True,False,16.363696638790767
0,1.0,1.0,2,7,94.0,1,16,4.867534450455582,False,False,0.4758021982569474
0,1.0,1.0,4,12,98.0,0,1,4.875197323201151,False,False,2.3186644174407194
0,2.0,3.0,1,1,100.0,1,50,4.867534450455582,False,False,3.0459757679301362
0,1.0,2.0,5,10,90.0,1,21,4.983606621708336,False,False,5.474433534738608
0,1.0,1.0,2,3,100.0,0,1,4.700480365792417,False,False,3.478350655508833
1,1.0,4.0,1,68,99.0,1,1,4.574710978503383,False,False,66.23947986143503
0,1.0,2.0,1,3,100.0,1,38,4.9344739331306915,False,False,0.49965145502303776
0,1.0,1.0,3,2,100.0,0,1,4.02535169073515,True,False,0.32063679327706146
0,2.0,7.0,1,14,87.0,1,40,5.560681631015528,False,False,0.7898430914276867
0,2.0,6.0,2,5,92.0,1,26,5.4638318050256105,False,False,16.827750058602742
1,1.0,2.0,3,200,98.0,1,5,5.298317366548036,False,False,1.3813348836593198
1,1.0,1.0,1,24,98.0,1,3,3.9318256327243257,True,False,16.500559858521374
0,1.0,1.0,2,7,89.0,1,30,4.700480365792417,False,False,1.1378102571838684
0,1.0,1.0,1,2,100.0,1,5,4.02535169073515,True,False,13.238032422948155
0,1.0,3.0,1,33,93.0,1,1,4.787491742782046,False,False,0.41687565505703217
0,1.0,2.0,4,1,80.0,1,2,4.74493212836325,False,False,7.7129497994188165
1,1.0,2.0,5,20,97.0,1,1,4.330733340286331,False,False,15.616220929124562
0,2.0,6.0,29,1,80.0,0,6,5.521460917862246,False,False,3.289730761654766
0,1.0,1.0,1,10,98.0,0,2,3.7612001156935624,True,False,15.394223477234286
1,2.5,2.0,1,28,91.0,0,1,3.6375861597263857,True,False,22.46859548975387
1,1.0,1.0,2,75,97.0,1,2,4.983606621708336,False,False,1.8268618098859717
1,1.0,1.0,1,83,97.0,1,2,4.584967478670572,False,False,44.28594683724046
1,2.0,3.0,2,5,96.0,1,7,5.66988092298052,False,False,2.0119637707213482
0,1.0,1.0,1,3,100.0,0,3,4.499809670330265,False,False,4.344452292379383
1,2.0,6.0,2,83,98.0,1,3,5.564520407322694,False,False,0.9762768277569974
0,1.0,4.0,2,65,90.0,1,1,5.017279836814924,False,False,63.61150879269396
0,1.0,1.0,2,4,95.0,1,1,3.367295829986474,True,False,4.695905372442606
0,1.0,1.0,28,13,94.0,0,1,4.248495242049359,False,False,5.53904991956391
0,3.0,4.0,5,3,93.0,0,1,5.298317366548036,False,False,3.2636508533688744
0,1.0,1.0,3,11,94.0,0,2,4.382026634673881,True,False,4.6409837464351185
0,1.0,1.0,3,10,88.0,1,1,4.74493212836325,False,False,0.8488670047673222
1,1.0,1.0,2,27,99.0,0,1,4.189654742026425,True,False,6.036075524938329
0,1.0,2.0,7,3,93.0,0,1,4.276666119016055,False,False,1.8997481541148689
1,1.0,1.0,2,35,98.0,1,1,4.276666119016055,True,False,4.291785748884539
1,1.0,2.0,3,1,100.0,1,10,5.087596335232384,False,False,0.39420873147919905
0,1.0,2.0,2,30,93.0,0,6,4.7535901911063645,False,False,0.6149737880353748
0,1.0,1.0,4,2,100.0,1,10,4.7535901911063645,False,False,0.4018075394228792
1,2.0,4.0,2,110,97.0,1,26,5.707110264748875,False,False,1.001272661782343
0,1.0,1.0,21,2,100.0,0,1,4.574710978503383,True,False,4.384708830823596
1,2.0,4.0,2,137,98.0,0,2,5.529429087511423,False,False,1.0280560665431357
0,2.0,1.0,2,3,100.0,0,1,4.442651256490317,True,False,4.835454673685489
0,2.5,6.0,3,32,88.0,1,22,5.393627546352362,False,False,14.17842761787653
0,1.0,1.0,1,12,88.0,0,1,3.7612001156935624,True,False,4.191158751837222
0,1.0,4.0,1,80,90.0,1,40,5.049856007249537,False,False,0.8356110101714356
0,0.5,1.0,1,7,91.0,0,1,3.8501476017100584,True,False,14.029389150566786
0,1.0,1.0,3,55,98.0,1,1,4.983606621708336,False,False,5.263311526663314
1,1.0,1.0,7,26,98.0,0,3,4.663439094112067,False,False,3.6878287822718123
0,1.5,1.0,1,3,100.0,0,1,3.6375861597263857,True,False,26.07134994112161
0,1.5,3.0,2,13,95.0,0,7,5.017279836814924,False,False,0.7628770583408878
1,2.0,3.0,2,16,94.0,1,20,4.762173934797756,False,False,2.1295436166065462
0,1.0,1.0,1,8,88.0,0,4,3.58351893845611,True,False,13.225365005284814
1,2.0,3.0,28,1,100.0,1,2,4.948759890378168,False,False,8.661251348733044
0,2.0,4.0,1,5,96.0,0,28,5.703782474656201,False,False,3.403719811328102
0,1.0,1.0,1,3,100.0,0,1,3.9318256327243257,True,False,1.5552196406129744
0,1.0,4.0,1,7,80.0,1,8,5.529429087511423,False,False,8.019294206566647
1,2.0,2.0,2,36,100.0,0,2,4.574710978503383,True,False,8.118852299830214
0,1.5,1.0,1,18,97.0,0,1,4.330733340286331,True,False,3.7448409004785512
0,2.0,8.0,2,2,60.0,0,1,5.3981627015177525,False,False,15.107189424142602
0,1.0,1.0,2,1,100.0,1,1,3.9318256327243257,True,False,12.584372937523787
0,2.0,7.0,1,76,86.0,1,19,5.8805329864007,False,False,1.104841757495142
0,1.0,1.0,1,1,100.0,1,1,4.795790545596741,False,False,0.9011052354856466
0,2.0,2.0,7,2,100.0,0,1,4.61512051684126,False,False,5.10927241891291
0,1.0,1.0,1,1,100.0,1,1,4.499809670330265,True,False,3.948906153313134
1,1.0,1.0,1,19,94.0,1,2,4.795790545596741,True,False,0.9904410338024845
0,2.0,2.0,1,1,100.0,0,1,5.860786223465865,False,False,0.8974502530672067
1,1.0,2.0,2,69,94.0,1,34,4.74493212836325,False,False,0.7249831478869386
0,1.0,1.0,1,50,96.0,1,1,3.8918202981106265,True,False,31.61710234173978
0,1.0,2.0,2,25,99.0,1,1,5.739792912179234,False,False,2.1175628391894263
0,1.0,1.0,2,58,86.0,0,1,4.61512051684126,False,False,6.273610638148226
0,2.0,2.0,7,2,60.0,0,50,4.174387269895637,True,False,1.5466772610863997
0,1.0,5.0,4,17,90.0,0,22,5.6937321388027,False,False,6.941909153430612
1,1.5,1.0,1,108,98.0,1,2,4.499809670330265,True,False,3.43370068975741
0,2.0,4.0,1,16,91.0,1,36,5.049856007249537,False,False,13.700507814409075
0,1.0,1.0,1,4,95.0,1,2,4.59511985013459,True,False,40.32903749619649
1,1.0,3.0,1,1,100.0,1,41,4.948759890378168,False,False,0.6864093608226373
0,1.0,1.0,2,2,90.0,0,1,4.02535169073515,True,False,3.0800696361479187
1,1.0,1.0,1,40,97.0,0,2,4.7535901911063645,False,False,5.706428423979352
0,1.0,1.0,1,3,100.0,0,3,4.02535169073515,True,False,11.273601210225227
0,1.0,1.0,1,88,97.0,1,11,3.4339872044851463,True,False,19.520538658664503
0,2.0,1.0,1,29,97.0,0,4,3.784189633918261,True,False,19.58192183990552
0,1.0,1.0,2,16,94.0,0,4,4.189654742026425,True,False,1.841755408022111
0,1.0,1.0,4,1,60.0,0,3,4.007333185232471,True,False,3.8268342189262534
0,1.0,1.0,3,21,89.0,1,5,5.017279836814924,True,False,24.461172141048376
0,1.0,2.0,2,12,95.0,0,6,4.9344739331306915,False,False,0.7294538782009659
0,2.0,2.0,2,6,97.0,0,1,5.707110264748875,False,False,4.4230519187970305
1,1.0,2.0,1,127,99.0,1,1,4.02535169073515,False,False,13.514454052251166
1,2.0,3.0,3,3,87.0,1,26,5.455321115357702,False,False,4.490576357213234
1,3.0,1.0,3,4,90.0,0,2,3.9318256327243257,True,False,1.8177168982670686
0,1.0,1.0,1,3,93.0,0,2,4.276666119016055,True,False,5.984002683020762
0,2.5,4.0,3,3,93.0,0,5,5.4638318050256105,False,False,28.934412673298347
0,1.0,1.0,3,2,100.0,1,4,3.6375861597263857,True,False,24.483693668178027
0,1.0,2.0,3,31,96.0,0,1,5.3981627015177525,False,False,3.7015686286936793
1,2.0,4.0,3,145,100.0,1,1,5.1647859739235145,False,False,7.656120150199271
0,1.0,2.0,5,1,100.0,0,1,4.875197323201151,False,False,9.455768788030834
0,1.0,1.0,2,18,92.0,0,1,4.394449154672439,True,False,2.1224095948683184
0,1.0,2.0,1,12,84.0,1,2,4.442651256490317,True,False,4.503926987116826
0,2.0,2.0,9,4,100.0,1,1,4.61512051684126,False,False,4.5816656186748235
0,1.0,1.0,1,45,96.0,0,1,3.871201010907891,True,False,25.373418408071263
0,1.0,1.0,2,15,99.0,0,2,4.330733340286331,True,False,6.512595262106272
0,0.5,2.0,2,2,80.0,1,5,3.7612001156935624,True,False,26.1481655074617
0,1.0,2.0,7,3,87.0,0,1,4.3694478524670215,False,False,1.3818734235787853
1,1.0,1.0,2,76,97.0,0,1,5.14166355650266,False,False,0.6335133518418613
0,1.0,1.0,3,31,94.0,1,8,3.9318256327243257,True,False,4.752623559154295
0,1.0,2.0,2,4,100.0,0,2,4.61512051684126,False,False,5.2787863855528245
1,1.0,2.0,14,68,98.0,0,5,4.204692619390966,True,False,5.038696343736909
1,1.0,1.0,2,55,94.0,0,1,3.7612001156935624,True,False,25.05324978418928
0,1.0,2.0,2,4,100.0,1,1,4.795790545596741,False,False,0.8290209719509632
1,2.0,1.0,1,42,99.0,0,1,4.3694478524670215,True,False,12.613756962228145
0,1.0,2.0,7,10,82.0,1,23,4.700480365792417,False,False,6.929627441395494
0,1.0,1.0,3,13,97.0,1,2,4.02535169073515,True,False,3.410264244535998
0,1.0,3.0,1,6,97.0,0,3,5.231108616854587,False,False,4.052031819817106
0,1.5,4.0,7,2,100.0,0,1,4.948759890378168,False,False,4.689744567778571
1,1.0,2.0,1,113,97.0,0,2,4.787491742782046,False,False,0.7843262696828881
0,2.0,1.0,4,1,100.0,0,2,3.8501476017100584,True,False,1.38344577213599
1,1.0,1.0,2,73,96.0,1,1,4.442651256490317,False,False,1.50056433232281
0,1.0,2.0,2,17,88.0,1,30,4.61512051684126,False,False,5.857921959017941
0,1.0,2.0,2,8,98.0,0,1,4.897839799950911,False,False,4.453248114407097
1,2.0,6.0,2,30,95.0,0,2,5.480638923341991,False,False,64.88167361693819
0,0.5,1.0,1,5,88.0,0,2,4.330733340286331,True,False,8.839794790008037
0,1.0,1.0,1,19,90.0,0,1,4.330733340286331,False,False,10.162944551755826
0,1.0,1.0,2,57,92.0,1,1,4.189654742026425,True,False,0.8623985421551436
0,1.0,2.0,5,3,100.0,0,1,4.59511985013459,False,False,3.4061916431030994
0,2.5,3.0,7,3,100.0,1,1,4.543294782270004,False,False,6.881232055956105
0,1.0,1.0,4,67,98.0,0,2,4.948759890378168,False,False,0.869720630785551
0,1.0,1.0,2,62,88.0,0,5,4.110873864173311,True,False,2.1698613546692074
0,1.0,3.0,1,32,84.0,1,38,5.25227342804663,False,False,0.7348571186146969
1,1.0,1.0,2,45,98.0,0,1,4.276666119016055,True,False,4.299394639808729
0,1.0,1.0,2,3,100.0,0,1,3.58351893845611,True,False,3.120885180909076
0,1.0,1.0,2,30,97.0,0,1,4.276666119016055,True,False,2.640567742888298
0,5.0,1.0,30,4,80.0,0,1,3.6375861597263857,True,False,1.5997933596413212
1,1.0,4.0,1,108,97.0,1,1,4.5217885770490405,True,False,9.383947501794
0,1.0,5.0,1,19,92.0,1,50,5.1647859739235145,False,False,1.1277380160756976
0,1.0,2.0,3,7,97.0,0,1,4.6913478822291435,False,False,8.343691586577261
0,1.0,1.0,3,1,80.0,0,2,4.110873864173311,True,False,18.667816226280575
0,2.5,3.0,3,13,97.0,0,2,5.087596335232384,False,False,26.094175347937348
0,1.0,3.0,5,15,99.0,1,2,5.117993812416755,False,False,0.7648276050232095
0,2.0,8.0,1,32,88.0,1,4,5.8289456176102075,False,False,0.7608729897138338
0,1.0,1.0,2,2,100.0,1,1,4.795790545596741,False,False,8.63982597210303
1,1.0,1.0,2,77,99.0,1,1,4.7535901911063645,False,False,2.370251086607952
0,1.0,2.0,2,5,96.0,0,1,5.017279836814924,False,False,3.6651220168310132
0,1.0,1.0,4,1,100.0,0,1,4.430816798843313,False,False,8.661388200035079
0,1.0,2.0,2,42,97.0,1,2,4.727387818712341,False,False,0.7911682407118175
1,1.0,1.0,1,11,100.0,1,1,3.7612001156935624,True,False,18.943084236612144
0,1.0,2.0,3,5,92.0,0,1,2.995732273553991,True,False,4.483145031018516
0,1.0,3.0,3,11,100.0,1,1,4.948759890378168,False,False,8.232859931053152
0,1.0,2.0,2,5,95.0,0,1,4.983606621708336,False,False,7.017980287653621
1,2.0,3.0,1,178,95.0,0,35,5.14166355650266,False,False,0.958925074070881
0,1.0,1.0,1,3,100.0,1,1,4.477336814478207,False,False,3.857601879013795
0,1.0,1.0,2,34,95.0,0,4,4.836281906951478,False,False,2.9001769591681885
1,1.0,2.0,1,6,93.0,1,7,5.087596335232384,False,False,0.8074423559865952
1,1.0,4.0,3,109,96.0,1,4,5.298317366548036,False,False,0.6252989694949695
0,1.5,4.0,3,6,100.0,0,1,5.771441123130016,False,False,3.4153821569361624
0,1.0,1.0,3,1,80.0,0,1,5.198497031265826,False,False,0.8916399629585857
0,1.0,1.0,1,51,94.0,1,1,4.919980925828125,False,False,0.5433667331012464
1,1.0,3.0,2,144,97.0,0,1,4.795790545596741,False,False,52.4186536131064
0,1.0,1.0,1,6,97.0,0,6,5.017279836814924,False,False,1.876508564169778
0,1.0,1.0,1,11,98.0,1,1,4.110873864173311,True,False,3.8663859543685657
0,2.0,1.0,2,2,100.0,0,2,4.330733340286331,True,False,3.82152433071071
1,2.0,3.0,2,44,98.0,1,1,4.795790545596741,False,False,3.604794739441858
0,1.0,1.0,1,5,100.0,0,1,4.110873864173311,True,False,4.743504042986997
1,1.5,1.0,1,44,98.0,1,1,4.110873864173311,False,True,5.1596050683233425
0,1.0,1.0,1,13,98.0,0,1,4.07753744390572,True,False,5.122470839805355
0,4.0,1.0,7,1,60.0,0,50,3.9318256327243257,True,False,5.442971953801819
1,2.0,1.0,1,10,96.0,1,3,4.330733340286331,True,False,40.5388746370091
1,1.0,1.0,2,50,97.0,0,1,4.574710978503383,False,False,42.32594606055371
0,1.0,1.0,1,3,100.0,0,1,3.9318256327243257,True,False,4.913952689858389
0,1.0,3.0,2,1,100.0,1,1,5.552959584921617,False,False,4.688923786934795
1,1.0,3.0,3,26,95.0,0,1,5.1298987149230735,False,False,10.427417475900423
0,2.5,3.0,2,7,97.0,1,2,5.231108616854587,False,False,21.449341094087462
0,1.0,2.0,7,2,90.0,0,1,4.174387269895637,False,False,3.355467600739709
0,1.0,1.0,1,4,100.0,1,5,3.5263605246161616,True,False,13.28839112164127
0,1.5,3.0,1,5,92.0,0,1,4.867534450455582,False,False,7.064546464606134
0,1.0,2.0,3,7,89.0,1,4,3.4339872044851463,False,True,24.446561620621004
1,1.0,1.0,2,3,93.0,0,6,5.087596335232384,True,False,36.10659255087964
0,1.0,1.0,1,52,96.0,0,1,3.8918202981106265,True,False,5.187180970200117
0,1.0,1.0,5,9,98.0,0,1,3.9318256327243257,True,False,2.4914223417867665
1,1.0,1.0,3,2,100.0,1,5,4.110873864173311,True,False,19.51150135255291
0,2.0,6.0,1,3,93.0,0,5,4.7535901911063645,False,False,24.11838121659309
0,2.0,1.0,1,15,80.0,0,4,3.258096538021482,True,False,39.47101034604969
1,1.0,1.0,3,47,100.0,0,1,4.61512051684126,False,False,3.8486039781525196
0,2.0,2.0,8,17,99.0,0,1,4.836281906951478,False,False,1.1318537681924135
0,2.0,1.0,3,4,100.0,1,4,4.110873864173311,True,False,9.57446013098165
0,2.0,8.0,1,1,80.0,1,3,4.983606621708336,False,False,8.320298174563169
0,1.5,4.0,1,10,98.0,0,1,4.276666119016055,True,False,30.18548550735776
1,1.0,2.0,5,15,100.0,0,4,4.61512051684126,False,False,3.6740414716143155
1,2.5,4.0,1,34,99.0,0,1,5.480638923341991,False,False,6.567898891093356
0,1.0,4.0,3,102,94.0,0,2,5.087596335232384,False,False,1.4328187763018243
0,1.0,2.0,1,8,93.0,1,2,5.075173815233827,False,False,0.6016907536577116
0,2.0,1.0,7,1,100.0,0,1,4.795790545596741,False,False,3.3825681992788192
1,2.0,3.0,1,24,93.0,1,38,6.68586094706836,False,False,0.6897899745596131
1,2.5,2.0,5,2,100.0,0,2,5.087596335232384,False,False,3.6053337508265573
1,1.0,5.0,1,51,95.0,0,2,5.529429087511423,False,False,35.14298027692976
0,1.0,1.0,2,6,80.0,1,5,3.8918202981106265,True,False,11.437168252723763
0,1.0,1.0,1,10,92.0,0,1,3.8918202981106265,True,False,7.769589406745242
0,1.0,1.0,7,3,87.0,1,2,3.8501476017100584,True,False,2.4675044909921806
0,1.0,2.0,2,16,87.0,1,1,4.574710978503383,False,False,0.6549953923557658
0,1.0,1.0,5,48,97.0,1,50,4.795790545596741,False,False,0.29153429612690546
1,1.0,2.0,2,43,98.0,0,1,4.61512051684126,False,False,0.44011202514621245
0,2.5,1.0,3,1,100.0,0,1,4.189654742026425,True,False,0.8713568695774231
0,1.0,1.0,2,15,92.0,1,16,4.875197323201151,False,False,0.3510674070120072
0,5.0,7.0,2,5,92.0,0,3,6.68586094706836,False,False,40.67363036691675
0,1.0,2.0,1,3,100.0,0,2,3.6888794541139363,True,False,21.063314618502968
0,1.0,1.0,1,4,80.0,0,1,4.875197323201151,False,False,1.5795520847688305
0,1.5,1.0,2,7,97.0,0,1,4.330733340286331,True,False,22.79117897392126
0,1.0,2.0,1,1,100.0,1,1,5.3981627015177525,True,False,4.226219031925672
1,1.5,2.0,1,136,96.0,0,1,5.25227342804663,False,False,2.7401895870645427
0,2.0,8.0,1,55,81.0,1,12,5.25227342804663,False,False,7.9313709558439305
0,0.5,1.0,1,25,96.0,0,2,3.6888794541139363,True,False,15.327036325165636
1,1.0,2.0,1,8,88.0,1,35,4.919980925828125,False,False,0.878664156238043
0,2.0,2.0,1,2,60.0,0,17,3.8066624897703196,True,False,13.18749740833036
0,2.0,5.0,4,76,99.0,0,1,5.993961427306569,False,False,5.901422894864557
0,1.0,1.0,6,2,100.0,1,1,3.6888794541139363,True,False,4.540025990829993
0,1.0,1.0,3,4,100.0,1,1,3.8501476017100584,True,False,4.1615966077449364
0,1.0,1.0,1,5,96.0,1,27,4.875197323201151,False,False,0.743401112347945
0,1.0,1.0,4,1,80.0,1,10,4.7535901911063645,False,False,0.44860742902754214
0,1.0,1.0,2,200,95.0,0,1,4.394449154672439,False,False,51.133018001723315
0,1.0,1.0,3,21,99.0,0,1,4.02535169073515,True,False,8.177220927504724
0,1.0,1.0,6,4,100.0,1,1,4.007333185232471,True,False,2.759503485609161
0,1.0,2.0,1,1,100.0,1,1,4.663439094112067,False,False,1.9659761209112472
0,1.0,1.0,1,1,100.0,0,1,4.110873864173311,True,False,13.532025382940347
0,2.0,2.0,30,115,98.0,0,1,4.51085950651685,False,False,6.137083773116216
0,1.0,2.0,2,127,89.0,1,1,3.9889840465642745,False,True,1.1844574843487634
0,1.0,1.0,2,1,100.0,0,1,4.442651256490317,True,False,9.4191499629648
1,1.0,1.0,1,11,96.0,1,2,3.8501476017100584,True,False,32.352731683504075
0,1.0,5.0,2,41,90.0,0,28,4.836281906951478,False,False,1.445255825110359
0,1.0,2.0,3,2,90.0,0,1,5.198497031265826,False,False,7.102412094390015
0,2.0,1.0,2,25,93.0,0,1,4.23410650459726,True,False,1.4373431136922046
1,1.5,2.0,2,26,99.0,1,3,5.1298987149230735,False,False,1.0743616752300877
0,2.0,6.0,1,15,93.0,0,2,4.700480365792417,False,False,24.025799949358476
0,2.0,2.0,1,29,92.0,1,10,4.983606621708336,False,False,1.9880386525011253
0,2.5,1.0,7,2,70.0,0,50,3.871201010907891,True,False,1.5785168350531333
0,1.0,1.0,2,4,100.0,0,1,4.574710978503383,True,False,5.1973051081457
1,1.0,1.0,1,142,97.0,0,1,4.330733340286331,True,False,2.865082703750553
1,1.0,2.0,1,15,99.0,0,3,5.529429087511423,False,False,1.0166794257454896
1,1.0,1.0,3,16,98.0,0,1,4.5217885770490405,False,False,1.715312692025532
0,1.0,1.0,2,37,94.0,0,1,4.574710978503383,False,False,0.8968263862613813
0,3.0,2.0,1,33,98.0,1,1,5.860786223465865,False,False,3.0078531231200936
0,1.0,1.0,2,30,92.0,0,1,4.110873864173311,True,False,4.425017067406706
0,1.0,1.0,1,45,92.0,1,50,4.875197323201151,False,False,0.8575339084015182
0,1.0,1.0,5,2,90.0,0,1,4.110873864173311,False,False,8.409692999314355
1,1.0,1.0,1,24,98.0,1,1,4.77912349311153,False,False,47.16017539300269
0,1.0,6.0,2,9,96.0,0,1,4.836281906951478,False,False,35.21765327019682
0,1.0,1.0,1,5,96.0,0,2,4.51085950651685,True,False,1.330399841150026
0,1.0,2.0,2,5,96.0,0,1,4.795790545596741,False,False,8.557896236343911
1,1.0,1.0,3,41,99.0,0,1,4.418840607796598,True,False,3.748720446910255
0,1.0,1.0,3,21,93.0,1,9,4.61512051684126,False,False,6.2107669192428885
0,1.0,1.0,2,28,98.0,0,50,4.919980925828125,False,False,4.6106118307066835
1,1.0,1.0,1,26,96.0,1,1,4.499809670330265,True,False,33.45599908185509
0,1.0,2.0,20,73,95.0,0,2,4.61512051684126,False,False,0.608952148612784
1,1.0,2.0,1,23,100.0,1,3,5.545177444479562,False,False,34.38376217100277
1,2.0,4.0,4,33,95.0,0,13,5.529429087511423,False,False,1.1866008842976372
0,1.0,1.0,3,2,70.0,1,1,4.110873864173311,True,False,1.4940451630825045
0,1.0,1.0,1,8,85.0,1,11,4.23410650459726,True,False,1.4418273824952463
1,1.0,2.0,2,70,99.0,0,1,4.919980925828125,False,False,5.658572322411307
0,2.0,3.0,1,6,100.0,1,3,5.19295685089021,False,False,0.8804958050490719
1,1.0,1.0,1,3,100.0,1,17,4.07753744390572,True,False,4.766298633329743
0,1.0,1.0,2,6,100.0,0,1,5.003946305945459,False,False,3.4319583677257
0,1.0,1.0,1,6,84.0,0,1,3.9318256327243257,False,False,1.7124002402613185
0,1.5,5.0,1,39,83.0,1,4,5.298317366548036,False,False,6.36067566127491
0,2.0,4.0,3,2,90.0,1,1,5.707110264748875,False,False,20.16375106950891
0,2.0,2.0,2,2,100.0,0,1,4.624972813284271,False,False,2.636339761759713
0,2.0,4.0,2,7,100.0,0,1,5.424950017481403,False,False,4.858657019701449
0,1.0,1.0,1,1,100.0,0,1,5.017279836814924,False,False,1.392425375165119
0,1.0,3.0,1,60,96.0,1,38,5.25227342804663,False,False,0.48573295386683124
0,1.0,1.0,2,3,93.0,1,1,5.298317366548036,False,False,2.76365627042762
0,1.0,1.0,3,24,98.0,0,2,4.382026634673881,True,False,2.6506217209332696
0,1.0,2.0,2,3,100.0,0,42,4.61512051684126,False,False,4.855249692387743
0,1.0,2.0,8,3,90.0,1,1,4.61512051684126,False,False,3.8777410634649456
0,1.0,1.0,1,2,100.0,0,1,3.713572066704308,True,False,4.994803177999228
0,1.5,3.0,2,54,91.0,0,1,5.929589143389895,False,False,5.127526478695891
0,1.0,2.0,3,18,100.0,0,1,5.087596335232384,False,False,4.704339513725548
0,1.0,2.0,2,42,95.0,0,1,4.919980925828125,False,False,5.31986052770966
0,1.0,1.0,2,33,96.0,0,1,5.017279836814924,False,False,0.9537463620374546
1,1.0,2.0,2,10,98.0,0,1,4.330733340286331,True,False,27.064973706962324
0,1.0,1.0,7,11,75.0,0,25,3.58351893845611,False,True,0.8078079397463421
0,2.0,2.0,4,6,100.0,0,1,6.480044561926653,False,False,2.3396769488459226
0,1.0,1.0,2,5,96.0,0,1,4.875197323201151,False,False,0.9601610199685936
1,2.0,1.0,4,13,98.0,0,10,3.871201010907891,True,False,5.28591350909288
1,2.0,2.0,2,33,97.0,1,2,4.948759890378168,False,False,7.932647650322367
1,1.0,1.0,2,43,100.0,1,1,4.442651256490317,False,False,8.550211164292515
0,1.0,1.0,7,4,95.0,0,1,5.017279836814924,False,False,7.1023717384618426
0,1.0,1.0,4,6,93.0,1,1,4.795790545596741,True,False,3.270583477089842
1,1.5,1.0,1,1,100.0,1,7,4.795790545596741,True,False,34.18314750618105
0,1.0,2.0,3,17,91.0,0,1,4.465908118654584,False,False,0.9160968305464849
0,0.5,1.0,1,2,90.0,0,1,4.290459441148391,True,False,1.893601577122466
0,1.5,2.0,3,2,100.0,0,1,4.394449154672439,False,False,9.502447169624332
1,1.0,1.0,1,54,98.0,0,2,3.8501476017100584,True,False,11.416634754573908
1,1.0,3.0,2,17,100.0,0,1,4.948759890378168,False,False,5.813515673617859
0,1.0,2.0,7,3,100.0,0,1,4.867534450455582,False,False,4.338146434091691
1,1.0,2.0,2,16,95.0,1,16,5.017279836814924,False,False,1.1442762030979534
0,1.0,2.0,1,50,96.0,1,10,4.867534450455582,False,False,0.5434826745802058
0,2.0,3.0,1,2,90.0,1,50,5.087596335232384,False,False,5.691974010565916
0,2.5,2.0,14,4,100.0,0,1,4.61512051684126,False,False,21.51632537149702
1,1.0,1.0,2,37,94.0,1,2,4.795790545596741,False,False,0.313172333760481
0,0.5,3.0,1,2,100.0,0,4,3.713572066704308,True,False,26.158272578953312
1,2.0,3.0,1,94,99.0,1,1,5.198497031265826,False,False,40.02960104292096
0,1.0,1.0,2,9,100.0,1,1,4.204692619390966,True,False,0.21620357295609266
1,1.0,2.0,28,28,97.0,1,5,4.574710978503383,False,False,3.4642160775749335
1,1.0,2.0,1,5,100.0,1,7,5.017279836814924,True,False,34.19047693048873
0,1.0,2.0,2,55,94.0,1,2,5.017279836814924,False,False,4.162903263760597
0,1.0,1.0,1,47,93.0,1,3,3.9512437185814275,True,False,39.836632157714355
0,1.5,2.0,3,5,100.0,0,1,4.442651256490317,False,False,7.066655078654072
0,1.5,3.0,3,9,96.0,1,6,5.198497031265826,False,False,8.584401949136796
0,1.0,1.0,2,14,93.0,0,1,5.198497031265826,False,False,5.222144517701188
1,1.0,1.0,1,7,100.0,1,1,3.9318256327243257,True,False,7.785663308732529
1,1.0,4.0,1,34,99.0,1,3,4.836281906951478,False,False,0.5713034941846102
0,1.0,3.0,2,9,96.0,1,1,5.075173815233827,False,False,13.096849075082082
1,1.0,1.0,1,14,97.0,0,2,4.442651256490317,True,False,28.118776154673977
0,1.0,1.0,1,4,95.0,0,2,4.110873864173311,True,False,19.941851521064216
0,1.0,2.0,2,68,95.0,0,2,4.852030263919617,False,False,1.9448576367506336
0,1.0,1.0,5,25,90.0,1,2,4.02535169073515,True,False,2.7137426892888095
0,1.0,6.0,1,10,82.0,1,1,4.02535169073515,False,False,8.452112587208717
1,2.0,4.0,2,2,90.0,1,10,5.860786223465865,False,False,1.609268850232636
1,1.0,1.0,1,200,97.0,1,3,2.70805020110221,True,False,11.961164168663567
0,1.0,3.0,1,22,92.0,1,17,5.017279836814924,False,False,0.9701618348676017
0,1.0,2.0,1,7,86.0,1,15,4.77912349311153,False,False,1.8768803655769368
0,1.0,2.0,1,80,89.0,1,33,4.90527477843843,False,False,1.208485035094847
0,1.0,1.0,1,3,100.0,0,1,4.007333185232471,True,False,15.229857340085665
0,1.0,1.0,1,4,85.0,0,1,4.499809670330265,False,False,6.231176913380268
0,1.0,2.0,1,1,100.0,0,1,4.836281906951478,True,False,1.3960552350669948
0,1.0,3.0,3,6,80.0,1,50,5.017279836814924,False,False,0.5158213079225399
0,1.0,1.0,7,6,97.0,1,1,4.394449154672439,False,False,5.275127719656199
1,1.0,1.0,2,93,99.0,0,3,4.110873864173311,True,False,1.6579146824571425
0,2.0,2.0,2,131,93.0,1,1,4.852030263919617,False,False,0.9586049584638543
0,1.0,1.0,4,2,100.0,1,10,4.7535901911063645,False,False,0.5833074569023862
0,1.0,1.0,3,6,97.0,0,3,4.836281906951478,False,False,3.5187842146393393
0,1.0,1.0,3,23,95.0,0,2,3.7612001156935624,True,False,6.797529265260837
0,1.0,1.0,5,9,98.0,1,1,4.867534450455582,False,False,3.927081024669282
0,1.0,1.0,1,2,100.0,0,2,3.4339872044851463,True,False,4.980054136305084
0,1.0,2.0,1,1,80.0,1,50,4.875197323201151,False,False,0.708219085199244
1,1.0,2.0,4,23,100.0,1,1,5.480638923341991,False,False,1.2739245150068692
1,1.0,1.0,1,10,100.0,0,2,4.574710978503383,False,False,4.618495629660492
0,1.0,1.0,1,3,67.0,0,1,4.584967478670572,True,False,0.34123054376476836
1,2.0,2.0,1,48,100.0,1,1,3.9318256327243257,True,False,10.04475801778377
0,1.0,1.0,2,2,100.0,0,1,5.198497031265826,False,False,3.140457341072839
1,2.0,2.0,2,7,100.0,1,3,5.62040086571715,False,False,5.685162048381404
0,1.0,2.0,2,15,93.0,0,1,5.455321115357702,False,False,2.995331029387328
0,1.0,1.0,2,6,96.0,1,3,4.51085950651685,True,False,3.691138103143177
0,1.0,2.0,1,1,100.0,1,1,5.087596335232384,False,False,3.978852889124248
1,1.0,1.0,1,24,100.0,0,1,4.110873864173311,True,False,5.534482805777592
0,1.0,1.0,3,8,100.0,1,50,4.61512051684126,False,False,2.145919542399586
0,1.5,1.0,2,72,95.0,0,3,3.8501476017100584,False,True,0.632630840597602
0,1.0,1.0,2,35,96.0,1,1,4.61512051684126,True,False,2.375784608526547
0,1.0,2.0,1,2,100.0,1,9,4.5217885770490405,False,False,1.7651623800915264
1,3.5,8.0,3,7,100.0,1,11,6.54534966033442,False,False,1.594133494609954
0,2.0,3.0,2,33,91.0,1,2,5.049856007249537,False,False,6.42393611026381
0,1.0,2.0,3,72,99.0,0,1,5.231108616854587,False,False,2.334726776207625
1,1.0,2.0,1,43,93.0,1,35,5.075173815233827,False,False,0.9652168897495643
1,1.0,3.0,2,7,100.0,1,6,5.017279836814924,False,False,0.8613123146503032
0,2.0,4.0,1,14,99.0,1,14,4.875197323201151,False,False,1.9721725403073795
0,1.0,1.0,1,6,75.0,1,1,4.51085950651685,True,False,1.7080252031762677
0,1.0,1.0,2,31,97.0,0,2,4.02535169073515,True,False,15.189278309891163
1,1.0,1.0,2,36,100.0,0,1,5.3981627015177525,False,False,37.5238788690619
0,1.0,2.0,4,18,100.0,0,1,4.795790545596741,False,False,2.32645691881235
0,1.0,2.0,6,6,93.0,0,1,5.19295685089021,False,False,4.405333042178198
0,1.0,3.0,2,23,95.0,1,1,5.198497031265826,False,False,16.257839333541522
1,1.0,1.0,1,72,94.0,0,1,3.9889840465642745,True,False,3.6126291105928767
1,2.0,4.0,2,70,96.0,0,1,5.1298987149230735,False,False,16.43950223636332
0,1.0,1.0,7,7,100.0,0,1,4.9344739331306915,False,False,4.329741360103184
0,1.0,1.0,2,10,94.0,1,12,4.700480365792417,False,False,0.9605141002701268
1,2.5,2.0,3,33,99.0,0,1,4.442651256490317,False,False,23.54913336002338
0,1.0,1.0,2,16,100.0,0,1,4.919980925828125,False,False,0.49917390144582097
1,1.0,3.0,2,27,94.0,0,20,5.017279836814924,False,False,2.005364369478079
0,0.5,3.0,2,3,87.0,1,5,3.6375861597263857,True,False,26.195203571646633
1,1.0,3.0,2,26,98.0,0,1,5.424950017481403,False,False,35.1470708018109
0,1.0,1.0,3,5,95.0,0,1,4.795790545596741,False,False,6.3493777483012535
0,1.0,1.0,1,19,100.0,1,1,5.564520407322694,True,False,45.44364299318837
0,1.0,1.0,1,17,94.0,0,1,4.110873864173311,True,False,18.82240397870153
0,1.0,2.0,1,50,83.0,1,26,4.983606621708336,False,False,1.002873991004071
0,1.0,8.0,1,24,88.0,1,1,4.867534450455582,False,False,0.9424101508076895
0,1.5,1.0,2,1,100.0,1,2,3.9318256327243257,True,False,21.38168442676475
1,1.0,1.0,10,6,100.0,1,2,3.4965075614664802,True,False,22.376777422906944
0,1.0,1.0,4,2,90.0,1,1,4.276666119016055,False,False,33.41551552619299
0,1.0,2.0,2,1,100.0,1,1,5.25227342804663,False,False,0.9895550914179028
1,2.0,1.0,2,17,100.0,0,1,4.3694478524670215,True,False,9.25264890676359
0,1.0,1.0,2,8,93.0,0,6,3.9318256327243257,True,False,18.77824959939969
0,1.0,1.0,2,36,99.0,0,1,4.51085950651685,False,False,8.07672110595837
0,1.5,2.0,2,10,98.0,0,1,5.707110264748875,False,False,5.43633944740944
1,1.0,2.0,2,41,98.0,0,2,4.653960350157523,False,False,8.138530824187939
0,1.0,1.0,1,31,95.0,1,9,4.61512051684126,False,False,0.9633915005793366
1,1.0,3.0,1,2,100.0,0,4,4.394449154672439,True,False,11.333415789199108
0,1.0,1.0,3,26,96.0,0,1,5.14166355650266,False,False,0.9673655833075965
1,1.0,1.0,2,39,99.0,0,1,4.02535169073515,True,False,2.586475652135865
0,1.0,1.0,1,16,96.0,1,10,4.7535901911063645,False,False,1.8817625438690253
0,1.0,1.0,1,1,100.0,1,1,4.61512051684126,False,False,4.284195484901796
0,1.0,1.0,1,8,95.0,0,1,3.713572066704308,True,False,29.583348659283573
0,1.0,2.0,1,21,94.0,1,36,5.298317366548036,False,False,1.7021521607857597
0,1.0,1.0,1,11,100.0,1,1,5.940171252720432,False,False,0.3561384738270918
1,1.0,2.0,1,73,93.0,1,41,4.6913478822291435,False,False,0.9696932910159616
0,2.0,2.0,3,10,100.0,0,2,5.442417710521793,False,False,3.5859874839456705
0,1.0,2.0,1,132,95.0,1,50,4.700480365792417,False,False,0.5046602043307661
1,1.0,1.0,1,9,100.0,0,2,4.110873864173311,True,False,1.96386492061175
1,1.0,1.0,2,26,100.0,0,1,4.204692619390966,True,False,2.3379654712149933
0,1.0,2.0,1,4,100.0,1,10,4.919980925828125,False,False,1.572169117180325
0,1.5,3.0,3,12,98.0,0,1,5.111987788356544,False,False,6.548237001581954
0,2.5,4.0,2,2,100.0,1,1,6.040254711277414,False,False,53.090401218285244
0,1.0,1.0,4,5,100.0,0,2,3.4339872044851463,True,False,31.65644532331804
1,2.0,3.0,7,37,93.0,0,1,5.017279836814924,False,False,5.176163115640575
0,1.0,5.0,1,23,88.0,1,7,5.198497031265826,False,False,0.7382642345242677
1,1.0,1.0,1,23,95.0,0,3,3.8501476017100584,True,False,7.3977805352505195
0,1.5,3.0,2,7,97.0,0,2,5.241747015059643,False,False,19.59825096753608
1,1.0,1.0,1,39,98.0,1,16,4.77912349311153,False,False,3.9366830714648766
0,2.0,4.0,2,62,97.0,0,2,5.198497031265826,False,False,50.35350861665976
1,1.0,1.0,12,35,94.0,0,4,4.499809670330265,False,False,0.7806995028794648
0,2.0,5.0,3,13,91.0,1,35,5.402677381872279,False,False,8.171203007820614
0,1.0,3.0,1,3,93.0,1,8,5.003946305945459,False,False,0.5891247191159805
1,2.0,4.0,5,2,100.0,1,50,6.144185634125646,False,False,5.474816900187431
0,1.0,2.0,1,3,100.0,1,10,4.795790545596741,False,False,1.635262129954728
0,2.0,1.0,1,4,100.0,0,2,3.7612001156935624,True,False,23.682008151473262
0,1.0,1.0,1,1,80.0,0,1,4.61512051684126,True,False,0.4345722631089132
0,2.0,8.0,1,7,89.0,0,1,5.860786223465865,False,False,6.725652012201747
0,1.0,1.0,2,3,100.0,0,1,4.330733340286331,False,False,3.53411682954594
0,1.5,1.0,7,1,100.0,1,1,3.7612001156935624,True,False,2.372099050122469
0,1.0,1.0,1,6,93.0,0,1,4.189654742026425,True,False,2.8607500465580937
0,1.0,1.0,21,1,100.0,0,1,4.189654742026425,False,False,6.506808114554488
0,1.0,1.0,1,3,87.0,0,2,4.110873864173311,True,False,6.482460596801523
0,2.5,4.0,3,2,100.0,0,5,5.4638318050256105,False,False,28.903289793711853
0,2.0,4.0,3,16,89.0,1,35,5.5093883366279774,False,False,6.493923950881485
0,1.0,3.0,1,28,95.0,1,1,5.049856007249537,False,False,0.5522086508144018
0,1.0,1.0,1,12,93.0,0,1,4.189654742026425,False,False,5.4418065348493165
0,1.0,1.0,1,155,93.0,0,1,4.442651256490317,False,False,4.423898656372772
0,1.0,1.0,4,1,100.0,0,1,4.442651256490317,False,False,3.2893963949773566
1,1.0,1.0,1,30,95.0,0,1,4.51085950651685,False,False,3.7159456428491877
0,1.5,2.0,5,19,98.0,0,1,5.4638318050256105,False,False,6.088907796839086
0,1.0,1.0,1,68,96.0,1,3,4.442651256490317,True,False,0.6078344738791825
0,1.0,1.0,2,1,100.0,0,12,4.700480365792417,False,False,0.5980504566543496
0,1.0,1.0,4,2,100.0,1,1,4.060443010546419,True,False,1.8341059189841495
0,1.0,2.0,2,23,88.0,1,30,4.663439094112067,False,False,1.7457534020655716
0,1.0,1.0,4,3,93.0,0,1,4.700480365792417,False,False,4.670412574850236
1,1.0,2.0,1,60,99.0,0,1,4.5217885770490405,False,False,0.6281714121315253
0,1.5,1.0,2,4,100.0,0,3,3.9318256327243257,True,False,37.0012424952689
1,1.5,1.0,2,4,100.0,0,1,3.58351893845611,True,False,12.091883690246783
0,2.0,3.0,5,3,100.0,0,1,4.836281906951478,False,False,9.54258349200397
0,1.0,1.0,7,15,99.0,0,1,4.795790545596741,False,False,12.826471958732673
0,1.0,2.0,1,60,91.0,1,1,4.787491742782046,False,False,1.2915616188826695
1,2.0,2.0,1,2,80.0,1,38,5.075173815233827,False,False,0.5987631706902344
0,2.0,2.0,3,20,99.0,0,1,5.017279836814924,False,False,10.870595890268493
1,1.0,1.0,1,59,98.0,0,1,3.8501476017100584,True,False,4.145928812987914
0,1.0,1.0,3,37,93.0,0,1,4.382026634673881,False,False,5.4738971313972336
0,1.0,1.0,1,2,80.0,1,1,3.4339872044851463,True,False,37.89633238755235
0,2.0,2.0,1,4,95.0,1,2,5.017279836814924,False,False,0.29459784221686114
0,3.0,8.0,1,2,90.0,0,1,5.529429087511423,False,False,8.261509473158265
0,1.0,1.0,1,17,95.0,0,1,4.189654742026425,True,False,2.909008015947556
0,1.0,3.0,3,10,86.0,1,1,4.68213122712422,False,False,7.5649449642918976
0,2.0,3.0,1,8,85.0,1,4,5.087596335232384,False,False,1.1047323332913233
0,1.0,1.0,1,62,89.0,1,22,5.25227342804663,False,False,0.7720538313617371
0,2.5,5.0,2,7,97.0,0,2,5.480638923341991,False,False,28.495366343217658
1,1.0,2.0,1,108,97.0,1,1,4.3694478524670215,True,False,1.2759193527046466
1,2.0,4.0,2,25,99.0,0,1,4.9344739331306915,False,False,31.960055500503664
0,1.5,1.0,1,8,100.0,0,1,3.9318256327243257,True,False,4.197101912200634
1,1.0,1.0,1,30,97.0,0,1,4.51085950651685,True,False,0.5391990483187235
0,1.0,1.0,1,1,100.0,0,4,5.3981627015177525,True,False,43.94794093668347
0,1.0,3.0,1,19,95.0,1,40,4.983606621708336,False,False,0.9424692464656095
0,1.5,1.0,30,2,100.0,0,1,3.713572066704308,True,False,19.57717291702035
0,1.0,2.0,3,5,96.0,1,2,4.51085950651685,False,False,5.490834224533976
0,1.0,2.0,1,10,98.0,0,1,4.9344739331306915,False,False,1.815955053271708
1,1.0,1.0,2,12,100.0,0,3,3.9889840465642745,True,False,15.992905542082418
0,1.0,2.0,1,17,96.0,1,1,4.875197323201151,False,False,1.2053686150354224
1,1.0,1.0,1,43,97.0,0,1,4.330733340286331,True,False,3.4096382227542343
0,1.0,1.0,2,4,95.0,1,50,4.700480365792417,False,False,6.548606073111427
0,1.0,4.0,1,3,100.0,1,1,3.9889840465642745,True,False,35.745900625268305
0,1.0,1.0,10,10,98.0,0,1,3.8918202981106265,True,False,6.225160191010142
0,1.0,2.0,1,1,100.0,1,7,5.231108616854587,False,False,13.5880082777747
0,2.0,3.0,3,3,80.0,1,35,5.1647859739235145,False,False,7.0213473189226265
1,1.0,2.0,1,13,100.0,1,24,5.529429087511423,False,False,0.307446939243645
0,1.0,2.0,1,3,93.0,1,12,5.198497031265826,False,False,1.8291851976891362
0,2.0,4.0,1,1,100.0,0,1,5.017279836814924,False,False,6.474016693419183
1,1.0,1.0,1,63,97.0,1,2,3.8918202981106265,True,False,24.352002163857588
0,2.0,2.0,1,7,91.0,1,1,3.6109179126442243,True,False,14.079672450561771
0,1.0,1.0,5,2,100.0,1,2,4.61512051684126,True,False,3.871281163096344
0,1.0,1.0,1,14,95.0,0,1,4.276666119016055,False,False,5.890148373282513
0,2.0,4.0,1,41,91.0,1,1,4.795790545596741,False,False,0.8947462447480437
0,1.5,4.0,2,5,96.0,0,3,4.700480365792417,False,False,23.671051165244194
0,2.0,2.0,2,4,100.0,0,1,5.25227342804663,False,False,1.9766607803437712
0,1.0,1.0,1,1,60.0,0,5,3.58351893845611,True,False,18.09555632065318
0,1.0,1.0,2,4,85.0,0,1,4.795790545596741,True,False,3.281232274696083
0,1.0,1.0,1,49,92.0,0,2,4.02535169073515,True,False,2.79931538994779
0,1.0,1.0,3,4,95.0,0,1,4.110873864173311,False,False,6.9466905035586555
1,2.0,5.0,2,41,97.0,1,29,5.43372200355424,False,False,0.7660056235171899
0,1.0,1.0,4,6,93.0,0,1,5.198497031265826,False,False,3.612013793724209
0,1.0,1.0,1,4,100.0,1,1,4.499809670330265,True,False,0.9348248238572692
1,1.0,2.0,10,19,92.0,0,3,4.61512051684126,False,False,5.213145657069241
0,2.5,3.0,21,1,100.0,0,1,4.68213122712422,False,False,11.15971435296365
0,1.0,1.0,1,5,92.0,1,1,3.9318256327243257,True,False,12.199564735065072
0,1.5,2.0,1,3,100.0,1,1,4.110873864173311,True,False,2.355295745804913
0,1.0,3.0,3,26,94.0,0,1,5.529429087511423,False,False,6.659614788391329
0,1.0,2.0,1,47,91.0,1,50,4.948759890378168,False,False,2.133738364934231
1,1.0,1.0,2,133,99.0,1,1,5.5053315359323625,False,False,46.1673531518613
0,2.0,2.0,4,6,100.0,1,1,5.017279836814924,False,False,1.900862894960961
0,2.0,5.0,2,10,98.0,1,3,5.278114659230517,False,False,6.99658921896651
0,1.0,2.0,1,33,97.0,1,50,4.74493212836325,False,False,0.9224539833047933
0,2.0,3.0,2,59,94.0,1,38,5.521460917862246,False,False,1.9579420841876438
1,1.0,1.0,2,27,98.0,0,1,5.0689042022202315,False,False,4.575887452033637
0,1.0,1.0,1,1,100.0,0,1,4.382026634673881,True,False,0.5841023360833208
1,1.0,1.0,3,16,100.0,0,1,4.61512051684126,False,False,5.6770922169958595
0,1.0,1.0,1,13,97.0,1,10,4.394449154672439,True,False,2.837179159195436
0,2.0,6.0,1,82,87.0,1,26,5.393627546352362,False,False,2.5419486700359064
0,1.0,1.0,3,1,100.0,0,2,5.5053315359323625,False,False,36.025957278358895
1,1.0,3.0,1,16,100.0,1,1,5.087596335232384,False,False,35.202053943451425
1,1.0,2.0,2,60,95.0,1,50,4.61512051684126,False,False,3.4035265051599874
0,1.0,3.0,2,1,100.0,0,1,4.836281906951478,False,False,4.127171229484615
0,2.0,5.0,5,2,100.0,0,1,5.3981627015177525,False,False,19.79375913006928
0,1.0,1.0,2,11,96.0,1,1,3.4965075614664802,True,False,19.987110809873034
0,1.0,1.0,3,17,98.0,0,1,4.61512051684126,False,False,6.765114719578453
0,1.0,1.0,28,1,100.0,0,2,4.624972813284271,False,False,4.061062872748356
0,1.0,2.0,2,9,91.0,0,1,4.969813299576001,False,False,3.3726720574959606
0,1.0,1.0,3,3,73.0,1,1,3.4339872044851463,True,False,12.600105378769333
1,1.0,1.0,1,55,99.0,0,1,4.574710978503383,True,False,3.3572346801126547
1,2.5,5.0,2,23,99.0,0,2,5.19295685089021,False,False,25.17282071611388
0,1.0,2.0,1,20,80.0,1,1,5.017279836814924,False,False,3.7938153307956024
0,1.0,1.0,3,12,89.0,1,1,5.043425116919247,False,False,0.9921661737952536
0,2.5,1.0,4,1,80.0,0,1,4.276666119016055,True,False,4.0106185229524725
0,1.0,1.0,2,2,80.0,0,1,4.574710978503383,True,False,7.373290846048805
1,1.5,1.0,1,32,99.0,0,3,3.8501476017100584,True,False,44.197801597767445
0,1.0,2.0,5,1,100.0,0,1,4.204692619390966,False,False,5.030007919297529
1,1.0,3.0,3,94,97.0,1,4,5.087596335232384,False,False,0.6401002840443545
1,1.0,1.0,1,20,98.0,0,2,3.8501476017100584,True,False,5.545373410486865
0,1.0,1.0,2,1,100.0,1,3,3.8501476017100584,True,False,0.8150582248020432
0,2.0,2.0,2,6,93.0,0,2,4.836281906951478,False,False,8.421871186718683
1,1.0,4.0,1,39,97.0,0,1,4.61512051684126,False,False,20.169999272170877
0,2.5,7.0,5,10,100.0,0,3,4.700480365792417,False,False,36.98856879388577
0,1.0,1.0,2,45,99.0,0,1,4.189654742026425,False,False,7.126814118148008
0,2.0,4.0,4,3,100.0,0,1,5.375278407684165,False,False,11.268382869440842
0,1.0,2.0,2,1,100.0,0,50,5.993961427306569,False,False,1.3235756202164566
0,1.0,2.0,7,4,100.0,0,2,6.2166061010848646,False,False,4.386283288416615
0,1.0,2.0,1,10,84.0,0,5,4.700480365792417,False,False,0.9094707212372204
0,1.0,1.0,1,14,97.0,0,1,4.110873864173311,True,False,14.068982698031533
0,2.0,3.0,1,18,92.0,1,38,5.278114659230517,False,False,0.6803288643474149
0,1.0,3.0,1,1,100.0,1,38,5.25227342804663,False,False,0.6323341277383783
1,1.0,2.0,4,11,100.0,0,1,4.90527477843843,False,False,4.9076671982081255
0,2.0,5.0,2,21,88.0,0,22,5.393627546352362,False,False,3.658733348613494
0,1.0,1.0,2,11,91.0,1,42,4.574710978503383,False,False,0.3923256759100647
0,0.5,2.0,3,7,94.0,0,4,3.713572066704308,True,False,26.167592246049498
0,1.0,1.0,1,49,84.0,1,6,4.7535901911063645,False,False,0.8374326351138891
0,1.0,1.0,1,9,91.0,1,1,3.6888794541139363,True,False,12.72205943469618
0,2.0,2.0,5,2,100.0,1,1,4.836281906951478,False,False,5.7446698248459604
1,1.0,3.0,1,97,99.0,0,1,5.424950017481403,False,False,32.99949920331103
1,1.0,1.0,5,47,98.0,0,1,4.700480365792417,False,False,5.244088294109099
0,1.0,1.0,1,13,94.0,1,2,4.574710978503383,True,False,8.049859569974016
0,1.0,1.0,2,67,94.0,0,1,4.276666119016055,False,False,9.280588398942367
1,1.0,2.0,2,68,95.0,0,1,5.916202062607435,False,False,0.5681379637650668
0,1.0,1.0,3,6,96.0,0,1,4.189654742026425,False,False,4.785766059816564
0,1.0,1.0,1,8,100.0,0,10,4.890349128221754,False,False,2.010930298733284
0,1.0,3.0,1,16,100.0,0,1,4.51085950651685,False,False,21.843848050052472
0,2.0,3.0,1,3,93.0,0,29,5.62040086571715,False,False,35.46477506479128
1,1.0,1.0,4,45,92.0,1,3,4.110873864173311,True,False,1.838296006279309
0,2.0,2.0,3,46,93.0,1,1,4.9344739331306915,False,False,1.9439192426316718
0,1.0,2.0,2,136,94.0,1,2,4.59511985013459,False,False,6.731402896606665
0,1.0,1.0,7,10,94.0,0,5,3.6375861597263857,True,False,5.044662507977281
0,1.5,1.0,2,2,100.0,1,2,4.394449154672439,True,False,6.033721284402252
1,1.0,1.0,2,35,98.0,0,2,3.9318256327243257,True,False,7.56780673177567
0,1.0,3.0,3,2,80.0,0,1,4.394449154672439,False,False,4.987782628998178
1,1.0,2.0,1,13,95.0,1,35,4.852030263919617,False,False,0.8694082624718931
0,2.0,8.0,2,5,85.0,0,6,5.955837369464831,False,False,0.5503538510411722
0,2.0,3.0,5,3,93.0,1,50,4.77912349311153,False,False,0.6708475479739857
0,1.0,1.0,2,2,70.0,0,1,5.3981627015177525,False,False,5.499684347973527
0,2.5,4.0,3,5,96.0,1,14,3.258096538021482,False,True,21.5918583882474
0,1.0,1.0,4,13,94.0,0,1,5.262690188904886,False,False,3.730342579022554
1,1.0,2.0,2,46,96.0,1,1,4.948759890378168,False,False,3.153430881160911
0,1.5,1.0,1,10,88.0,1,2,3.58351893845611,True,False,15.78832393809098
0,2.0,2.0,1,8,100.0,0,2,5.638354669333745,False,False,1.4312862340151573
0,1.0,1.0,1,1,100.0,0,1,4.919980925828125,True,False,19.041705001784695
1,1.5,1.0,2,23,99.0,0,1,4.07753744390572,True,False,4.636490269284264
0,1.0,2.0,1,155,89.0,1,50,4.74493212836325,False,False,0.886606246224384
0,1.0,1.0,1,14,93.0,0,1,4.02535169073515,False,False,1.6703915819722788
1,1.0,1.0,5,42,93.0,0,5,4.61512051684126,False,False,2.032525236151385
1,1.0,2.0,5,1,100.0,1,1,4.948759890378168,False,False,0.3598248478659734
1,1.0,1.0,1,33,99.0,0,1,4.189654742026425,True,False,0.41836690782948743
0,1.0,1.0,2,5,84.0,0,2,5.111987788356544,False,False,2.292729395307496
0,2.5,3.0,2,9,82.0,1,3,5.993961427306569,False,False,1.7757879031664683
0,1.0,1.0,1,24,91.0,0,1,3.9318256327243257,True,False,2.828703917423238
0,1.0,1.0,1,14,87.0,0,2,3.784189633918261,True,False,11.47667107833513
1,1.0,1.0,2,56,95.0,1,1,4.700480365792417,False,False,5.3987400470099
0,1.0,5.0,1,20,95.0,1,12,5.017279836814924,False,False,0.3828943868408011
1,1.0,2.0,1,37,99.0,1,35,4.852030263919617,False,False,1.025054596943816
0,1.0,2.0,3,2,100.0,1,1,4.394449154672439,True,False,2.725208276944134
1,2.0,1.0,1,16,96.0,0,3,3.713572066704308,True,False,11.688383734336618
0,1.0,1.0,3,3,100.0,1,1,4.276666119016055,True,False,0.35691057472018956
0,1.0,1.0,2,8,100.0,0,1,4.61512051684126,True,False,2.1479812048975213
0,0.5,1.0,1,23,95.0,0,1,4.110873864173311,True,False,12.003459681985003
0,2.0,6.0,3,1,100.0,0,9,6.396929655216146,False,False,1.118658176710369
1,1.0,2.0,1,10,96.0,1,1,4.394449154672439,False,False,9.407236636005733
1,1.0,2.0,3,55,97.0,0,2,4.74493212836325,False,False,3.1406152583003952
0,1.0,1.0,3,3,93.0,0,1,4.61512051684126,False,False,8.439116173294064
0,1.0,1.0,1,13,100.0,1,1,3.9318256327243257,True,False,7.947356925121669
0,1.5,2.0,1,200,93.0,1,50,4.74493212836325,False,False,0.940459943602041
0,1.0,1.0,2,47,94.0,0,2,3.8501476017100584,True,False,22.640812039381235
0,1.0,2.0,3,3,87.0,1,1,3.9318256327243257,True,False,3.842671344176552
0,1.0,4.0,4,15,95.0,1,1,4.574710978503383,False,False,12.117400285075952
0,1.0,2.0,6,3,100.0,0,1,4.9344739331306915,False,False,6.0386571540659055
0,1.0,3.0,5,4,90.0,0,1,3.4339872044851463,False,True,1.4753013624638602
0,1.0,1.0,4,1,100.0,1,1,3.8501476017100584,True,False,5.059308489346674
1,1.0,1.0,2,14,97.0,0,1,4.430816798843313,False,False,8.096406993562466
0,2.0,3.0,1,33,90.0,1,19,5.003946305945459,False,False,0.7374594833976919
0,1.5,2.0,2,3,93.0,1,1,4.442651256490317,False,False,13.808718192261829
0,1.0,3.0,1,3,100.0,1,1,4.983606621708336,False,False,1.5375630788633472
0,2.0,4.0,1,8,95.0,1,13,4.77912349311153,True,False,0.8267960972867876
0,1.0,2.0,1,9,100.0,1,1,4.5217885770490405,False,False,5.656652880222447
0,1.0,2.0,1,1,100.0,1,1,3.8918202981106265,True,False,41.0349112031147
0,1.0,1.0,1,6,87.0,1,3,4.23410650459726,True,False,20.077467556557682
0,1.5,2.0,5,1,100.0,0,1,4.553876891600541,False,False,10.24808674308232
0,1.0,1.0,7,7,100.0,0,1,4.51085950651685,True,False,4.938466259629256
0,1.0,1.0,1,5,100.0,1,1,4.189654742026425,True,False,6.079895055238782
0,1.0,1.0,2,10,100.0,1,1,3.9318256327243257,True,False,1.9725333073954376
1,1.0,2.0,1,24,98.0,0,2,3.9318256327243257,True,False,8.662357708782494
1,1.0,1.0,2,26,99.0,1,3,5.111987788356544,False,False,52.225847998570856
0,1.0,1.0,1,1,100.0,0,1,4.127134385045092,True,False,1.8526599756665558
0,1.0,2.0,1,20,93.0,0,2,5.1647859739235145,False,False,35.99467540079453
0,1.5,1.0,2,1,100.0,0,1,3.713572066704308,True,False,9.257906884414748
0,1.0,2.0,3,1,100.0,0,2,4.61512051684126,False,False,6.336777928370041
0,1.0,1.0,1,1,100.0,0,4,5.955837369464831,True,False,63.82671722422224
0,1.0,4.0,1,80,87.0,1,7,5.198497031265826,False,False,0.620572531747658
0,1.0,1.0,2,1,100.0,1,42,4.574710978503383,False,False,0.947133772165689
0,2.0,1.0,1,2,100.0,1,1,4.110873864173311,True,False,1.56761192892577
1,1.0,2.0,3,200,98.0,1,5,5.14166355650266,False,False,1.334559231744269
0,5.0,8.0,1,16,85.0,0,28,6.68586094706836,False,False,21.09503572174498
1,1.0,2.0,2,25,98.0,0,2,4.3694478524670215,False,False,23.15446890080318
1,2.0,6.0,2,6,100.0,1,4,5.707110264748875,False,False,6.931316786579907
0,2.0,3.0,2,1,100.0,0,1,5.25227342804663,False,False,6.574787220252182
0,2.0,3.0,1,42,87.0,1,5,5.1298987149230735,False,False,1.0525052545613505
0,1.0,2.0,1,111,91.0,1,1,4.61512051684126,False,False,1.048213547051263
0,1.0,3.0,2,2,100.0,0,1,5.049856007249537,False,False,0.43980066041826266
1,1.0,1.0,1,25,95.0,0,1,4.248495242049359,True,False,6.888583823594552
0,1.0,1.0,1,1,80.0,1,3,4.276666119016055,True,False,15.937817900183397
0,1.0,2.0,30,5,96.0,0,5,4.9344739331306915,False,False,1.7905795092125132
0,1.0,1.0,2,29,92.0,0,4,4.51085950651685,False,False,4.251930515411167
0,1.0,1.0,1,18,99.0,0,1,4.189654742026425,True,False,8.448986661823241
1,2.0,4.0,2,19,98.0,0,2,5.846438775057725,False,False,1.2618664205328503
1,1.0,1.0,2,21,95.0,0,2,3.9318256327243257,True,False,9.15848951870316
0,1.0,2.0,2,2,80.0,1,38,5.117993812416755,False,False,13.529622335167845
0,1.0,2.0,4,17,90.0,1,1,4.700480365792417,False,False,5.488980491861493
1,1.0,1.0,2,107,97.0,1,1,4.442651256490317,False,False,4.073235033655859
0,1.0,2.0,14,2,100.0,0,1,5.375278407684165,False,False,4.516330885126423
1,3.0,5.0,2,51,97.0,0,1,5.860786223465865,False,False,1.6497596253352267
0,1.0,4.0,6,2,100.0,0,1,4.875197323201151,False,False,7.263172792306104
0,1.0,1.0,1,2,100.0,1,5,6.423246963533519,True,False,0.5590177888012307
1,1.5,1.0,1,11,100.0,0,1,4.499809670330265,True,False,14.01675228425797
0,1.0,2.0,2,1,100.0,0,1,5.638354669333745,False,False,6.222430850937059
0,1.0,2.0,2,1,100.0,0,11,5.017279836814924,False,False,1.8004479608004085
0,1.0,1.0,1,1,100.0,1,1,4.02535169073515,True,False,3.8670587391865685
0,1.0,1.0,2,5,96.0,0,1,4.795790545596741,False,False,2.167992662214911
0,1.0,2.0,2,5,100.0,0,1,5.198497031265826,False,False,5.298515979895724
1,1.0,2.0,3,53,100.0,0,1,4.795790545596741,False,False,1.7582952503953904
0,1.0,1.0,1,99,89.0,0,1,4.394449154672439,False,False,8.625275221529622
0,1.0,1.0,5,2,100.0,0,1,4.795790545596741,False,False,4.240664046639047
0,1.0,1.0,10,4,95.0,1,1,4.867534450455582,False,False,4.779008341329497
0,1.0,1.0,1,2,100.0,1,1,4.634728988229636,True,False,12.88822639271864
0,1.0,1.0,1,10,98.0,0,1,3.8501476017100584,True,False,9.421085644766709
0,1.0,3.0,3,8,95.0,0,23,5.429345628954441,False,False,0.4827107000871079
1,2.0,3.0,3,51,99.0,1,3,6.030685260261263,False,False,2.7431410636642912
0,1.0,1.0,1,14,100.0,1,1,5.14166355650266,True,False,51.63888941001866
0,2.0,6.0,1,30,97.0,1,4,5.529429087511423,False,False,1.3026788499408561
0,2.0,3.0,2,10,94.0,0,3,5.707110264748875,False,False,6.453413819137597
0,2.0,7.0,1,4,80.0,1,1,5.860786223465865,False,False,21.825879966317416
0,1.0,3.0,2,4,70.0,1,1,4.61512051684126,False,False,18.7318893260351
0,1.0,1.0,7,2,100.0,0,1,4.110873864173311,False,False,6.6027673934112885
0,1.0,2.0,1,3,100.0,0,1,4.477336814478207,False,False,3.795882974291143
1,1.0,1.0,1,30,95.0,1,3,4.189654742026425,False,False,0.4475380586337899
0,1.5,1.0,1,200,93.0,1,1,4.330733340286331,True,False,1.4500794202590812
1,2.0,5.0,2,7,100.0,1,2,6.3818160174060985,False,False,54.15483807045186
0,2.0,1.0,2,4,100.0,1,3,3.58351893845611,True,False,34.98271686948471
0,1.0,3.0,7,2,100.0,0,1,5.298317366548036,False,False,41.07147464414166
0,1.0,5.0,1,200,93.0,1,7,4.787491742782046,False,False,1.9710388463918378
1,1.0,1.0,3,8,100.0,0,2,4.394449154672439,True,False,2.774136032688441
0,2.0,1.0,1,21,97.0,0,4,3.6888794541139363,True,False,19.568401970564743
0,1.0,1.0,3,11,95.0,1,4,4.51085950651685,False,False,3.2522269573811746
1,2.0,1.0,1,63,96.0,1,1,4.02535169073515,True,False,9.584549037741663
0,1.0,1.0,2,13,97.0,0,1,4.875197323201151,False,False,4.798764045984893
0,1.5,1.0,1,1,100.0,0,2,3.295836866004329,True,False,22.525834324797163
0,1.0,2.0,2,78,92.0,0,1,4.919980925828125,False,False,0.722986229082471
0,2.0,5.0,2,4,100.0,0,28,5.703782474656201,False,False,0.8055514135547928
1,1.0,1.0,3,162,97.0,1,4,5.25227342804663,False,False,0.37518197041139617
0,2.0,3.0,3,5,100.0,1,1,4.836281906951478,False,False,14.7523025510372
0,1.0,1.0,1,39,87.0,1,1,3.58351893845611,True,False,22.771825619318665
0,1.0,1.0,5,1,100.0,1,50,4.983606621708336,False,False,0.2637472761843025
0,1.0,3.0,1,89,94.0,1,19,4.852030263919617,False,False,0.8076472550802598
1,1.0,2.0,1,14,100.0,1,6,5.099866427824199,False,False,0.7492607936473706
0,1.0,3.0,2,1,100.0,1,1,5.176149732573829,False,False,5.741749564682581
0,2.0,2.0,2,15,96.0,0,1,5.087596335232384,False,False,4.413608157804642
0,1.0,1.0,1,8,95.0,1,31,4.189654742026425,True,False,14.22650998060505
0,1.0,2.0,2,1,100.0,0,1,5.1647859739235145,False,False,9.621707076419485
0,1.5,5.0,6,1,100.0,1,1,5.087596335232384,False,False,4.648952602892394
1,2.0,3.0,1,97,95.0,1,4,5.111987788356544,False,False,0.7284032363793266
0,1.0,1.0,2,2,100.0,0,1,3.8501476017100584,False,True,5.225694489556012
1,1.0,1.0,1,19,100.0,1,1,4.836281906951478,True,False,53.14551879893549
1,1.0,1.0,1,44,99.0,0,2,4.07753744390572,True,False,0.1961266489106136
0,2.0,6.0,1,87,92.0,1,6,5.860786223465865,False,False,0.9757216541541474
0,1.0,1.0,1,8,95.0,0,1,4.382026634673881,True,False,13.338784385127166
0,1.5,1.0,1,21,85.0,1,3,3.713572066704308,True,False,12.677399557167192
0,1.0,2.0,1,2,50.0,0,2,5.25227342804663,False,False,3.2640852115869685
0,1.0,1.0,1,4,90.0,0,1,4.61512051684126,False,False,0.5718420877011767
0,1.0,3.0,7,10,98.0,1,17,5.231108616854587,False,False,2.7608632704272855
0,1.0,1.0,3,1,100.0,0,1,5.19295685089021,True,False,1.8328718428384632
0,1.0,1.0,2,19,97.0,0,5,4.110873864173311,True,False,10.217516698211098
1,1.0,2.0,2,38,99.0,1,1,4.61512051684126,False,False,0.8905156960870104
0,1.0,3.0,7,44,89.0,1,2,4.836281906951478,False,False,6.839187115976771
0,1.0,1.0,1,1,80.0,0,6,4.394449154672439,False,True,0.42942882431852214
0,1.0,3.0,1,8,70.0,0,1,4.61512051684126,True,False,3.0094925316641685
0,1.0,1.0,1,42,92.0,1,1,3.6888794541139363,True,False,22.2304499434059
0,2.0,1.0,1,5,92.0,1,1,3.7612001156935624,False,True,1.2708451357400605
1,3.0,1.0,4,3,93.0,1,9,3.8501476017100584,True,False,5.867511607202772
0,1.0,1.0,1,7,100.0,0,1,4.61512051684126,False,False,6.0419611397538775
0,1.0,1.0,2,1,60.0,0,1,4.700480365792417,False,False,2.4044892117204304
0,1.0,2.0,1,1,100.0,0,4,4.02535169073515,True,False,16.28611868468416
0,1.0,1.0,1,2,90.0,1,4,5.017279836814924,False,False,1.6843677527620837
0,1.0,1.0,1,2,90.0,0,1,5.298317366548036,False,False,1.1751460621843648
1,1.0,1.0,1,19,94.0,1,11,4.983606621708336,False,False,1.507493753513129
0,1.0,1.0,1,22,94.0,1,1,3.6375861597263857,True,False,17.289478153758992
0,1.5,1.0,2,19,93.0,0,3,3.9318256327243257,True,False,6.494180266526304
0,1.0,1.0,7,1,100.0,1,3,2.995732273553991,True,False,15.625839375226992
0,2.0,2.0,2,13,96.0,1,2,5.298317366548036,False,False,1.601901217949691
0,1.0,1.0,4,7,97.0,0,1,4.143134726391533,False,False,11.228980038287407
1,2.5,4.0,2,31,99.0,0,1,5.4638318050256105,False,False,52.7799037053356
0,2.0,4.0,2,2,100.0,0,5,5.4638318050256105,False,False,1.6412520169744946
0,2.0,4.0,7,1,80.0,0,1,6.364750756851911,False,False,3.6235750203283517
1,1.0,2.0,1,56,96.0,0,1,4.394449154672439,True,False,0.9053920172594763
1,2.0,2.0,2,82,96.0,0,34,5.37989735354046,False,False,1.3021380898459816
0,1.0,2.0,2,21,93.0,0,1,4.442651256490317,False,False,28.492822621659617
0,1.0,1.0,3,34,92.0,1,5,3.8501476017100584,True,False,24.202398244732173
0,1.0,1.0,2,10,89.0,0,2,4.718498871295094,False,False,3.0859236485701675
0,1.0,1.0,1,4,85.0,1,8,4.727387818712341,False,False,4.476731980870913
0,1.0,2.0,1,4,100.0,0,2,4.983606621708336,False,False,1.5018662618541059
0,1.0,1.0,1,18,93.0,1,15,4.61512051684126,False,False,0.509673952094825
0,1.0,1.0,1,3,93.0,0,2,4.394449154672439,True,False,13.908817415085272
0,1.0,1.0,2,36,91.0,0,2,3.58351893845611,True,False,14.343303348697855
0,2.0,4.0,2,6,96.0,1,1,4.330733340286331,False,False,17.556498331648204
0,3.0,8.0,1,2,50.0,1,2,5.241747015059643,False,False,19.858574387909442
0,2.0,1.0,3,1,60.0,1,2,4.394449154672439,True,False,4.035166702939098
1,1.0,1.0,3,18,100.0,0,1,3.9318256327243257,True,False,14.865598622440325
0,1.0,6.0,1,28,88.0,1,7,4.852030263919617,False,False,0.8568454956493073
0,1.0,1.0,1,56,98.0,0,6,4.499809670330265,True,False,1.6212291661923104
0,1.0,1.0,3,2,100.0,0,1,4.442651256490317,False,False,11.660298731218486
0,1.0,1.0,2,3,100.0,0,1,3.6888794541139363,True,False,7.138343593454615
0,1.0,1.0,2,1,100.0,0,1,3.8501476017100584,True,False,4.494987482824375
0,1.0,3.0,2,18,98.0,1,4,5.176149732573829,False,False,0.5830265876877109
0,2.0,2.0,2,21,92.0,1,9,4.61512051684126,False,False,3.8983892757350085
0,1.0,1.0,1,14,97.0,1,30,4.795790545596741,False,False,11.064018482742009
1,1.0,1.0,5,9,100.0,0,3,4.700480365792417,False,False,4.788090127372757
0,1.5,1.0,1,55,89.0,0,2,3.295836866004329,False,True,5.654069238732876
0,1.0,1.0,4,22,99.0,0,1,5.087596335232384,False,False,1.1131707220372018
0,2.0,6.0,3,7,100.0,1,1,6.675823221634848,False,False,2.8206271032291226
0,1.0,3.0,1,9,98.0,0,2,5.707110264748875,False,False,70.80424734390533
0,2.0,3.0,4,4,95.0,0,1,5.529429087511423,False,False,12.419638474734331
0,2.0,5.0,5,1,100.0,0,1,6.480044561926653,False,False,10.128078965209482
1,1.0,1.0,3,15,99.0,1,1,4.499809670330265,False,False,12.015069307142353
0,1.0,2.0,2,7,77.0,1,1,4.795790545596741,False,False,11.071602474251055
0,1.0,1.0,1,99,96.0,1,22,5.25227342804663,False,False,0.6755951175965387
0,1.0,1.0,1,5,96.0,1,16,4.948759890378168,False,False,0.6138544672927574
0,1.0,1.0,15,3,90.0,0,3,3.4339872044851463,True,False,33.23883620924625
0,1.0,2.0,1,19,94.0,1,10,4.787491742782046,False,False,0.8520694319207228
1,1.0,2.0,2,120,97.0,1,34,5.099866427824199,False,False,0.722255112523438
0,1.0,2.0,2,8,100.0,1,12,4.867534450455582,False,False,0.868529198129776
0,2.0,5.0,1,93,95.0,1,19,5.598421958998375,False,False,0.7460850426111416
0,1.0,2.0,7,2,100.0,0,1,5.521460917862246,False,False,10.591527811120285
1,1.0,1.0,28,108,97.0,0,1,4.499809670330265,False,False,5.074684519199942
0,1.0,1.0,1,8,95.0,1,1,4.02535169073515,True,False,7.815268539556561
0,1.0,1.0,15,1,80.0,0,2,4.330733340286331,False,False,6.528957727551546
0,1.0,1.0,2,6,100.0,0,1,4.499809670330265,True,False,4.09466574548436
0,1.0,2.0,7,1,100.0,0,1,4.919980925828125,False,False,10.035812658730839
0,1.0,4.0,7,11,96.0,1,1,5.66988092298052,False,False,7.810312755472966
1,1.0,1.0,1,1,100.0,1,38,6.396929655216146,False,False,0.6829290876541065
0,1.0,1.0,1,35,93.0,0,5,3.713572066704308,True,False,0.7153569393165344
0,1.0,2.0,3,7,97.0,0,1,5.707110264748875,False,False,4.609044682456629
0,1.0,1.0,1,8,93.0,0,3,4.204692619390966,True,False,32.32614003701051
0,1.0,1.0,5,93,97.0,0,1,4.9344739331306915,False,False,2.339016015915976
0,2.0,3.0,1,55,92.0,1,22,5.278114659230517,False,False,0.7804306373046324
0,2.0,2.0,3,39,88.0,0,1,5.298317366548036,False,False,3.944485388739102
0,2.0,3.0,1,6,97.0,1,4,5.1298987149230735,False,False,0.8148794221746472
0,1.0,1.0,1,17,93.0,1,2,4.330733340286331,True,False,0.7387929831402578
0,1.0,1.0,1,1,100.0,1,1,4.110873864173311,False,False,2.0751292974320856
0,1.0,1.0,1,1,100.0,0,1,4.836281906951478,True,False,23.304097750702766
0,1.0,1.0,2,6,100.0,0,1,4.61512051684126,False,False,6.716631301684054
1,1.0,1.0,1,175,96.0,1,1,4.700480365792417,False,False,0.8097423211674876
0,1.0,1.0,3,3,90.0,0,1,3.258096538021482,True,False,36.98130792341002
0,1.0,1.0,1,17,99.0,0,1,3.8501476017100584,False,False,22.598067195531993
1,1.5,1.0,2,56,98.0,0,2,4.189654742026425,True,False,13.692948693019241
0,2.0,3.0,1,3,100.0,0,2,4.51085950651685,True,False,8.963545357781335
0,1.0,1.0,2,26,74.0,1,19,4.394449154672439,True,False,2.6607844685445294
1,1.0,2.0,2,15,99.0,1,5,4.204692619390966,False,False,1.2506984875371367
0,1.5,1.0,2,11,98.0,0,1,5.602118820879701,False,False,36.890079841672026
0,1.0,3.0,1,72,91.0,0,31,5.135798437050262,False,False,0.6264754241122052
1,1.0,1.0,1,1,100.0,1,41,4.867534450455582,False,False,0.5739177606678945
0,2.0,3.0,1,3,93.0,1,10,4.276666119016055,True,False,12.651174543254792
0,1.0,3.0,1,8,98.0,1,50,4.90527477843843,False,False,0.7066737049604446
0,1.0,1.0,1,11,100.0,0,1,4.276666119016055,True,False,15.165308389866137
1,2.0,2.0,3,30,98.0,0,1,5.707110264748875,False,False,4.932634209913253
0,1.0,1.0,1,3,100.0,0,1,5.298317366548036,True,False,4.903097222332662
1,2.0,3.0,1,43,96.0,0,5,5.087596335232384,False,False,0.5833371267754487
0,1.0,2.0,5,8,93.0,1,50,4.795790545596741,False,False,0.8252333783851453
0,2.0,3.0,1,8,93.0,1,7,5.993961427306569,False,False,2.1221199709635052
0,1.0,1.0,1,10,96.0,1,1,3.784189633918261,True,False,3.832171821522795
1,1.0,2.0,3,53,98.0,1,1,4.700480365792417,False,False,4.1028953493864595
1,1.0,2.0,2,19,97.0,1,7,4.983606621708336,False,False,1.516104130860478
1,1.0,1.0,4,24,90.0,0,5,4.700480365792417,False,False,2.1779001923965713
0,2.0,2.0,4,1,100.0,0,1,6.111467339502679,False,False,3.000018010389992
0,1.0,1.0,1,11,87.0,1,1,4.110873864173311,True,False,9.74524929636764
0,1.0,1.0,2,5,92.0,1,1,4.394449154672439,False,False,6.733404762150165
0,3.0,8.0,2,2,90.0,0,3,6.55250788703459,False,False,44.75714104224161
0,1.0,1.0,4,6,97.0,0,1,4.394449154672439,False,False,1.8220767980519943
0,1.0,2.0,7,12,97.0,1,2,4.836281906951478,False,False,6.590115869366756
0,2.0,1.0,7,1,100.0,1,3,3.713572066704308,True,False,40.49285428915683
0,1.0,1.0,5,10,100.0,0,2,3.9889840465642745,True,False,1.214797183476769
1,1.0,2.0,2,37,100.0,0,1,5.707110264748875,False,False,0.7191421483603089
0,1.0,1.0,1,8,85.0,0,5,3.4339872044851463,True,False,11.121967726975257
0,1.0,1.0,3,48,98.0,1,2,5.087596335232384,False,False,1.9447600975262027
0,1.0,1.0,2,45,96.0,1,1,4.394449154672439,True,False,0.9585981113848084
0,2.0,2.0,7,24,91.0,0,1,5.707110264748875,False,False,3.2556455345761623
1,1.0,5.0,4,26,99.0,0,2,5.288267030694535,False,False,2.325318463707214
1,1.0,3.0,1,57,96.0,0,2,5.198497031265826,False,False,38.10131529147097
1,1.0,1.0,1,15,100.0,1,1,4.290459441148391,True,False,3.825859901733023
1,2.0,3.0,1,38,95.0,1,1,5.049856007249537,False,False,8.058299916932738
0,1.0,2.0,2,63,98.0,0,1,5.198497031265826,False,False,39.089119223766474
0,1.0,1.0,2,8,97.0,0,2,3.8501476017100584,True,False,5.760910029043266
0,1.0,1.0,2,11,100.0,1,3,4.394449154672439,True,False,1.504906321062156
0,1.0,1.0,1,1,100.0,0,1,4.276666119016055,True,False,1.1288168891191415
0,1.0,3.0,1,3,73.0,0,2,5.298317366548036,False,False,27.851119879105266
0,1.0,4.0,4,1,100.0,0,1,5.198497031265826,False,False,3.385870590399343
1,1.0,1.0,1,1,100.0,1,2,3.713572066704308,True,False,22.095596136518925
0,3.5,8.0,2,1,100.0,0,23,6.68586094706836,False,False,0.9289248002259055
0,1.0,1.0,1,3,60.0,1,2,3.8501476017100584,True,False,26.889116820306732
1,1.0,2.0,2,61,93.0,0,1,5.049856007249537,False,False,5.276392074095647
0,1.0,2.0,7,6,77.0,0,4,5.017279836814924,False,False,1.9624590254899619
0,1.0,1.0,1,5,92.0,1,2,4.330733340286331,True,False,1.814677209369047
0,1.0,2.0,3,1,100.0,0,1,5.278114659230517,False,False,3.353939249248752
1,2.0,2.0,2,19,99.0,1,7,5.030437921392435,False,False,1.5038622310571081
0,1.0,1.0,1,5,100.0,0,2,6.040254711277414,True,False,2.2253407586888563
0,1.0,2.0,7,1,100.0,0,1,5.198497031265826,False,False,7.84621979807266
0,1.0,1.0,2,129,98.0,0,1,4.700480365792417,False,False,6.334805692290847
0,2.0,5.0,3,3,100.0,0,1,5.62040086571715,False,False,16.094499107897686
1,1.0,2.0,2,103,96.0,1,1,5.14166355650266,False,False,0.4313525782448997
0,1.0,1.0,2,23,95.0,0,1,3.9318256327243257,True,False,5.584054030657694
0,1.0,1.0,1,1,100.0,0,1,4.844187086458591,False,False,35.41550395886258
1,1.0,1.0,2,14,93.0,1,1,4.7535901911063645,False,False,0.8434981775686999
0,2.0,5.0,1,13,91.0,1,50,5.19295685089021,False,False,0.8263103631277812
0,2.0,2.0,3,6,100.0,0,1,4.919980925828125,False,False,2.871388384026602
0,1.0,2.0,7,4,95.0,0,2,5.198497031265826,False,False,1.340697665034555
0,2.0,7.0,1,8,100.0,0,2,6.261491684321042,False,False,52.69288910442652
1,1.0,1.0,3,149,96.0,0,3,4.787491742782046,False,False,0.5214907682471099
1,1.0,1.0,3,7,97.0,0,3,4.276666119016055,True,False,15.098712156564295
0,1.0,2.0,2,23,94.0,1,24,5.049856007249537,False,False,0.5244557870988
1,1.0,1.0,1,200,96.0,1,1,4.948759890378168,False,False,2.298123075190888
1,2.5,8.0,1,44,99.0,0,1,6.208590026096629,False,False,15.4562224279269
0,1.0,1.0,2,2,100.0,1,3,5.017279836814924,True,False,2.8816751511881646
0,1.0,1.0,1,9,93.0,1,1,3.8918202981106265,False,True,1.2518048124672645
0,1.0,1.0,1,73,95.0,0,1,3.9889840465642745,True,False,16.194537691567792
1,1.0,1.0,1,77,96.0,1,1,4.330733340286331,True,False,1.0995035664021868
0,1.0,2.0,2,2,80.0,1,1,4.61512051684126,False,False,16.890868037686765
0,1.0,2.0,1,4,100.0,0,1,3.8501476017100584,True,False,24.603482527336396
0,1.0,2.0,3,4,93.0,1,50,4.875197323201151,False,False,5.3401206037567786
0,1.0,2.0,2,3,100.0,0,42,4.700480365792417,False,False,6.912126223848492
0,1.0,2.0,1,3,100.0,1,2,3.6109179126442243,True,False,20.275555558677528
0,1.0,2.0,1,1,100.0,1,9,6.212606095751519,False,False,0.7461676088882279
0,1.0,3.0,3,2,90.0,1,10,3.9318256327243257,True,False,0.3427820241988583
0,3.0,8.0,1,9,89.0,1,2,5.424950017481403,False,False,14.656311680242084
1,1.0,2.0,1,51,96.0,0,3,5.298317366548036,False,False,35.00077562347055
1,1.0,2.0,2,28,99.0,0,1,4.68213122712422,False,False,14.015444720330086
0,2.0,2.0,1,156,95.0,0,3,5.099866427824199,False,False,2.456835075733518
0,1.0,1.0,3,2,100.0,0,28,5.056245805348308,False,False,1.3718270216411328
0,1.0,1.0,1,4,80.0,1,1,4.795790545596741,True,False,1.5191270615640375
0,1.0,1.0,2,18,98.0,1,50,4.836281906951478,False,False,2.2314228302918115
0,1.0,1.0,2,2,100.0,1,2,3.58351893845611,True,False,6.3582532933802245
0,1.5,3.0,1,42,94.0,0,2,5.771441123130016,False,False,2.3530106887330744
1,1.0,2.0,2,44,95.0,1,2,4.543294782270004,False,False,9.786265255468283
1,1.0,1.0,1,12,100.0,0,1,3.8918202981106265,True,False,6.682777432608043
0,1.0,2.0,30,3,100.0,0,2,4.61512051684126,False,False,7.341741890336042
1,1.0,2.0,2,104,98.0,0,1,4.7535901911063645,False,False,6.188293628615987
0,1.0,2.0,2,1,100.0,0,1,5.298317366548036,False,False,5.260416099547017
0,2.0,2.0,3,5,96.0,1,1,5.198497031265826,False,False,6.4743036715175775
0,1.0,3.0,1,121,89.0,1,50,4.976733742420574,False,False,0.8358033177424155
1,1.0,3.0,2,51,95.0,0,5,4.948759890378168,False,False,3.8558471629751643
1,2.0,4.0,2,6,100.0,0,3,5.198497031265826,False,False,1.042067249808764
0,1.0,1.0,2,1,100.0,1,1,4.574710978503383,False,False,4.346258909739341
0,1.5,1.0,1,6,97.0,0,1,3.4965075614664802,True,False,18.250648124177037
0,1.0,1.0,3,1,100.0,0,1,4.51085950651685,False,False,4.947616472775499
1,1.0,2.0,2,43,100.0,0,1,5.351858133476067,False,False,3.5314079332266135
0,1.0,2.0,4,23,99.0,0,2,4.875197323201151,False,False,2.4071064581852983
0,1.0,3.0,1,8,100.0,0,3,5.087596335232384,False,False,2.1086269017916655
0,1.0,2.0,2,12,87.0,0,2,4.948759890378168,False,False,0.49980167372628925
0,1.0,2.0,2,16,100.0,0,1,5.19295685089021,False,False,5.626503081627419
0,1.0,1.0,2,192,98.0,0,1,4.394449154672439,True,False,1.0076079997405678
0,1.0,2.0,1,30,90.0,1,6,4.875197323201151,False,False,1.4300301202216605
0,3.0,7.0,3,6,97.0,0,12,5.771441123130016,False,False,5.373813773890841
0,1.0,3.0,2,5,100.0,0,28,5.017279836814924,False,False,0.675921219185858
0,2.5,2.0,7,2,100.0,0,1,5.564520407322694,False,False,7.302293025285616
0,1.0,2.0,1,7,91.0,0,4,4.61512051684126,False,False,0.641728697204285
0,2.0,4.0,1,2,100.0,0,4,6.406879986069314,False,False,63.96400276325634
0,1.0,1.0,2,3,100.0,1,1,4.02535169073515,True,False,1.1485220650638386
0,1.0,4.0,2,2,100.0,1,1,4.77912349311153,False,False,21.939572053292366
1,1.0,3.0,1,8,98.0,1,6,4.948759890378168,False,False,52.01150560258385
0,1.0,2.0,2,4,100.0,0,1,5.529429087511423,False,False,2.3433065709818774
0,2.0,2.0,2,5,76.0,1,47,5.231108616854587,False,False,0.5867089435302428
1,1.0,1.0,7,13,98.0,1,1,4.700480365792417,False,False,4.472157906309368
0,1.0,2.0,2,4,90.0,0,1,5.442417710521793,False,False,3.229023572970424
0,1.0,1.0,14,11,98.0,0,1,4.795790545596741,False,False,5.337237126330112
0,1.0,8.0,1,198,93.0,1,3,4.875197323201151,False,False,6.137348139287696
1,1.0,1.0,2,36,99.0,0,2,4.189654742026425,True,False,29.194232057180265
0,2.0,3.0,4,4,100.0,0,2,5.66988092298052,False,False,5.363956446729833
0,1.0,1.0,1,2,100.0,0,11,4.919980925828125,False,False,1.9848975216796
0,2.0,2.0,1,2,100.0,1,13,5.017279836814924,False,False,0.9034668339955715
0,1.0,2.0,2,122,92.0,0,1,4.394449154672439,False,False,2.8131904062370734
0,1.0,1.0,1,28,90.0,0,1,3.8501476017100584,True,False,7.904284195700066
0,1.0,1.0,3,1,100.0,1,1,5.198497031265826,False,True,2.2999525898620887
0,2.0,3.0,1,4,95.0,1,1,5.638354669333745,False,False,0.6821580429332325
0,1.0,3.0,2,51,93.0,1,2,4.795790545596741,False,False,6.867216533259657
0,1.0,1.0,1,7,91.0,0,1,3.9889840465642745,False,True,1.5561247182866476
1,1.0,1.0,4,93,98.0,1,1,4.02535169073515,True,False,5.455212462085797
0,1.0,1.0,1,9,100.0,1,3,5.638354669333745,True,False,35.81434026485456
0,1.0,1.0,14,3,87.0,1,1,4.442651256490317,False,False,6.728000537334848
0,1.0,2.0,3,8,98.0,0,1,5.3981627015177525,False,False,4.8504051979100025
0,1.0,2.0,3,20,97.0,1,2,4.634728988229636,False,False,4.891883513855831
0,2.0,2.0,1,10,98.0,1,10,3.9318256327243257,True,False,12.474806205222421
0,1.0,3.0,1,15,89.0,1,33,5.666426688112432,False,False,0.6782588822137905
0,1.0,1.0,2,20,90.0,1,3,4.948759890378168,False,False,1.0908436419271104
1,1.0,2.0,1,101,95.0,1,7,5.25227342804663,False,False,0.3627149437721705
1,1.0,1.0,3,126,98.0,0,2,5.1298987149230735,False,False,2.276250639802526
0,1.0,3.0,2,3,93.0,0,1,5.003946305945459,False,False,5.93503129423667
1,2.5,6.0,2,135,96.0,0,13,5.703782474656201,False,False,1.4542455803755043
1,2.0,2.0,1,7,91.0,1,38,5.19295685089021,False,False,0.5697716844095074
1,1.0,2.0,1,16,93.0,1,11,5.087596335232384,False,False,0.48225986689472644
0,1.0,1.0,2,22,94.0,0,1,4.700480365792417,False,False,8.014752066687903
0,1.0,3.0,1,1,100.0,0,1,4.875197323201151,False,False,1.8441131346234672
0,1.0,1.0,1,13,100.0,1,1,4.02535169073515,True,False,11.39580706652081
0,1.0,1.0,1,18,93.0,0,1,3.8501476017100584,True,False,1.0314238458735614
0,1.0,4.0,1,7,96.0,1,2,4.394449154672439,True,False,9.115713033615977
0,2.5,3.0,2,1,100.0,0,1,5.529429087511423,False,False,4.040616621111072
0,2.0,7.0,5,4,100.0,0,1,6.111467339502679,False,False,4.836944568433194
0,1.0,2.0,1,136,92.0,1,50,4.867534450455582,False,False,0.570594636066964
0,1.0,1.0,2,19,91.0,1,1,4.343805421853684,True,False,1.0070238258741144
0,1.0,1.0,2,24,88.0,1,30,4.110873864173311,False,False,8.536948030643762
1,2.0,5.0,2,112,98.0,0,1,5.968707559985366,False,False,52.6893317483146
1,1.0,1.0,1,36,97.0,0,1,4.77912349311153,False,False,30.771632763384705
1,1.5,4.0,2,34,96.0,1,1,5.1298987149230735,False,False,25.13422661059272
0,1.0,4.0,3,6,100.0,0,1,5.278114659230517,False,False,5.860127535964138
1,1.0,2.0,2,39,97.0,0,1,4.948759890378168,False,False,1.9627057107879642
0,1.0,1.0,2,9,100.0,0,2,3.713572066704308,True,False,6.392231859628518
0,1.0,4.0,1,29,92.0,1,2,5.638354669333745,False,False,7.864447615279953
0,1.0,1.0,1,19,95.0,0,1,4.394449154672439,False,False,5.868681961481039
1,1.0,2.0,1,45,98.0,1,2,5.529429087511423,False,False,37.64594953199215
0,1.0,1.0,1,1,100.0,0,1,5.3981627015177525,False,False,0.6342867369726352
0,1.0,3.0,1,4,90.0,1,50,4.9344739331306915,False,False,0.9705267112850318
0,1.0,3.0,1,2,70.0,1,50,5.017279836814924,False,False,0.9767549521117764
0,1.0,3.0,1,14,88.0,1,31,5.135798437050262,False,False,0.5570430863586573
0,1.0,2.0,1,4,100.0,0,2,5.298317366548036,False,False,6.091001689211805
0,1.5,4.0,3,12,92.0,0,1,4.7535901911063645,False,False,6.767634447671615
0,2.0,4.0,2,12,87.0,1,12,5.545177444479562,False,False,0.7418970444866863
1,1.0,1.0,1,2,100.0,1,18,4.61512051684126,False,False,1.046759866018035
0,2.0,1.0,2,63,95.0,1,3,4.499809670330265,True,False,1.5900946078622413
1,1.0,1.0,2,104,98.0,1,1,4.983606621708336,False,False,6.213092808926489
1,1.0,4.0,2,102,96.0,0,2,5.25227342804663,False,False,0.450715734014578
0,1.0,2.0,1,15,96.0,1,3,5.1298987149230735,False,False,11.636086565961465
0,1.0,2.0,1,17,93.0,1,24,5.198497031265826,False,False,0.883963217704373
0,1.0,2.0,1,2,60.0,1,21,5.043425116919247,False,False,0.4075823130239901
1,1.5,5.0,2,85,93.0,0,13,5.529429087511423,False,False,1.230113215026443
1,1.0,3.0,1,79,94.0,0,1,4.276666119016055,True,False,51.15607991981103
1,1.0,1.0,1,98,99.0,1,3,3.9318256327243257,True,False,9.943535179345961
0,1.0,5.0,1,103,93.0,1,4,4.852030263919617,False,False,0.8196788290533913
0,1.0,1.0,7,1,100.0,1,4,5.003946305945459,True,False,18.80611906612394
0,1.0,1.0,3,88,99.0,1,2,4.6913478822291435,False,False,3.8971758150654945
0,1.0,1.0,30,2,100.0,0,1,3.6375861597263857,True,False,23.815766614515
0,1.0,1.0,1,34,90.0,1,38,4.9344739331306915,False,False,0.7311353400967421
0,1.0,1.0,2,3,100.0,1,1,4.060443010546419,True,False,18.847935106039564
1,1.0,2.0,1,6,97.0,0,4,4.795790545596741,False,False,0.29767896814855654
0,1.0,2.0,1,13,91.0,1,21,4.787491742782046,False,False,0.9627146554244992
0,1.0,1.0,2,6,93.0,0,1,4.499809670330265,False,False,15.995118361873661
0,1.0,1.0,30,5,100.0,1,1,6.68586094706836,False,False,5.559994123340775
1,1.0,2.0,2,12,98.0,1,16,5.017279836814924,False,False,1.1268563420623685
0,2.0,4.0,2,9,98.0,0,1,5.351858133476067,False,False,3.4442983183623763
1,2.5,1.0,2,18,100.0,0,8,4.61512051684126,True,False,6.309254773260547
0,1.0,1.0,1,24,86.0,1,1,3.58351893845611,True,False,10.701978784092875
1,2.5,4.0,3,4,100.0,0,2,4.442651256490317,True,False,11.384451400897184
0,1.0,1.0,1,2,100.0,0,1,3.9318256327243257,True,False,8.332532350909501
1,1.5,4.0,2,77,94.0,1,3,5.703782474656201,False,False,4.578333237066771
1,1.5,8.0,3,57,91.0,0,2,6.68586094706836,False,False,4.300052945019614
1,2.0,2.0,2,12,95.0,1,29,5.480638923341991,False,False,0.9406745772490402
1,1.0,2.0,2,92,99.0,0,2,5.25227342804663,False,False,1.9599582272593916
1,2.0,1.0,1,16,100.0,1,2,3.8918202981106265,True,False,42.17588013047295
0,2.0,2.0,1,2,100.0,1,11,5.075173815233827,False,False,0.8732400051226304
0,1.0,1.0,1,10,90.0,1,27,4.875197323201151,False,False,0.8567929768575906
0,1.0,3.0,2,8,73.0,1,50,4.700480365792417,False,False,8.529403498440143
1,1.0,1.0,1,136,100.0,1,4,4.795790545596741,True,False,36.190272210269406
1,2.0,8.0,2,64,98.0,1,1,5.631211781821365,False,False,5.623027267228189
1,1.0,2.0,1,55,96.0,1,1,4.9344739331306915,False,False,18.783319825225796
0,1.0,2.0,1,5,96.0,1,4,3.58351893845611,True,False,16.11134624946508
0,1.0,1.0,1,19,99.0,0,2,4.189654742026425,True,False,2.1251296701241102
0,1.0,1.0,3,3,100.0,0,1,4.330733340286331,False,False,2.6677457825536144
0,1.0,2.0,2,119,90.0,1,1,5.017279836814924,False,False,2.8272643209306136
0,1.0,1.0,1,3,100.0,0,1,4.394449154672439,False,False,1.6171720621346812
0,2.0,1.0,4,1,100.0,0,1,3.258096538021482,False,True,8.35191736080107
1,1.0,1.0,1,17,100.0,1,3,6.111467339502679,False,False,43.75788192832451
0,1.0,2.0,2,3,100.0,1,1,4.204692619390966,False,False,6.123231689770756
0,2.0,1.0,4,35,85.0,1,7,4.02535169073515,True,False,1.0043883584388922
1,1.0,2.0,2,16,98.0,1,1,4.74493212836325,False,False,5.825476488738807
0,1.0,1.0,1,6,100.0,1,1,4.394449154672439,True,False,2.296640002358757
0,1.5,2.0,1,1,100.0,1,2,4.867534450455582,False,False,1.5742301840929933
0,2.5,5.0,3,63,95.0,0,1,5.902633333401366,False,False,2.591750247877368
0,2.0,2.0,2,3,73.0,0,19,5.087596335232384,False,False,14.395226742521531
0,1.0,1.0,1,9,82.0,1,1,4.189654742026425,True,False,18.764268172854102
0,1.0,1.0,1,29,97.0,0,2,4.248495242049359,True,False,1.1254156827024
0,1.0,1.0,1,11,91.0,1,1,3.7612001156935624,True,False,11.433203318195194
0,2.0,3.0,5,1,100.0,0,1,4.948759890378168,False,False,8.904136354064216
0,1.0,4.0,3,2,100.0,1,2,5.241747015059643,False,False,7.670542003801448
0,1.0,2.0,1,1,100.0,1,1,4.700480365792417,False,False,2.341487120662048
0,1.5,1.0,2,8,98.0,0,1,4.983606621708336,False,False,1.849835631610184
0,1.0,2.0,4,6,97.0,0,1,4.574710978503383,False,False,7.595669125073215
0,1.0,1.0,2,1,100.0,0,1,5.111987788356544,False,False,1.6884182884664436
0,1.5,1.0,4,2,100.0,0,1,4.442651256490317,False,False,13.154614098307924
1,1.0,2.0,2,1,100.0,1,26,4.51085950651685,True,False,5.018219492132472
0,1.0,1.0,1,7,77.0,1,31,4.07753744390572,True,False,14.078090097937965
1,1.0,1.0,1,200,97.0,0,2,5.298317366548036,True,False,59.97052976696177
1,1.0,2.0,1,12,97.0,1,1,4.7535901911063645,False,False,2.8295112765601145
0,1.0,1.0,1,16,96.0,1,1,4.875197323201151,True,False,0.756174245965304
1,1.0,1.0,1,200,94.0,0,1,4.836281906951478,False,False,1.7617515288917978
0,4.0,6.0,2,8,98.0,0,1,6.68586094706836,False,False,56.79758514615657
0,1.0,1.0,2,26,85.0,0,1,4.02535169073515,True,False,2.443382590218786
0,1.0,3.0,1,70,95.0,1,1,5.017279836814924,False,False,0.7934944970623414
0,1.0,1.0,1,7,89.0,0,1,4.110873864173311,True,False,5.776695109366118
0,1.5,4.0,7,1,100.0,0,2,5.616771097666572,False,False,17.41400693380492
0,1.0,1.0,1,100,98.0,0,1,4.7535901911063645,True,False,2.3212710945216637
1,2.0,3.0,1,138,99.0,1,1,4.875197323201151,False,False,2.4186138715791348
1,1.0,2.0,2,200,95.0,1,8,5.298317366548036,False,False,0.16106443193778994
0,1.0,1.0,2,14,90.0,1,30,4.61512051684126,False,False,3.9502145604858536
1,3.0,3.0,3,1,100.0,1,15,5.298317366548036,False,False,8.801098900217369
0,1.0,2.0,2,45,92.0,0,1,4.867534450455582,False,False,0.6462516915242305
0,1.0,1.0,7,48,92.0,0,1,4.499809670330265,False,False,5.314613777381869
1,4.0,8.0,1,13,98.0,0,1,5.262690188904886,False,False,12.22103904566687
0,1.0,1.0,1,7,93.0,0,1,3.9318256327243257,True,False,6.330007327572674
1,1.5,2.0,2,17,100.0,0,1,4.795790545596741,False,False,8.967380348687678
0,1.0,1.0,5,32,94.0,0,1,4.875197323201151,False,False,4.8789844324489335
0,1.0,1.0,2,33,95.0,0,1,4.02535169073515,True,False,4.364500035795701
1,2.0,4.0,2,47,96.0,0,1,6.054439346269371,False,False,51.72727445840873
0,2.0,2.0,2,7,100.0,1,1,5.176149732573829,False,False,0.8312496995862777
0,2.0,2.0,1,10,84.0,1,10,4.110873864173311,True,False,10.258409982487525
0,1.0,2.0,1,2,100.0,1,3,4.61512051684126,False,False,0.9311259870451398
0,1.0,3.0,2,1,80.0,1,15,4.955827057601261,False,False,17.20003460569583
0,1.0,1.0,3,4,100.0,0,1,4.663439094112067,False,False,5.609765092042562
0,1.0,2.0,1,73,93.0,1,22,4.9344739331306915,False,False,0.6085152686524865
1,1.5,1.0,2,2,100.0,0,3,3.8918202981106265,True,False,2.777152374636614
0,1.0,1.0,1,1,100.0,1,1,3.9318256327243257,True,False,12.22632068902689
1,1.0,1.0,2,30,99.0,0,2,4.875197323201151,False,False,7.549160249964578
0,1.0,1.0,3,3,100.0,0,1,5.017279836814924,False,False,10.849978905712401
0,1.0,1.0,4,3,100.0,0,1,4.276666119016055,True,False,3.3172524992529366
0,1.0,2.0,2,10,92.0,0,1,5.3981627015177525,False,False,47.62817708516189
1,1.0,1.0,1,55,99.0,1,1,4.330733340286331,True,False,1.5244238499154337
1,2.0,4.0,3,57,98.0,0,2,4.983606621708336,False,False,8.891330554640257
0,1.0,2.0,2,126,96.0,0,1,5.087596335232384,False,False,3.068641356596836
0,1.0,1.0,2,3,100.0,0,29,5.69035945432406,False,False,35.0128163596327
0,2.0,2.0,3,3,100.0,0,1,5.278114659230517,False,False,4.722979304984482
0,1.0,2.0,1,15,100.0,0,3,3.8066624897703196,True,False,31.963160668864155
0,1.0,1.0,5,7,97.0,0,1,4.110873864173311,True,False,4.636033612441039
1,1.0,2.0,2,6,93.0,0,4,4.276666119016055,False,False,2.1136328820518764
0,1.0,2.0,3,4,85.0,0,1,4.61512051684126,False,False,6.681232697714317
0,1.0,1.0,2,5,80.0,0,1,4.663439094112067,False,False,0.9704011485636859
1,1.0,2.0,3,127,96.0,0,1,4.700480365792417,False,False,5.775974243866142
0,1.0,1.0,1,37,92.0,1,9,3.8501476017100584,True,False,11.362885630303724
0,2.0,3.0,2,68,90.0,0,1,5.043425116919247,False,False,10.533390134487167
0,2.5,4.0,2,5,100.0,0,2,4.61512051684126,True,False,8.389358441555578
0,2.0,2.0,3,33,93.0,0,1,5.1298987149230735,False,False,12.27312361837517
0,1.0,2.0,1,47,86.0,1,50,4.795790545596741,False,False,4.138469515306747
0,1.0,1.0,2,3,93.0,1,1,4.61512051684126,False,False,8.482765601149106
0,1.0,1.0,5,9,93.0,0,1,5.017279836814924,False,False,3.640230423512797
0,1.0,6.0,2,4,75.0,0,1,4.875197323201151,False,False,9.428099476781728
0,1.0,1.0,1,2,100.0,1,1,5.049856007249537,True,False,33.62105564667862
0,1.0,1.0,5,17,95.0,0,1,3.7612001156935624,True,False,12.239487682034316
0,1.0,1.0,1,76,96.0,0,1,3.9318256327243257,True,False,15.365866413160836
0,1.0,1.0,1,4,100.0,1,1,4.51085950651685,True,False,0.3808920097960684
1,2.0,3.0,2,86,98.0,1,1,5.278114659230517,False,False,5.671778455164572
0,2.0,2.0,3,2,80.0,0,1,4.61512051684126,False,False,1.1438748520050255
0,1.0,4.0,1,11,93.0,1,2,5.017279836814924,False,False,2.289836559288313
1,1.0,4.0,1,3,100.0,1,7,4.61512051684126,False,False,1.6203889025819431
0,2.0,3.0,1,75,96.0,0,7,5.017279836814924,False,False,1.6432823004475907
1,1.0,2.0,2,5,100.0,0,23,5.017279836814924,False,False,0.27775082595918776
1,1.0,2.0,2,34,98.0,0,23,5.017279836814924,False,False,0.47247848471521403
0,1.0,1.0,10,8,86.0,0,1,3.9318256327243257,True,False,3.9233836790817036
0,1.0,2.0,2,4,85.0,0,1,4.61512051684126,False,False,2.8867298774740244
1,1.0,1.0,1,16,99.0,1,1,5.560681631015528,False,False,35.190871144623785
1,1.5,2.0,2,40,99.0,1,1,4.897839799950911,False,False,3.0839552198561515
0,2.0,2.0,14,1,100.0,0,1,4.574710978503383,False,False,9.577393712674313
1,1.0,2.0,3,149,94.0,0,2,4.442651256490317,False,False,2.539059833458533
0,2.0,4.0,5,1,100.0,0,1,6.311734809152915,False,False,14.466153961675266
0,2.5,7.0,2,5,100.0,0,33,5.087596335232384,False,False,7.484660388415607
0,2.5,2.0,5,47,99.0,1,1,5.198497031265826,False,False,6.731401754753914
0,1.0,1.0,1,1,100.0,1,1,4.394449154672439,True,False,7.014792215228445
0,1.0,1.0,5,8,98.0,0,1,4.442651256490317,False,False,4.600278686487699
1,2.0,2.0,3,2,100.0,0,2,5.529429087511423,False,False,2.678880397467918
0,1.0,2.0,2,15,91.0,0,1,5.135798437050262,False,False,45.992359007573796
1,1.0,1.0,7,20,96.0,0,5,4.61512051684126,False,False,2.1947986441020357
1,2.0,4.0,3,13,97.0,0,10,5.375278407684165,False,False,5.336573156555541
0,1.0,2.0,1,7,94.0,0,2,5.707110264748875,False,False,6.4633319570324765
0,1.0,1.0,1,10,94.0,1,3,3.8501476017100584,True,False,21.42681217852409
0,2.0,1.0,7,20,85.0,1,14,3.9318256327243257,True,False,11.87759922609539
0,1.0,1.0,1,7,83.0,1,50,4.61512051684126,False,False,0.816577368865097
1,2.0,2.0,2,15,97.0,1,2,5.662960480135946,False,False,1.9823385488945324
0,1.0,1.0,1,38,99.0,1,4,4.02535169073515,True,False,30.893283716408032
0,1.0,1.0,1,3,60.0,1,1,2.995732273553991,False,True,1.9616190652810321
0,1.0,1.0,3,27,98.0,0,1,4.574710978503383,False,False,11.445053339963286
0,1.0,1.0,2,1,100.0,0,1,4.110873864173311,True,False,1.8889029224827876
0,1.0,1.0,3,9,100.0,0,1,4.248495242049359,True,False,7.7964058816244926
0,1.0,3.0,1,64,89.0,0,26,4.983606621708336,False,False,0.4882994038325977
0,2.0,2.0,1,5,100.0,0,1,4.875197323201151,False,False,3.452916562836682
0,1.0,3.0,2,5,100.0,1,1,5.638354669333745,False,False,30.219236752122345
1,5.0,1.0,3,3,80.0,1,5,4.3694478524670215,True,False,0.8778246345814623
1,1.5,1.0,1,27,100.0,0,1,4.110873864173311,True,False,22.150719594477252
0,2.0,2.0,1,1,100.0,1,12,5.529429087511423,True,False,0.9480822620107469
0,1.0,2.0,1,2,90.0,0,1,5.017279836814924,False,False,5.3916452696417
1,2.0,1.0,3,38,99.0,0,1,4.174387269895637,True,False,4.574035652424687
1,0.5,1.0,1,29,100.0,0,2,4.276666119016055,True,False,8.638039306651603
1,2.5,3.0,2,70,99.0,1,3,5.375278407684165,False,False,15.774996294758482
0,2.0,1.0,5,13,77.0,1,2,3.9318256327243257,True,False,5.481289011194879
1,1.0,1.0,2,66,94.0,0,1,3.58351893845611,True,False,29.178565581717645
0,1.0,2.0,1,1,100.0,1,7,4.653960350157523,False,False,1.019166027700242
1,1.0,1.0,1,33,99.0,0,1,4.51085950651685,False,False,13.709429758584115
1,1.0,1.0,2,32,98.0,1,1,4.51085950651685,False,False,2.9016172144515022
1,2.0,6.0,2,11,93.0,1,29,5.8289456176102075,False,False,0.8393334307026507
0,1.0,1.0,1,24,98.0,0,1,3.9318256327243257,True,False,4.212359869021819
1,1.0,3.0,1,14,90.0,1,10,5.017279836814924,False,False,0.7339346321100995
0,1.0,1.0,1,5,92.0,1,16,3.9318256327243257,True,False,6.637652048458992
1,2.0,3.0,2,24,96.0,0,1,6.2166061010848646,False,False,1.7788028272451006
0,2.0,4.0,2,3,90.0,0,1,5.700443573390687,False,False,0.8418490922382127
0,2.0,3.0,7,1,100.0,0,1,4.919980925828125,False,False,7.997738144380338
1,2.0,3.0,2,11,96.0,1,34,5.231108616854587,False,False,0.9948962135858527
0,1.0,1.0,1,30,93.0,0,1,4.330733340286331,True,False,2.80487169490602
1,1.0,2.0,28,1,100.0,1,5,4.574710978503383,False,False,3.306361423276463
1,1.0,1.0,2,24,99.0,0,2,4.394449154672439,True,False,8.689676709190307
0,1.0,2.0,2,3,100.0,0,1,5.1647859739235145,False,False,5.976163588190959
1,1.0,1.0,2,14,94.0,1,2,4.442651256490317,True,False,5.063476435180756
0,1.5,5.0,5,1,100.0,0,1,5.017279836814924,False,False,8.184540980591981
1,1.0,3.0,2,45,98.0,1,1,5.707110264748875,False,False,38.269765430538385
0,1.0,1.0,1,8,91.0,1,1,3.9318256327243257,True,False,0.2569192709413662
0,1.0,1.0,1,6,100.0,0,2,4.394449154672439,True,False,7.751120657622369
0,1.0,1.0,2,3,100.0,0,1,4.02535169073515,True,False,7.626056728518783
0,1.0,1.0,2,14,100.0,0,1,4.875197323201151,False,False,2.4974049424942835
0,1.0,1.0,1,15,96.0,1,50,4.787491742782046,False,False,0.9088328624490867
0,2.0,2.0,3,29,92.0,1,1,4.948759890378168,False,False,2.935650302282272
0,1.0,2.0,1,3,93.0,1,1,4.394449154672439,False,False,2.009415238690659
0,1.5,2.0,1,3,93.0,1,1,3.9318256327243257,True,False,10.825572046639184
0,1.0,2.0,2,7,100.0,0,1,5.198497031265826,False,False,51.21025498689204
0,1.0,1.0,2,3,100.0,0,4,4.110873864173311,True,False,11.870267658802298
1,2.0,1.0,1,11,98.0,1,1,4.394449154672439,True,False,9.306390644719226
0,1.0,4.0,1,65,95.0,1,1,3.8501476017100584,True,False,28.040179442468514
0,2.5,5.0,2,93,92.0,1,1,5.298317366548036,False,False,14.407414279292832
0,2.0,5.0,3,17,88.0,1,35,5.5093883366279774,False,False,5.1990500751035675
0,1.0,1.0,2,5,100.0,0,1,4.02535169073515,True,False,9.73351748522384
0,1.0,5.0,2,8,100.0,0,42,5.25227342804663,False,False,4.662240025534331
0,1.0,1.0,2,2,100.0,0,1,3.4965075614664802,True,False,7.032810691477137
1,1.0,1.0,1,28,97.0,0,1,3.58351893845611,True,False,8.724322526541007
1,2.0,3.0,2,42,98.0,1,3,5.480638923341991,False,False,33.71575951003846
0,1.0,2.0,30,2,80.0,0,1,5.111987788356544,False,False,1.5822017066688023
1,1.0,1.0,1,119,98.0,0,1,5.111987788356544,False,False,50.35553599627192
0,1.0,1.0,1,26,89.0,1,8,4.795790545596741,False,False,0.404628012810707
0,1.0,1.0,1,10,94.0,1,2,4.248495242049359,True,False,0.5585651230389536
0,1.0,1.0,1,1,80.0,1,4,4.02535169073515,True,False,19.60191587345928
0,3.5,6.0,2,3,100.0,0,3,6.253828811575473,False,False,1.5929048202348228
0,2.5,7.0,2,11,94.0,0,1,4.795790545596741,False,False,17.918053050182674
1,1.0,2.0,1,2,80.0,0,3,4.442651256490317,True,False,0.6896323977654361
0,4.0,7.0,3,30,91.0,1,30,6.3818160174060985,False,False,5.772073622144888
1,1.0,1.0,1,29,99.0,1,3,6.111467339502679,False,False,43.86553170088043
0,1.0,2.0,1,7,91.0,1,4,4.51085950651685,False,False,9.826567804200447
1,1.0,1.0,1,16,98.0,1,2,4.61512051684126,True,False,1.125195421655934
1,1.0,1.0,2,60,96.0,1,2,4.836281906951478,False,False,53.81364650361087
0,1.0,1.0,1,3,93.0,0,1,3.9318256327243257,True,False,8.741682903615661
0,1.0,2.0,1,1,100.0,0,1,5.529429087511423,False,False,4.377083344274495
0,1.0,1.0,3,8,90.0,1,1,4.574710978503383,False,False,0.7291617330546297
0,1.0,2.0,2,1,100.0,1,1,4.02535169073515,True,False,5.390902498739541
1,1.5,1.0,1,32,99.0,0,3,3.713572066704308,True,False,44.19070569955097
1,1.0,1.0,1,15,100.0,0,2,3.713572066704308,True,False,17.762481071810896
1,2.0,5.0,1,62,96.0,1,3,5.198497031265826,False,False,0.8409445417670802
0,1.0,1.0,14,1,100.0,1,7,3.9512437185814275,True,False,4.5546158088525175
0,1.0,2.0,1,4,85.0,0,17,4.110873864173311,True,False,2.1348023278574213
1,1.0,1.0,4,42,99.0,0,1,4.795790545596741,False,False,1.9409136806806133
0,1.0,1.0,1,1,100.0,1,2,4.110873864173311,True,False,0.8507286661104916
0,1.0,1.0,28,4,100.0,0,2,4.61512051684126,False,False,5.323051484735312
0,1.0,5.0,2,8,95.0,1,15,5.093750200806762,False,False,18.32386822418818
0,1.0,1.0,1,22,86.0,1,9,5.991464547107982,False,False,5.039525455326565
0,1.0,1.0,5,1,100.0,1,1,4.836281906951478,False,False,0.738475593703422
0,2.0,5.0,2,47,96.0,1,9,5.993961427306569,False,False,1.0262896289900882
1,1.0,3.0,2,1,80.0,0,3,5.62040086571715,False,False,6.590025257637396
0,1.0,1.0,2,7,97.0,1,1,4.189654742026425,True,False,1.627996853371619
0,2.0,4.0,1,3,93.0,0,3,5.560681631015528,False,False,46.94292141794521
0,1.0,1.0,5,7,91.0,0,21,4.875197323201151,False,False,5.448639399619655
0,1.0,1.0,2,5,100.0,0,1,3.4339872044851463,True,False,9.017480916889449
0,1.0,1.0,1,8,100.0,0,2,3.8918202981106265,True,False,4.6303494560833505
0,1.0,2.0,2,40,93.0,0,4,5.5053315359323625,False,False,2.345419855203651
0,1.0,5.0,2,15,97.0,0,1,5.655991810819852,False,False,51.80782906858239
0,1.0,1.0,2,58,84.0,0,1,4.795790545596741,False,False,0.9041310192366736
0,1.0,2.0,5,1,100.0,0,1,4.875197323201151,False,False,6.588799936791913
0,1.0,2.0,1,56,95.0,1,50,4.74493212836325,False,False,0.7832253618942316
0,3.0,3.0,2,10,96.0,0,1,5.093750200806762,False,False,3.1282226132304873
1,5.0,8.0,1,60,95.0,0,1,4.948759890378168,False,False,35.677633465018836
1,2.0,5.0,2,32,99.0,0,1,5.043425116919247,False,False,32.48439030181085
0,2.0,5.0,1,2,100.0,1,13,5.564520407322694,False,False,0.8505079592873522
0,1.0,3.0,1,103,91.0,1,33,5.017279836814924,False,False,0.43739507211107564
0,1.0,1.0,4,3,87.0,1,2,4.7535901911063645,False,False,2.7971668549821116
0,1.0,2.0,6,20,97.0,0,1,4.875197323201151,False,False,0.2615418047317873
0,1.0,1.0,3,1,100.0,0,1,4.836281906951478,False,False,2.656140176217743
0,1.0,1.0,3,2,80.0,0,1,3.8066624897703196,True,False,7.549528407237163
1,2.0,3.0,2,38,99.0,0,1,5.351858133476067,False,False,4.811983345785679
0,1.5,3.0,2,64,93.0,1,2,4.948759890378168,False,False,16.870139787621298
0,1.0,2.0,1,3,100.0,1,10,4.394449154672439,True,False,2.846205565354155
1,1.0,1.0,1,200,96.0,0,1,4.700480365792417,False,False,0.9629816676223002
0,1.0,1.0,1,2,100.0,0,1,4.382026634673881,True,False,5.859374350131503
0,1.0,2.0,2,1,100.0,1,12,4.875197323201151,False,False,2.132881923306877
0,1.0,2.0,2,2,100.0,0,1,5.017279836814924,False,False,4.856156231280472
1,1.0,4.0,1,32,96.0,1,4,5.480638923341991,False,False,52.69529147210799
0,1.5,1.0,1,1,100.0,0,1,3.8501476017100584,True,False,27.74151699521192
0,1.0,2.0,4,40,95.0,0,1,4.867534450455582,False,False,4.9524746793272305
0,1.0,1.0,4,3,100.0,0,1,4.330733340286331,False,False,6.262979748494314
0,2.0,2.0,1,1,100.0,1,8,6.396929655216146,False,False,2.0068884057192826
0,2.0,1.0,1,2,100.0,0,1,4.574710978503383,True,False,2.23694804034779
0,2.0,5.0,2,12,100.0,1,1,5.017279836814924,False,False,10.752525204274413
0,1.0,1.0,3,1,100.0,0,1,4.919980925828125,True,False,19.121963713903106
0,1.0,4.0,1,69,91.0,1,1,5.087596335232384,False,False,1.9068757542349188
0,1.0,2.0,2,1,100.0,1,7,4.189654742026425,True,False,8.340590004596134
0,1.0,2.0,3,1,100.0,0,1,5.529429087511423,False,False,0.9895599035270021
0,1.0,1.0,1,1,100.0,1,1,4.394449154672439,True,False,3.809328736597435
0,1.0,1.0,2,13,100.0,0,1,5.231108616854587,False,False,7.530430653535894
1,1.0,3.0,2,122,98.0,0,1,5.087596335232384,False,False,35.65210421036401
0,1.0,3.0,3,5,100.0,0,3,5.017279836814924,False,False,0.7359960888510637
0,1.0,4.0,5,3,100.0,0,1,5.298317366548036,False,False,2.316120853207991
0,1.0,2.0,1,44,88.0,0,4,4.795790545596741,False,False,0.8265496805315766
1,2.0,3.0,2,76,100.0,1,3,3.784189633918261,True,False,1.7978708988878265
1,2.0,4.0,2,16,94.0,1,38,5.638354669333745,False,False,0.5263199775494096
1,2.5,4.0,2,70,98.0,0,1,6.523562306149512,False,False,1.5679060472450708
0,2.0,6.0,2,23,100.0,0,1,5.480638923341991,False,False,64.45799828185189
0,1.0,2.0,2,1,100.0,0,1,5.940171252720432,False,False,4.0111647826280565
1,1.0,1.0,2,17,99.0,0,1,4.795790545596741,True,False,6.370704052662766
0,1.0,2.0,1,83,92.0,1,1,3.8918202981106265,True,False,0.45308355214278456
1,2.5,1.0,3,21,95.0,1,2,4.189654742026425,True,False,4.083755111843011
0,1.0,1.0,3,2,100.0,0,1,4.867534450455582,False,False,6.362697707943383
0,2.0,3.0,1,9,100.0,1,1,4.875197323201151,False,False,6.6956068073932
1,1.0,4.0,4,42,98.0,0,1,5.017279836814924,False,False,6.5849731015551365
0,1.0,1.0,2,13,97.0,0,2,4.248495242049359,True,False,16.151022712065018
0,1.0,2.0,2,5,88.0,0,1,4.700480365792417,False,False,4.495283364849025
0,1.0,1.0,2,14,99.0,1,1,4.61512051684126,False,False,5.781816826109701
0,1.0,1.0,2,39,95.0,1,1,4.663439094112067,False,False,5.659583555350246
1,1.0,2.0,2,48,96.0,0,3,5.017279836814924,False,False,2.439015540706949
0,1.0,1.0,2,2,90.0,0,1,4.553876891600541,False,False,4.869129794130486
0,2.0,2.0,2,1,100.0,1,4,6.089044875446846,False,False,27.997922907540648
0,1.0,1.0,2,27,85.0,0,50,4.787491742782046,False,False,1.4712673005955788
1,1.0,2.0,6,7,97.0,0,9,4.919980925828125,False,False,4.030436918467722
0,2.0,3.0,2,95,93.0,1,1,4.852030263919617,False,False,11.19167626596168
0,1.0,4.0,2,3,93.0,0,2,4.61512051684126,False,False,5.617378070940982
0,1.0,1.0,1,21,90.0,1,3,4.189654742026425,True,False,4.53936811703434
0,2.5,1.0,1,11,95.0,1,16,4.110873864173311,True,False,2.7925492942116517
0,1.0,3.0,1,15,99.0,1,1,4.61512051684126,False,False,2.075675198789291
0,1.0,2.0,2,15,77.0,1,3,4.276666119016055,True,False,10.29980828295084
0,2.0,2.0,1,59,88.0,0,26,5.19295685089021,False,False,0.40404549442194626
0,1.0,1.0,2,17,96.0,0,1,4.9344739331306915,False,False,9.780162590572623
0,1.0,3.0,1,33,95.0,1,6,4.9344739331306915,False,False,0.252822489578692
0,1.0,1.0,1,119,96.0,1,29,4.61512051684126,False,False,0.8903614384024169
1,1.0,2.0,3,37,91.0,0,17,4.867534450455582,False,False,2.8392454437894545
1,1.5,2.0,2,38,95.0,0,1,4.852030263919617,False,False,5.890009481286456
0,1.0,1.0,1,7,94.0,1,1,5.017279836814924,True,False,3.7914878258962323
0,1.0,2.0,2,15,95.0,1,4,4.7535901911063645,False,False,0.6705252799532072
0,1.0,1.0,2,55,96.0,0,1,4.61512051684126,True,False,4.284821113734814
0,1.0,1.0,3,12,92.0,1,1,3.6375861597263857,True,False,17.192081364649688
1,1.0,4.0,1,171,99.0,1,2,4.919980925828125,False,False,35.487118876173
0,1.5,3.0,1,30,93.0,1,1,4.584967478670572,False,False,14.143028556832565
0,1.0,1.0,2,5,100.0,0,1,4.330733340286331,True,False,3.3277085829835062
1,1.0,1.0,7,10,98.0,0,3,4.836281906951478,False,False,4.828669367255836
1,1.0,1.0,1,21,100.0,0,1,4.875197323201151,False,False,0.9696401442103371
1,2.0,5.0,2,16,98.0,1,3,5.638354669333745,False,False,1.6630754051702323
0,1.0,1.0,1,2,90.0,1,16,5.424950017481403,False,False,7.411631722193256
0,1.0,2.0,2,69,96.0,1,1,5.3471075307174685,False,False,63.37883608497444
0,1.0,4.0,1,1,60.0,1,1,4.59511985013459,False,False,0.5070313214349341
0,2.0,1.0,4,1,100.0,1,1,3.258096538021482,True,False,8.914708502316465
1,1.5,3.0,1,32,99.0,0,1,5.14166355650266,False,False,35.43226029543861
0,1.0,1.0,1,1,100.0,0,2,4.276666119016055,True,False,0.5617656554549258
0,1.0,1.0,7,1,100.0,0,50,4.276666119016055,True,False,5.503585521625135
0,5.0,7.0,2,17,96.0,0,1,6.68586094706836,False,False,54.46594917799744
